{
"type": "FeatureCollection",
"name": "Tucson_Police_-_Divisions_(TPD_DIVISIONS)",
"crs": { "type": "name", "properties": { "name": "urn:ogc:def:crs:OGC:1.3:CRS84" } },
"features": [
{ "type": "Feature", "properties": { "OBJECTID": 1, "INITIALS": "ODE", "DIVISION": "Operations Division East", "DATASOURCE": "TPD_DIVISIONS", "SUM_AREA_SQMI": 119.59844147, "SUM_AREA_SQFT": 3334199853.6442132, "SUM_AREA_ACRE": 76543.002536340005, "SUM_PERIMETER": 130.15887919, "DIVISION_NO": "T4", "ShapeSTArea": 3353160922.3428183, "ShapeSTLength": 687264.66197821568 }, "geometry": { "type": "MultiPolygon", "coordinates": [ [ [ [ -110.869665567012873, 32.273953395665366 ], [ -110.870101707841201, 32.273848770608687 ], [ -110.870567305911663, 32.27376206976566 ], [ -110.872498329952691, 32.273583784411315 ], [ -110.873171758134802, 32.273542536975917 ], [ -110.873872935117703, 32.273541989073635 ], [ -110.874737507481385, 32.273574791509439 ], [ -110.87482381123408, 32.27361372752393 ], [ -110.874819674149194, 32.273425712604492 ], [ -110.874814628528696, 32.273196363970193 ], [ -110.875101304346174, 32.273196640987869 ], [ -110.875347745702854, 32.273196878690761 ], [ -110.875313826320465, 32.269923272474131 ], [ -110.87530535830048, 32.269106006140063 ], [ -110.875303677076005, 32.268943661465357 ], [ -110.875302497804853, 32.268829924759501 ], [ -110.875052453635064, 32.268847846865363 ], [ -110.875052449749433, 32.268847350839032 ], [ -110.875051666456386, 32.268765222154791 ], [ -110.875050945587404, 32.268689614054772 ], [ -110.875047147189335, 32.268292418444226 ], [ -110.875044908747299, 32.268058388054861 ], [ -110.875044415827986, 32.268006863704748 ], [ -110.875044179720931, 32.267982192802499 ], [ -110.875044172722838, 32.267981411779147 ], [ -110.875044170898775, 32.267981292725466 ], [ -110.875044162314794, 32.267980929226077 ], [ -110.875044050868667, 32.267976841313555 ], [ -110.87504374251877, 32.267965461562056 ], [ -110.875041917100347, 32.267898181557442 ], [ -110.875039821677731, 32.267820903686349 ], [ -110.875038071950385, 32.26775638203317 ], [ -110.875030685244568, 32.267484022908391 ], [ -110.875028644044079, 32.267408781762079 ], [ -110.875028595447048, 32.267406996683306 ], [ -110.875028749379283, 32.267403463767359 ], [ -110.875029129470221, 32.267394721168351 ], [ -110.875029434820505, 32.267387689584432 ], [ -110.875029746867966, 32.267380536311663 ], [ -110.875029924250441, 32.267376437253709 ], [ -110.875032489123782, 32.267317489182958 ], [ -110.875032909973683, 32.267307780181788 ], [ -110.875033158716761, 32.267302080101324 ], [ -110.87505704088322, 32.266752935288999 ], [ -110.875057056688291, 32.266752573794292 ], [ -110.875059911589588, 32.266686908736773 ], [ -110.87506039666161, 32.266675758273017 ], [ -110.875060405594382, 32.266675533796459 ], [ -110.875060975851, 32.266661850856309 ], [ -110.875063680795336, 32.266596768932651 ], [ -110.875064186790254, 32.266584623045148 ], [ -110.875064649367744, 32.266573490431831 ], [ -110.875085381630768, 32.266074820828685 ], [ -110.87508820907108, 32.266006816246289 ], [ -110.875088575143636, 32.265997998679381 ], [ -110.875088588547669, 32.26599766151368 ], [ -110.875088629717425, 32.265996473270022 ], [ -110.875089138186951, 32.265981322576749 ], [ -110.875090071065642, 32.265953548265216 ], [ -110.875091034563127, 32.265924858870726 ], [ -110.875113692725463, 32.265250120713944 ], [ -110.875116193842842, 32.265175648367098 ], [ -110.875116279301594, 32.26517309154351 ], [ -110.875116288089401, 32.265172786804769 ], [ -110.875116288293611, 32.265172304339018 ], [ -110.875116262091026, 32.265164191455504 ], [ -110.875116083971221, 32.265110747023165 ], [ -110.875113156394391, 32.264227953494846 ], [ -110.87511304362495, 32.264193689255507 ], [ -110.875112954109838, 32.264166774044675 ], [ -110.875112906974252, 32.264152595423759 ], [ -110.875112901001444, 32.26415088825113 ], [ -110.875112901897523, 32.264150809801187 ], [ -110.875112919346876, 32.264149653826678 ], [ -110.875112958180495, 32.264147090305521 ], [ -110.875113328737783, 32.264122732809859 ], [ -110.875117001316966, 32.263881208288552 ], [ -110.875117247305283, 32.263865061632657 ], [ -110.875117511834318, 32.263847663419448 ], [ -110.875117861754788, 32.263824647643446 ], [ -110.875118099955216, 32.263808996917852 ], [ -110.875118165065317, 32.263804783303733 ], [ -110.875118174263633, 32.263804163837129 ], [ -110.875118172047635, 32.263803986162586 ], [ -110.875118161419536, 32.26380277945519 ], [ -110.875118090291451, 32.263794882633576 ], [ -110.875114083517616, 32.263353889577466 ], [ -110.875113722062466, 32.263314078062074 ], [ -110.875113424148751, 32.263281340856736 ], [ -110.875113398243656, 32.263278498142562 ], [ -110.875113381956169, 32.263276671845901 ], [ -110.875113363035325, 32.263271173363108 ], [ -110.875108040102802, 32.261684519765865 ], [ -110.875107952800732, 32.261658617294238 ], [ -110.87510791216728, 32.2616464704967 ], [ -110.875107854446696, 32.261629222025981 ], [ -110.875107791432725, 32.261610392640712 ], [ -110.875107781464507, 32.261607269594698 ], [ -110.875107781051653, 32.261607119891025 ], [ -110.875107804655613, 32.261604867367318 ], [ -110.875108526710491, 32.261534584540421 ], [ -110.875109723707624, 32.261418256565769 ], [ -110.875110426982303, 32.26134989623835 ], [ -110.875110468906371, 32.261345853775111 ], [ -110.875110516401563, 32.26134123059289 ], [ -110.875110520851521, 32.261341026820794 ], [ -110.875110560757903, 32.261339391268663 ], [ -110.875111093197731, 32.261317119177455 ], [ -110.875115556424277, 32.261130583454772 ], [ -110.875124218604256, 32.26076856328492 ], [ -110.875125491549142, 32.260715370662815 ], [ -110.875126064469782, 32.260691411618652 ], [ -110.875126082815484, 32.260690641625104 ], [ -110.875126196180645, 32.260688707277936 ], [ -110.875126746028272, 32.260679314061086 ], [ -110.875128026443704, 32.260657435011012 ], [ -110.875138134091472, 32.260484708315794 ], [ -110.875193112542632, 32.2595452006803 ], [ -110.8751972742606, 32.25947407323833 ], [ -110.875197709265834, 32.259466649525216 ], [ -110.875197746187595, 32.259466018563266 ], [ -110.875197749720712, 32.259465895044549 ], [ -110.875197795023681, 32.259464437192769 ], [ -110.875197952873236, 32.259459350487326 ], [ -110.87519863486871, 32.259437360986446 ], [ -110.875213999364931, 32.258941985028166 ], [ -110.875215570004286, 32.258891338847356 ], [ -110.875215892382698, 32.258880951761761 ], [ -110.87521625830172, 32.258869168132698 ], [ -110.875216456650193, 32.258862765119218 ], [ -110.87521646357213, 32.25886253070589 ], [ -110.875216704608576, 32.258855084651152 ], [ -110.875217574944898, 32.258828125026803 ], [ -110.875225284600276, 32.258589504944943 ], [ -110.875244141352468, 32.258005831799068 ], [ -110.875246155391665, 32.257943489191767 ], [ -110.875246594796522, 32.257929916075199 ], [ -110.87524663734753, 32.257928606097053 ], [ -110.875246637965276, 32.257928551993579 ], [ -110.875246685720555, 32.257923347143951 ], [ -110.875256217828678, 32.256891634047243 ], [ -110.875256282843679, 32.256884545459087 ], [ -110.875256365112364, 32.256875759807755 ], [ -110.875256492898572, 32.256861872093729 ], [ -110.875256757169581, 32.256833241821937 ], [ -110.87525675810646, 32.25683315976498 ], [ -110.87525682603561, 32.256825908875108 ], [ -110.875256882775076, 32.256819823932581 ], [ -110.875256928448437, 32.256814894116751 ], [ -110.875256930733286, 32.256814601047502 ], [ -110.875256980991253, 32.256810942820842 ], [ -110.875257246221011, 32.25679143075228 ], [ -110.875257652997206, 32.256761473289636 ], [ -110.875264829582221, 32.256234035211676 ], [ -110.875267204719506, 32.256059465362803 ], [ -110.875268067801301, 32.255996046406679 ], [ -110.875268252968368, 32.255982430608491 ], [ -110.875268827723701, 32.255939060109135 ], [ -110.875278172126059, 32.255233707373186 ], [ -110.875278174412273, 32.2552336000767 ], [ -110.875278236134875, 32.255228937327615 ], [ -110.875278381170233, 32.255217999571691 ], [ -110.875278560098536, 32.255204464883249 ], [ -110.875278804806072, 32.255186005052479 ], [ -110.875279043449112, 32.255167983451145 ], [ -110.875279193920392, 32.255156662470803 ], [ -110.875279244944281, 32.255152657954554 ], [ -110.875282365546951, 32.254907667390249 ], [ -110.875288953998137, 32.254390327284391 ], [ -110.875289041989888, 32.254383456219017 ], [ -110.875289208974522, 32.254370316423021 ], [ -110.875289932588615, 32.25431353091507 ], [ -110.87528993544008, 32.254313281137279 ], [ -110.875290210943476, 32.254299466780139 ], [ -110.875303071889064, 32.253654235854626 ], [ -110.875303656183362, 32.253624898482009 ], [ -110.875304406357586, 32.253587258610871 ], [ -110.875304575656486, 32.25357874962625 ], [ -110.875304607444619, 32.25357717352454 ], [ -110.875304615968673, 32.253576519782612 ], [ -110.875304706866658, 32.253570137521301 ], [ -110.875304976902854, 32.253551037609434 ], [ -110.875313968471389, 32.252915547625257 ], [ -110.875313975245305, 32.252915047176543 ], [ -110.875314822978737, 32.252855100030821 ], [ -110.875315048566776, 32.252838498666044 ], [ -110.8753152373029, 32.252824939704439 ], [ -110.875315555979014, 32.252800834243814 ], [ -110.875315978360959, 32.2527688523273 ], [ -110.875316373668312, 32.252738963288564 ], [ -110.875317660337601, 32.252641585624175 ], [ -110.8753178166683, 32.252629749754043 ], [ -110.875323682038299, 32.252186011046568 ], [ -110.875323770898277, 32.2521793419914 ], [ -110.875323905031294, 32.252169171580725 ], [ -110.875324078508498, 32.252156019208286 ], [ -110.875324264926661, 32.252142012026489 ], [ -110.875324522094473, 32.252122457491964 ], [ -110.875324526336101, 32.252122178867602 ], [ -110.875324689200028, 32.252109863287366 ], [ -110.875324701512213, 32.252108970596815 ], [ -110.875324706377896, 32.252108265421413 ], [ -110.875324868848679, 32.252086780232517 ], [ -110.875333455339799, 32.250951481875781 ], [ -110.87533433802875, 32.250834820149834 ], [ -110.875334920486026, 32.25075775714356 ], [ -110.875334935433642, 32.250755796731148 ], [ -110.8753355218618, 32.250678478544359 ], [ -110.875337735196368, 32.250599200605528 ], [ -110.875372789460499, 32.24934327212133 ], [ -110.875374150443434, 32.249294502604165 ], [ -110.875374658790435, 32.249276274890661 ], [ -110.875374937049784, 32.249266305865156 ], [ -110.875416078597709, 32.247806839893435 ], [ -110.87541666182257, 32.247786140027472 ], [ -110.875417151910554, 32.247768766173685 ], [ -110.875417817510723, 32.247745125279884 ], [ -110.875418223450964, 32.247730754664033 ], [ -110.875418246845669, 32.247729913467403 ], [ -110.875418258224613, 32.247729567265864 ], [ -110.875418735968466, 32.24771448390949 ], [ -110.875419224535335, 32.247699103044674 ], [ -110.875419651913987, 32.247685643434274 ], [ -110.875424675861012, 32.247527341298543 ], [ -110.875428870664862, 32.247395200168988 ], [ -110.875447871416895, 32.246796548955814 ], [ -110.875448299050774, 32.24678306589837 ], [ -110.875449867617519, 32.246733670410649 ], [ -110.875450754207591, 32.246705726088734 ], [ -110.875450760055756, 32.246705492567905 ], [ -110.875470831144895, 32.245922326951742 ], [ -110.875471950792019, 32.245878605559469 ], [ -110.875472761880843, 32.245846953266295 ], [ -110.875472805144597, 32.245845300603257 ], [ -110.875472844592451, 32.24584407536716 ], [ -110.875472986628864, 32.245839625198521 ], [ -110.875473203977805, 32.245832852585345 ], [ -110.875473393576129, 32.245826931053067 ], [ -110.875473841659698, 32.245812956674932 ], [ -110.875515674792354, 32.244508048865427 ], [ -110.875516246734691, 32.244490192305747 ], [ -110.87551683325681, 32.244471894880483 ], [ -110.875517744212218, 32.244443483610461 ], [ -110.875518125997672, 32.244431598179304 ], [ -110.875518149298514, 32.244430857984305 ], [ -110.875518334270325, 32.244422644008409 ], [ -110.875524226811464, 32.244161005883193 ], [ -110.875532903534236, 32.243775771298246 ], [ -110.875533133395194, 32.243765575510103 ], [ -110.875533841249165, 32.243734130673523 ], [ -110.875537523288344, 32.243570622941476 ], [ -110.875538634690386, 32.243521291295806 ], [ -110.875539275255861, 32.243492860658854 ], [ -110.875539723721829, 32.243472990235773 ], [ -110.875540373377007, 32.243444227806918 ], [ -110.875539128021629, 32.243395640574711 ], [ -110.875537076105729, 32.243315531996068 ], [ -110.875524765470814, 32.242835087025597 ], [ -110.875513252664476, 32.24238581700331 ], [ -110.875511388628581, 32.242313052509807 ], [ -110.87551021886982, 32.242267420226732 ], [ -110.875508654415881, 32.242206344776022 ], [ -110.875507190098475, 32.242149234513327 ], [ -110.875505803373713, 32.24209508914403 ], [ -110.87550430900194, 32.242036799965071 ], [ -110.875503133710637, 32.241990908814564 ], [ -110.875502858445998, 32.241980157854499 ], [ -110.875500832697639, 32.241901106397435 ], [ -110.875500474542534, 32.241887110938031 ], [ -110.87549948982344, 32.241848698276542 ], [ -110.875498822524719, 32.24182264304892 ], [ -110.875498203587725, 32.241798487434913 ], [ -110.875497820489528, 32.241783516009605 ], [ -110.87549762506535, 32.24177590491319 ], [ -110.875497254934146, 32.241761471074419 ], [ -110.875496896491484, 32.241747500863035 ], [ -110.875496524216402, 32.24173297592354 ], [ -110.875496140571784, 32.241717959403026 ], [ -110.875495897425438, 32.241708485672383 ], [ -110.875495740395237, 32.241702345746958 ], [ -110.875494428516973, 32.241651127369387 ], [ -110.875493802159994, 32.241626692131995 ], [ -110.87549376824964, 32.241625386029362 ], [ -110.875493762384835, 32.24162515601909 ], [ -110.875493743951708, 32.241623516373721 ], [ -110.875493663249301, 32.241616545606867 ], [ -110.875493323157258, 32.241586829014054 ], [ -110.875491516198338, 32.241429164829107 ], [ -110.875489610554723, 32.241262850551763 ], [ -110.87548758149174, 32.241085775738213 ], [ -110.875486375967597, 32.240980495523743 ], [ -110.875484295873449, 32.240798964430461 ], [ -110.875483696803315, 32.240746651709259 ], [ -110.875483616470845, 32.240739648479313 ], [ -110.875483557685484, 32.240734477006527 ], [ -110.875483539190526, 32.24073284277128 ], [ -110.875483444283674, 32.240724605742791 ], [ -110.875483417630122, 32.240722291474313 ], [ -110.875483413049736, 32.240721855861509 ], [ -110.875483412137243, 32.240721470780372 ], [ -110.875483406813586, 32.240719612102566 ], [ -110.875482956514304, 32.240561616387495 ], [ -110.875482887734876, 32.240537229929373 ], [ -110.875482812670526, 32.240510789994005 ], [ -110.875482754861565, 32.240490371597822 ], [ -110.875482707774992, 32.240473850018489 ], [ -110.875482663818204, 32.240458542303529 ], [ -110.87548260992358, 32.240439455013586 ], [ -110.875482159361823, 32.240281202273252 ], [ -110.87548172896679, 32.240129738534527 ], [ -110.875481432659157, 32.240025026723764 ], [ -110.875481149350946, 32.239925686209723 ], [ -110.875481018088308, 32.239879523183966 ], [ -110.875480944580175, 32.239853411518283 ], [ -110.875480878761863, 32.239830253349652 ], [ -110.875480819810505, 32.239809469708121 ], [ -110.875480809681093, 32.2398059859255 ], [ -110.875480800505386, 32.239802883617159 ], [ -110.875480799849967, 32.239802475992775 ], [ -110.875480809000535, 32.239802045903943 ], [ -110.875480830677063, 32.239800982846369 ], [ -110.875481032302233, 32.239791121391583 ], [ -110.875482034384461, 32.239742064771264 ], [ -110.875482944849423, 32.239697504731431 ], [ -110.875483794812567, 32.239655922877319 ], [ -110.875484536557025, 32.239619641883223 ], [ -110.875484802664815, 32.23960663904689 ], [ -110.875485064469842, 32.239593827359187 ], [ -110.87548517501331, 32.239588415595179 ], [ -110.875486322225726, 32.23953230980382 ], [ -110.875497507652653, 32.238985118465919 ], [ -110.875498490262402, 32.238937022108509 ], [ -110.875498864166559, 32.238918754478867 ], [ -110.875499082818919, 32.23890805087057 ], [ -110.875499094223315, 32.238907516190061 ], [ -110.875499131666672, 32.238898094367073 ], [ -110.87550129210203, 32.238355309714635 ], [ -110.87550172143446, 32.238247346509048 ], [ -110.875501805140189, 32.238226426962441 ], [ -110.875501898089937, 32.238203301659603 ], [ -110.875501980336281, 32.238182603044784 ], [ -110.875502365064833, 32.238086084366017 ], [ -110.875502559354402, 32.238037237511378 ], [ -110.875502668176395, 32.238009836847489 ], [ -110.875502672024183, 32.238008941379789 ], [ -110.87550267051418, 32.238007957490332 ], [ -110.875502663984065, 32.238003041658786 ], [ -110.87550149831759, 32.237188769627004 ], [ -110.875501497836609, 32.237188346673101 ], [ -110.875501496772515, 32.237188160891037 ], [ -110.875501396488062, 32.237111556527836 ], [ -110.875501360503009, 32.237083269087307 ], [ -110.875501214057437, 32.236929500778082 ], [ -110.875500933054582, 32.236635339024829 ], [ -110.875500766993667, 32.236461520550343 ], [ -110.875500721777726, 32.236414227336368 ], [ -110.875500650552851, 32.23633935287959 ], [ -110.875500576004583, 32.236261792797428 ], [ -110.875500564118553, 32.236249252998903 ], [ -110.875500490676714, 32.236172060864206 ], [ -110.875500290465624, 32.236100773653277 ], [ -110.875500030488539, 32.236008492658911 ], [ -110.875499637654102, 32.235868508300392 ], [ -110.875499024270198, 32.235650553223714 ], [ -110.875498956975534, 32.235626684399818 ], [ -110.875498894517534, 32.235604345089556 ], [ -110.87549883211571, 32.235582279930647 ], [ -110.875498736876722, 32.235548395347323 ], [ -110.875498663769733, 32.235522617338219 ], [ -110.875498601544464, 32.235500071514451 ], [ -110.875498550013106, 32.235481797664292 ], [ -110.875498507817071, 32.235467263707221 ], [ -110.875498469281169, 32.235453525178869 ], [ -110.87549842519762, 32.235437668247322 ], [ -110.875498379386798, 32.235421404584073 ], [ -110.875498350649025, 32.235411365371036 ], [ -110.875498330404497, 32.235404023549037 ], [ -110.875498286704527, 32.235388319026832 ], [ -110.875498206534346, 32.23535981117255 ], [ -110.875498129362143, 32.235332528906014 ], [ -110.875498081537827, 32.23531541842403 ], [ -110.875498012113297, 32.235290619812702 ], [ -110.875497994482998, 32.235284351168943 ], [ -110.875497989601655, 32.235282639488645 ], [ -110.875497975804734, 32.235280593162436 ], [ -110.875497939373275, 32.23527532176837 ], [ -110.87549765923545, 32.235234577376126 ], [ -110.875497246928362, 32.235174628699546 ], [ -110.875497107477841, 32.235154295286172 ], [ -110.875496879374069, 32.235121082358063 ], [ -110.875496495617909, 32.235065235358945 ], [ -110.875495879462065, 32.234975621682239 ], [ -110.875495338420265, 32.234896911536651 ], [ -110.875494849765587, 32.234825887970011 ], [ -110.875494368306079, 32.234755814972331 ], [ -110.875493935308043, 32.234692749456734 ], [ -110.875493393424634, 32.234613833687568 ], [ -110.875492934424386, 32.234547093971941 ], [ -110.87549238490783, 32.234467079730408 ], [ -110.875492286814051, 32.234452795112638 ], [ -110.875492008406653, 32.234412363658549 ], [ -110.87549175743591, 32.234375852609624 ], [ -110.875491742976791, 32.234374236442278 ], [ -110.875491201453713, 32.234314732188686 ], [ -110.875490807366674, 32.234271512277843 ], [ -110.875490795414805, 32.23427014142419 ], [ -110.875490440739384, 32.234231187411481 ], [ -110.875490047651141, 32.234187972919187 ], [ -110.875489692696036, 32.23414895036592 ], [ -110.875489226065469, 32.23409767125856 ], [ -110.87548866678911, 32.234036188279255 ], [ -110.875488230726674, 32.233988275889523 ], [ -110.875487642812104, 32.233923722001123 ], [ -110.875487009857039, 32.233854093241121 ], [ -110.875486261026836, 32.23377183183544 ], [ -110.87548573085175, 32.233713564956936 ], [ -110.875484861860954, 32.233618116254149 ], [ -110.87548477021582, 32.233608010687739 ], [ -110.875484167374694, 32.23354178831913 ], [ -110.875483532250271, 32.233471977371025 ], [ -110.87548353182531, 32.233471828568426 ], [ -110.875483481081432, 32.233466323485509 ], [ -110.875483462421627, 32.233464238340751 ], [ -110.875483461412458, 32.233463675601293 ], [ -110.875483455734468, 32.233457196030088 ], [ -110.875483439684459, 32.233440368974215 ], [ -110.875483315394973, 32.233312276272827 ], [ -110.875483277501147, 32.233273827174138 ], [ -110.875482781799604, 32.232764673118858 ], [ -110.875482759389598, 32.232742077112178 ], [ -110.875482732806105, 32.232714264985617 ], [ -110.875482697396649, 32.232678574549347 ], [ -110.875482672769365, 32.232652451534101 ], [ -110.875482658909831, 32.232639060401091 ], [ -110.875482647241995, 32.232626686531006 ], [ -110.875482640811697, 32.232620272785105 ], [ -110.875482630046733, 32.232608843120488 ], [ -110.875482611477082, 32.232590189870649 ], [ -110.875482606845864, 32.232585292988738 ], [ -110.875482578160174, 32.232556362596284 ], [ -110.875482571342516, 32.232549610667284 ], [ -110.875482571474492, 32.232549506058106 ], [ -110.875482561880546, 32.232548114481844 ], [ -110.875482543822017, 32.232545697474613 ], [ -110.875482330617587, 32.232516479687028 ], [ -110.875481931302161, 32.232461715614896 ], [ -110.875481658248901, 32.232424255666096 ], [ -110.875481176338226, 32.232358220055374 ], [ -110.875480518114898, 32.232268011700555 ], [ -110.875479873828951, 32.232179651273981 ], [ -110.875479068895231, 32.232069372763377 ], [ -110.875478458693095, 32.231985745329183 ], [ -110.875477885424942, 32.231907159332557 ], [ -110.875477402610869, 32.231841016393503 ], [ -110.875477193494177, 32.231812463272625 ], [ -110.875477009308739, 32.231787027022634 ], [ -110.875476983909493, 32.231783672069135 ], [ -110.875476967213189, 32.231781414693756 ], [ -110.875476584330741, 32.231728930534096 ], [ -110.875476534065214, 32.23172208085051 ], [ -110.875476445561986, 32.231709931798896 ], [ -110.875476354042362, 32.231697302957912 ], [ -110.875476297344719, 32.231689621749737 ], [ -110.875476125851549, 32.23166604965126 ], [ -110.875476025988803, 32.231652291671566 ], [ -110.875476023032419, 32.231651713585109 ], [ -110.875475846470167, 32.23161630514938 ], [ -110.875475496285887, 32.231546346827564 ], [ -110.875475289509311, 32.231505121448528 ], [ -110.87547506072984, 32.231459312874307 ], [ -110.875474694714029, 32.231386090759074 ], [ -110.87547433284125, 32.231313621691065 ], [ -110.875473665563092, 32.231180199268536 ], [ -110.875473108227155, 32.23106876846046 ], [ -110.875472524215297, 32.230951954508491 ], [ -110.875471904616575, 32.230828026759617 ], [ -110.875471853204573, 32.230817742059585 ], [ -110.875471457403705, 32.23074071133513 ], [ -110.875471420372961, 32.230733352235141 ], [ -110.875470974216142, 32.230665203052133 ], [ -110.875470827244087, 32.230642829661633 ], [ -110.87547046194986, 32.230586848406489 ], [ -110.875470125755513, 32.23053547926299 ], [ -110.87546966051886, 32.230464444118695 ], [ -110.875469240501189, 32.230400236071702 ], [ -110.875468733037167, 32.230322762533945 ], [ -110.875468408004934, 32.230273019449463 ], [ -110.875468054505802, 32.23021898079395 ], [ -110.875467735185183, 32.230170132354402 ], [ -110.875467168414502, 32.230083438187286 ], [ -110.875466556297084, 32.229989834854493 ], [ -110.875466508884614, 32.229982548715029 ], [ -110.875466390254942, 32.229964574600508 ], [ -110.875465819689964, 32.229877282497256 ], [ -110.875465326751439, 32.229801977032018 ], [ -110.875465316865416, 32.229800424930005 ], [ -110.875465316529372, 32.229800082238192 ], [ -110.875464911022803, 32.229729111606822 ], [ -110.875464499960188, 32.22965686035409 ], [ -110.875464430836033, 32.229644686207578 ], [ -110.875464422384525, 32.229643287425581 ], [ -110.87546401538107, 32.229571703547172 ], [ -110.875463608171003, 32.229500137702559 ], [ -110.875463103583854, 32.229411524980257 ], [ -110.875462566660957, 32.229317281068198 ], [ -110.8754618993257, 32.229199862183727 ], [ -110.875461138014714, 32.229066214392105 ], [ -110.875461082830881, 32.22905653928408 ], [ -110.875460740440744, 32.228996408059217 ], [ -110.87546064423897, 32.228979444157709 ], [ -110.87546039967134, 32.228936506809546 ], [ -110.875460397741449, 32.228936303885632 ], [ -110.875460335641293, 32.228925281411286 ], [ -110.875460302303907, 32.228919459029669 ], [ -110.875460294820869, 32.228918626594272 ], [ -110.875460245283151, 32.228913387552417 ], [ -110.875459809101088, 32.228866598783931 ], [ -110.875459741966367, 32.228859460378111 ], [ -110.875459315162914, 32.228814082122639 ], [ -110.875459169665447, 32.228798649995468 ], [ -110.875458508038975, 32.228728274243657 ], [ -110.875457564414603, 32.228627919890833 ], [ -110.875456499140583, 32.228514600966612 ], [ -110.87545613100697, 32.228475428570178 ], [ -110.875455972885746, 32.228458591312929 ], [ -110.875455820533574, 32.228442364630837 ], [ -110.875455780346471, 32.228437608135778 ], [ -110.875455612600234, 32.228413520219263 ], [ -110.875455056393804, 32.228331759035534 ], [ -110.875454728593652, 32.228283559817818 ], [ -110.875454632877108, 32.228269437532632 ], [ -110.875454579206561, 32.228261397423687 ], [ -110.875454513538187, 32.228251804293087 ], [ -110.875454424454844, 32.228238775060369 ], [ -110.875453984564984, 32.228173981551066 ], [ -110.875453736658557, 32.228137663480908 ], [ -110.875453686191378, 32.228130179817057 ], [ -110.875453663271699, 32.228126793318687 ], [ -110.875453631955111, 32.228122189303001 ], [ -110.875453436834434, 32.228093430667855 ], [ -110.875452914158103, 32.228016451171428 ], [ -110.875444860377627, 32.227948730772233 ], [ -110.87543782308741, 32.227889561625673 ], [ -110.875433595319322, 32.227854012477167 ], [ -110.87542290543054, 32.22776412181738 ], [ -110.875418104594388, 32.227723749556866 ], [ -110.875413237866312, 32.227682829352261 ], [ -110.875409111724522, 32.227648138663994 ], [ -110.875408036329034, 32.227627728076676 ], [ -110.875403980436488, 32.227550684294449 ], [ -110.875402766435272, 32.227527635662071 ], [ -110.875401586701997, 32.227505210465075 ], [ -110.8754012203147, 32.22749826438401 ], [ -110.875400566214068, 32.227485846433368 ], [ -110.875399752642466, 32.227470387155357 ], [ -110.875398667894359, 32.227449773582329 ], [ -110.875397975559295, 32.227436614927655 ], [ -110.875396965674071, 32.227417437658495 ], [ -110.875395948885924, 32.227398121453099 ], [ -110.875394543982267, 32.22737143874231 ], [ -110.875394499565701, 32.227370588867991 ], [ -110.875394009398249, 32.227361286229936 ], [ -110.875393807932483, 32.227357461782404 ], [ -110.87539365708551, 32.227354594576113 ], [ -110.875393314457483, 32.227348077052042 ], [ -110.8753930335657, 32.22734275133238 ], [ -110.875392743978139, 32.227337257803697 ], [ -110.875392149317165, 32.22732595408219 ], [ -110.875391824946405, 32.227319789317647 ], [ -110.875391607809789, 32.22731566443705 ], [ -110.875391400203611, 32.227311727212189 ], [ -110.87539130345796, 32.227309884009998 ], [ -110.875387902343746, 32.227245293351309 ], [ -110.875387281524254, 32.227233492514841 ], [ -110.875387268408559, 32.227233247113503 ], [ -110.875387266069225, 32.227233173145507 ], [ -110.875387248919154, 32.227232537225632 ], [ -110.875387182164644, 32.227230110797123 ], [ -110.875384214611231, 32.227122009400695 ], [ -110.875383535142319, 32.227097302226483 ], [ -110.875383525608413, 32.227096928797131 ], [ -110.875381608949624, 32.227027109927946 ], [ -110.875374812825214, 32.226779607099601 ], [ -110.87537378849612, 32.226742251851988 ], [ -110.875372936841174, 32.226711245893057 ], [ -110.87537232379853, 32.226688901114578 ], [ -110.875372021616613, 32.226677906418338 ], [ -110.875371750941156, 32.226668056383176 ], [ -110.875371673859689, 32.226665233071387 ], [ -110.875371672447514, 32.226665170834622 ], [ -110.875371615193131, 32.226663492989502 ], [ -110.87537108720791, 32.226648017124397 ], [ -110.8753697706249, 32.226609403241696 ], [ -110.875369533775483, 32.226602448306984 ], [ -110.875368282043098, 32.226565776563149 ], [ -110.87536801350582, 32.226557878972038 ], [ -110.875367774606872, 32.226550917707684 ], [ -110.875367467745875, 32.226541915079039 ], [ -110.875367228351692, 32.226534904210858 ], [ -110.875367012235927, 32.226528550054773 ], [ -110.875366874695729, 32.226524516010862 ], [ -110.875365083964283, 32.226472031933824 ], [ -110.875365074339641, 32.226471759506794 ], [ -110.875364582124192, 32.22645733364709 ], [ -110.87536438495971, 32.226451550495149 ], [ -110.875364375953765, 32.226451316851175 ], [ -110.875364093480655, 32.226443897106371 ], [ -110.875363190397778, 32.226420192707714 ], [ -110.875362632747439, 32.226405550775269 ], [ -110.875362220439882, 32.226394723810387 ], [ -110.875361660183074, 32.226380031354864 ], [ -110.875361444636951, 32.22637437159986 ], [ -110.875361297594253, 32.226370519643922 ], [ -110.875360841905874, 32.226358565956268 ], [ -110.875354811601341, 32.226200307487069 ], [ -110.875345910474763, 32.225966686037559 ], [ -110.875344968210598, 32.225941952344826 ], [ -110.875343903439344, 32.225914006283915 ], [ -110.87534103336165, 32.225838670366521 ], [ -110.875340935692151, 32.225836350096827 ], [ -110.875340370142965, 32.225823703811862 ], [ -110.875339614355298, 32.225807086175259 ], [ -110.875339484624703, 32.225804228160378 ], [ -110.875339077392084, 32.225795282419803 ], [ -110.875338239218763, 32.225776864985882 ], [ -110.875336734465463, 32.225743775862448 ], [ -110.87533614225606, 32.225730769533946 ], [ -110.875335721567396, 32.225721515262087 ], [ -110.875335625694134, 32.22571940963882 ], [ -110.875333254796388, 32.225667286009738 ], [ -110.875333175964897, 32.225665546663272 ], [ -110.875330091000791, 32.225593239968632 ], [ -110.875329220381261, 32.225572830160104 ], [ -110.875328968394584, 32.225566923909014 ], [ -110.875325993951975, 32.225497206329507 ], [ -110.875322675483631, 32.225419420091967 ], [ -110.875317148517041, 32.225289876793973 ], [ -110.875314168233913, 32.225220021185834 ], [ -110.875311903889738, 32.225166928078899 ], [ -110.875309626874113, 32.225113550795797 ], [ -110.875308283356006, 32.225082046582529 ], [ -110.875305818684126, 32.225024285838963 ], [ -110.875304439898798, 32.224991966996726 ], [ -110.875304028115693, 32.224982304275535 ], [ -110.875302029900382, 32.224935459322325 ], [ -110.875301360291161, 32.224919751421851 ], [ -110.875300701480427, 32.224904306038169 ], [ -110.875300669393923, 32.224903491435882 ], [ -110.875299708523187, 32.224878716102332 ], [ -110.875298108557345, 32.224837510766534 ], [ -110.875296812849044, 32.224804140191075 ], [ -110.875296687428587, 32.224800904351241 ], [ -110.87529662855971, 32.224799275190307 ], [ -110.875296115371754, 32.224785107974654 ], [ -110.875293828393282, 32.224721999132406 ], [ -110.875293183784009, 32.224704192014649 ], [ -110.875285575498324, 32.224494160892455 ], [ -110.875282939253538, 32.224421397054925 ], [ -110.875281271522226, 32.224375343006059 ], [ -110.875280216248314, 32.22434619399683 ], [ -110.87527926739773, 32.224319992992321 ], [ -110.875279034902192, 32.224313587295732 ], [ -110.875278681588398, 32.224303821346645 ], [ -110.875277899688598, 32.224282238103264 ], [ -110.875277823065829, 32.224280119110915 ], [ -110.875277363133975, 32.224267422289728 ], [ -110.875276897658253, 32.224254560390882 ], [ -110.875276284460554, 32.224237627388391 ], [ -110.875275839728033, 32.224225365366657 ], [ -110.875275435706996, 32.224214184955308 ], [ -110.875275183891176, 32.224207240716524 ], [ -110.875273935507764, 32.224172791056397 ], [ -110.875272767106466, 32.224140537972204 ], [ -110.875272760006453, 32.224140323281979 ], [ -110.875272387991529, 32.224130057573575 ], [ -110.875272358409134, 32.224129302511535 ], [ -110.875271846751019, 32.224116304057958 ], [ -110.875270370590741, 32.22407875659318 ], [ -110.875266911365756, 32.223990804833093 ], [ -110.875245978344282, 32.223458587320394 ], [ -110.875245420777134, 32.223444405307148 ], [ -110.875242639198035, 32.223373690985618 ], [ -110.875242422912152, 32.223368189941198 ], [ -110.875242384252502, 32.223367207547113 ], [ -110.875242190543048, 32.223364006314618 ], [ -110.875241638919746, 32.223354885330806 ], [ -110.875236389966389, 32.223268054198044 ], [ -110.875229721876266, 32.223157749774785 ], [ -110.875208203270688, 32.222801763501295 ], [ -110.875203770980278, 32.222728445560648 ], [ -110.875203534653338, 32.222724516212637 ], [ -110.875203530645024, 32.222724402551016 ], [ -110.875203469481846, 32.222722230478503 ], [ -110.875202839798277, 32.222699487849212 ], [ -110.875200281176006, 32.22260727069542 ], [ -110.875194504627842, 32.222398970750874 ], [ -110.875191083529671, 32.222275586099009 ], [ -110.875186355064471, 32.222105065466685 ], [ -110.875181969957339, 32.221946951212779 ], [ -110.875178064475875, 32.22180613229451 ], [ -110.87517771345982, 32.22179346792943 ], [ -110.875175580334812, 32.221716595934055 ], [ -110.875174664547401, 32.221683591002403 ], [ -110.875173820909112, 32.221653190203014 ], [ -110.875173431217874, 32.221639172797495 ], [ -110.875173225973754, 32.22163177352342 ], [ -110.875173004838828, 32.221623814091707 ], [ -110.87517276277319, 32.221615085239911 ], [ -110.875172604924003, 32.221609390785432 ], [ -110.875172525983984, 32.221606544910756 ], [ -110.875171601439362, 32.221496530373258 ], [ -110.875170906810581, 32.221414079880418 ], [ -110.875167509376126, 32.221010072411985 ], [ -110.87519009346623, 32.219894386624787 ], [ -110.875193184320196, 32.219741744804921 ], [ -110.875191910153518, 32.219616611139038 ], [ -110.875177950167938, 32.21824509659038 ], [ -110.875177446301066, 32.21819559453035 ], [ -110.875165873901608, 32.217058661432056 ], [ -110.875164715079393, 32.216944808567376 ], [ -110.875164683715539, 32.21694188372301 ], [ -110.87516475263601, 32.216827811009331 ], [ -110.875165314501487, 32.215908897670666 ], [ -110.875165320076547, 32.21590031333858 ], [ -110.875165395887862, 32.215776420798548 ], [ -110.875165401242427, 32.215771763869341 ], [ -110.875160925783888, 32.215616738339868 ], [ -110.875157410599101, 32.215495003109261 ], [ -110.875153009319305, 32.215342497856092 ], [ -110.875151518682699, 32.215210665443685 ], [ -110.875151411640559, 32.215201165742201 ], [ -110.875142984233193, 32.214455501605656 ], [ -110.875141942996578, 32.214363341028879 ], [ -110.875141861117797, 32.214313855042022 ], [ -110.875138433496602, 32.212223604314431 ], [ -110.875138232572326, 32.212100714949479 ], [ -110.875137000174419, 32.211997683180883 ], [ -110.875120187860105, 32.210590689563034 ], [ -110.875118632166476, 32.210460463555741 ], [ -110.875116824945565, 32.210372498172553 ], [ -110.875110030309855, 32.210041819352554 ], [ -110.875109840754959, 32.210032578686835 ], [ -110.875107131214122, 32.209900657668193 ], [ -110.875107124554674, 32.209900311316019 ], [ -110.875104616466018, 32.209759278202483 ], [ -110.875104485295793, 32.20975189485641 ], [ -110.875087915521561, 32.208820004738449 ], [ -110.875084783318471, 32.208643831704677 ], [ -110.87508473582615, 32.208637017190924 ], [ -110.875083827387243, 32.208506213904705 ], [ -110.875073975444721, 32.207087758892854 ], [ -110.875073265174734, 32.206985539375417 ], [ -110.875072654941349, 32.206898087923221 ], [ -110.875071960960781, 32.206810632172576 ], [ -110.875071045142292, 32.206695921702483 ], [ -110.87506576592331, 32.206034332740828 ], [ -110.87508397357152, 32.205195789774734 ], [ -110.87508054853312, 32.204441275612133 ], [ -110.875084268030065, 32.203671492041366 ], [ -110.875084050603547, 32.202511863777865 ], [ -110.875117858257468, 32.19969416479961 ], [ -110.875118027387458, 32.199680065376832 ], [ -110.875099383653748, 32.198805446518797 ], [ -110.875101106349064, 32.196510260912753 ], [ -110.875098342035471, 32.193933463771835 ], [ -110.875128145967153, 32.1932958460404 ], [ -110.875167185777087, 32.192460625722966 ], [ -110.875171438546801, 32.192369651945903 ], [ -110.875175270419945, 32.19228769739366 ], [ -110.875024196124713, 32.192284916368394 ], [ -110.874939495432201, 32.192284788599508 ], [ -110.866662198617362, 32.192272026389936 ], [ -110.866525126083744, 32.192271809824362 ], [ -110.866404882466981, 32.192270811223104 ], [ -110.863794464293377, 32.192249103089033 ], [ -110.861082316304916, 32.192226491927272 ], [ -110.860783992098121, 32.192224001348009 ], [ -110.860645319709562, 32.192222842491041 ], [ -110.860530042673602, 32.192225799072858 ], [ -110.859670121818226, 32.19224785299356 ], [ -110.858969495063846, 32.192229155663156 ], [ -110.858085025069826, 32.192147226878348 ], [ -110.85797069398329, 32.192136634747079 ], [ -110.857926087489275, 32.192132500720653 ], [ -110.857925440187174, 32.192088293680577 ], [ -110.857924952234526, 32.192054962976336 ], [ -110.857924886004739, 32.192050424482538 ], [ -110.85792394650278, 32.191986389467196 ], [ -110.857899234787141, 32.190300633686107 ], [ -110.857849012579337, 32.186874730984648 ], [ -110.857889986555932, 32.184679090769485 ], [ -110.857863589583943, 32.181961758786471 ], [ -110.85785647160084, 32.181229066130612 ], [ -110.857855403080322, 32.181119003859187 ], [ -110.8550242491511, 32.181143982317842 ], [ -110.854467425808537, 32.1811526225856 ], [ -110.854382242636092, 32.18114692283082 ], [ -110.854288553390205, 32.181126122786701 ], [ -110.854209636454442, 32.181102955945448 ], [ -110.854124803689089, 32.181067367326357 ], [ -110.854051887520825, 32.181031793095379 ], [ -110.85399351747553, 32.180996344645827 ], [ -110.853911771964633, 32.180955712709491 ], [ -110.85383909164311, 32.180900127210592 ], [ -110.853836421179125, 32.180896693195713 ], [ -110.853766842304069, 32.180807182101624 ], [ -110.853708907669343, 32.180734282907373 ], [ -110.853671488697103, 32.18066902946984 ], [ -110.853631645039798, 32.180568793990574 ], [ -110.85361759424903, 32.180508806051868 ], [ -110.853616360986877, 32.180437996716876 ], [ -110.853615898307581, 32.180411381101678 ], [ -110.853609142514145, 32.178837160561216 ], [ -110.853619683732148, 32.177860412979172 ], [ -110.853611508226408, 32.177816622345425 ], [ -110.853594384639621, 32.177777738147007 ], [ -110.853574308036542, 32.177732643559622 ], [ -110.853548238572444, 32.177698752382057 ], [ -110.853519312509249, 32.177667327107592 ], [ -110.853494514795258, 32.177645815939421 ], [ -110.853456676944987, 32.177616724498684 ], [ -110.853407148236116, 32.177585211691181 ], [ -110.853355291563105, 32.177562958998351 ], [ -110.853298934556832, 32.177545560811481 ], [ -110.853261020675248, 32.177540262230707 ], [ -110.853208189461981, 32.17753234379277 ], [ -110.853135601404034, 32.17752108211171 ], [ -110.853028465535857, 32.177527740283516 ], [ -110.851826970472345, 32.177529142865922 ], [ -110.850289561210403, 32.177530104929119 ], [ -110.849499431572013, 32.177540192376036 ], [ -110.848717660886464, 32.177526636688391 ], [ -110.847180314819255, 32.177521979232552 ], [ -110.84538406733445, 32.177512360951972 ], [ -110.84431394818327, 32.177507500947783 ], [ -110.843052608005593, 32.177463497913799 ], [ -110.842386403286255, 32.177442597171449 ], [ -110.842385641171987, 32.177442573564171 ], [ -110.841029192566268, 32.177393740300083 ], [ -110.840939298203907, 32.177390502133875 ], [ -110.84093911564004, 32.177362470333563 ], [ -110.840939004180328, 32.177345255520109 ], [ -110.840938952066125, 32.177337242440892 ], [ -110.840938626815856, 32.177286985972728 ], [ -110.840938571775069, 32.177278410135337 ], [ -110.840923494253687, 32.17494405857267 ], [ -110.840923036221085, 32.174873257578824 ], [ -110.840923012616898, 32.174869583377927 ], [ -110.84092299170608, 32.174866311410078 ], [ -110.840922985990616, 32.174865444715898 ], [ -110.84092298544968, 32.174865220158999 ], [ -110.840922997344407, 32.174864388785409 ], [ -110.840923045230838, 32.174861127322615 ], [ -110.840924554620798, 32.174758894916494 ], [ -110.84092583192043, 32.174672344926805 ], [ -110.840933516173322, 32.174152919785243 ], [ -110.840933617943492, 32.174146066845069 ], [ -110.840933606788937, 32.174145211828154 ], [ -110.840933516047087, 32.174138409556171 ], [ -110.840933510681964, 32.174138054194813 ], [ -110.84093326707422, 32.174119722702052 ], [ -110.840932828103021, 32.174086622302006 ], [ -110.840928955051382, 32.173795548811633 ], [ -110.840926727398283, 32.173628146395096 ], [ -110.840924718456023, 32.173477134547824 ], [ -110.840922338146854, 32.173298184866539 ], [ -110.840921606781322, 32.173243236369181 ], [ -110.840919770244881, 32.173105158030445 ], [ -110.840918216028555, 32.172988341516458 ], [ -110.840915050252306, 32.1727503864889 ], [ -110.840914178679569, 32.172684906280729 ], [ -110.840911254198105, 32.172465118589393 ], [ -110.840911020142798, 32.172447507724854 ], [ -110.840909581551756, 32.172339345114608 ], [ -110.84090947719497, 32.172331536297449 ], [ -110.840909374661905, 32.172323842928364 ], [ -110.840909359551674, 32.172322332256748 ], [ -110.840909327811019, 32.172316914773418 ], [ -110.840909315900674, 32.172314320145254 ], [ -110.840907331485084, 32.171898481850967 ], [ -110.840906942524313, 32.171817021034919 ], [ -110.840905784255511, 32.171574250200727 ], [ -110.840905309952447, 32.171474974163957 ], [ -110.840904951656739, 32.171399833536327 ], [ -110.840904881147409, 32.171385176608332 ], [ -110.840903903513222, 32.171186296921221 ], [ -110.840883684863357, 32.167072529030555 ], [ -110.84086363689724, 32.162994078830366 ], [ -110.840863635666068, 32.162993732521755 ], [ -110.840862970724572, 32.162830912633162 ], [ -110.840862970787398, 32.162830726859184 ], [ -110.840862151029356, 32.162705077690482 ], [ -110.840862150021493, 32.162704892809202 ], [ -110.840861437008684, 32.162595961548163 ], [ -110.840861436000793, 32.162595776666876 ], [ -110.840861398448794, 32.162589950602559 ], [ -110.840861397440918, 32.162589765721279 ], [ -110.840861237495901, 32.162565215068462 ], [ -110.84086123649864, 32.162565029285432 ], [ -110.840861079236475, 32.162540701404453 ], [ -110.840861077179127, 32.16254051561242 ], [ -110.840860438903903, 32.162442545681799 ], [ -110.840860437906628, 32.16244235989879 ], [ -110.840859950727605, 32.162367347934264 ], [ -110.840859949730302, 32.162367162151227 ], [ -110.840857825127372, 32.162041032207036 ], [ -110.840857824119482, 32.162040847325713 ], [ -110.840857819929766, 32.162040301690098 ], [ -110.840857818932463, 32.162040115907061 ], [ -110.840857726186812, 32.162028250798315 ], [ -110.840857725189494, 32.162028065015285 ], [ -110.840857611261285, 32.162013311202735 ], [ -110.840857610263967, 32.162013125419705 ], [ -110.840857502837935, 32.161999261756947 ], [ -110.840857501830044, 32.161999076875652 ], [ -110.840857369891239, 32.161981976378961 ], [ -110.840857368883334, 32.161981791497645 ], [ -110.84085726399185, 32.161968163230938 ], [ -110.840857262983945, 32.161967978349622 ], [ -110.84085725673684, 32.161967246921961 ], [ -110.84085725784908, 32.161967062058707 ], [ -110.840822990334019, 32.161635403883139 ], [ -110.84080913733527, 32.161501330003532 ], [ -110.840800151546972, 32.161159046021602 ], [ -110.840798959930567, 32.161113668115227 ], [ -110.840702447400531, 32.160764461447442 ], [ -110.840654771594245, 32.160591952983133 ], [ -110.840607164864153, 32.160087960088212 ], [ -110.840602694913784, 32.160040636124656 ], [ -110.840600500943481, 32.160017409167942 ], [ -110.840599333692111, 32.160005054248082 ], [ -110.840598354115329, 32.159994681317635 ], [ -110.840597448955506, 32.159985102620304 ], [ -110.840597169002294, 32.159982132354862 ], [ -110.840597159747858, 32.1599820177452 ], [ -110.840596671343064, 32.159976848877179 ], [ -110.840596633562285, 32.159976455363037 ], [ -110.840595294782332, 32.159962278212809 ], [ -110.840576819688039, 32.159649101699024 ], [ -110.840576323720356, 32.159640697943473 ], [ -110.840562757345907, 32.159410759527837 ], [ -110.840568709774615, 32.15878623947841 ], [ -110.840568711957815, 32.158786053722324 ], [ -110.840570382150077, 32.158610752585119 ], [ -110.84057038432266, 32.158610567730776 ], [ -110.840571361375538, 32.15850795178558 ], [ -110.840571363558709, 32.158507766029494 ], [ -110.84057426869991, 32.158202940858942 ], [ -110.840574270872466, 32.158202756004606 ], [ -110.840576259061805, 32.157994168721906 ], [ -110.840576261244919, 32.15799398296582 ], [ -110.840578398202936, 32.157769668320903 ], [ -110.840578400386022, 32.157769482564802 ], [ -110.840581478939853, 32.157446373556226 ], [ -110.840581481122925, 32.15744618780014 ], [ -110.840581490151365, 32.157445239163543 ], [ -110.840581491274435, 32.157445053398426 ], [ -110.840581509776186, 32.15744302807078 ], [ -110.84058151088864, 32.157442843207392 ], [ -110.840581624532106, 32.157428572891561 ], [ -110.840581625644546, 32.157428388028173 ], [ -110.840581765620556, 32.157411245643402 ], [ -110.84058176673301, 32.157411060780021 ], [ -110.840581790617122, 32.157408216646679 ], [ -110.840581791729562, 32.157408031783298 ], [ -110.840581913469464, 32.15739316272856 ], [ -110.840581914581932, 32.15739297786515 ], [ -110.840582023139916, 32.157379681470267 ], [ -110.84058202425237, 32.157379496606865 ], [ -110.840582146934963, 32.157364457116316 ], [ -110.840582148047403, 32.157364272252934 ], [ -110.840582280955232, 32.157348001866666 ], [ -110.840582283127702, 32.157347817012301 ], [ -110.840582386300838, 32.15733461796794 ], [ -110.840582387413292, 32.157334433104552 ], [ -110.840582513230402, 32.157318495429038 ], [ -110.84058251434287, 32.157318310565643 ], [ -110.8405825938449, 32.15730829834758 ], [ -110.84058259495734, 32.157308113484191 ], [ -110.840582710337259, 32.157293514920781 ], [ -110.840582711460314, 32.157293329155635 ], [ -110.840582858850794, 32.157274743923487 ], [ -110.840582859973836, 32.157274558158349 ], [ -110.840583019401052, 32.157254407471044 ], [ -110.840583020513492, 32.157254222607655 ], [ -110.840583137122294, 32.157239519443579 ], [ -110.840583138234749, 32.15723933458019 ], [ -110.840583192613508, 32.157232542543326 ], [ -110.840583193736549, 32.157232356778209 ], [ -110.840584585295829, 32.157056126159077 ], [ -110.840584586408255, 32.157055941295667 ], [ -110.840585540613048, 32.156935146266761 ], [ -110.84058554172546, 32.156934961403344 ], [ -110.840587406099004, 32.156698920757627 ], [ -110.840587408271404, 32.156698735903234 ], [ -110.840588272709866, 32.156589095604062 ], [ -110.84058827383285, 32.156588909838923 ], [ -110.840588301985463, 32.156585431762821 ], [ -110.840588303097832, 32.156585246899411 ], [ -110.840590191057828, 32.156346203384395 ], [ -110.840590192170197, 32.156346018520971 ], [ -110.840591979044717, 32.156119814235922 ], [ -110.840591980167659, 32.156119628470769 ], [ -110.840593764452237, 32.155893642395931 ], [ -110.840593765564563, 32.155893457532514 ], [ -110.840593781245317, 32.155891491700409 ], [ -110.840593782357658, 32.155891306836978 ], [ -110.84059384086386, 32.155883982760585 ], [ -110.840593841976201, 32.155883797897161 ], [ -110.840596281601719, 32.155574888813696 ], [ -110.840596282714031, 32.155574703950251 ], [ -110.840599108942456, 32.155216743690119 ], [ -110.840599110054725, 32.155216558826659 ], [ -110.840599676367347, 32.155144911409621 ], [ -110.840599677479602, 32.155144726546169 ], [ -110.840600328100692, 32.155062386074214 ], [ -110.84060033027292, 32.155062201219771 ], [ -110.840601137539409, 32.154959854319678 ], [ -110.840601138662237, 32.154959668554469 ], [ -110.840603151991672, 32.154704707133298 ], [ -110.840603153103899, 32.154704522269824 ], [ -110.840604390593157, 32.154547879587696 ], [ -110.840604391705355, 32.154547694724215 ], [ -110.840611323718008, 32.153669794757434 ], [ -110.840611324830135, 32.153669609893946 ], [ -110.84061733041365, 32.152908505581188 ], [ -110.840617331525706, 32.152908320717657 ], [ -110.840625719519053, 32.151845448976388 ], [ -110.840625720631024, 32.151845264112865 ], [ -110.840632478388741, 32.150988861676908 ], [ -110.840632479500627, 32.150988676813348 ], [ -110.840663112509731, 32.147105876425222 ], [ -110.840663112954601, 32.147105838552555 ], [ -110.840663113621275, 32.147105691561556 ], [ -110.84066311406616, 32.147105653688875 ], [ -110.840663166625632, 32.147099735489633 ], [ -110.840663167737176, 32.147099550625946 ], [ -110.840663190424067, 32.147097348573858 ], [ -110.840663192595514, 32.147097163719188 ], [ -110.840688246487872, 32.144460546755127 ], [ -110.840688248659035, 32.144460361900364 ], [ -110.840691485100493, 32.144120099131939 ], [ -110.840691485551289, 32.144119519265118 ], [ -110.840709110684386, 32.144130343961059 ], [ -110.840729731865395, 32.144143013999702 ], [ -110.840754662554374, 32.144158327835243 ], [ -110.84077875974269, 32.14417313226614 ], [ -110.84080043123717, 32.144186445202244 ], [ -110.840819768586812, 32.1441983233359 ], [ -110.840834883799033, 32.144207609815773 ], [ -110.840849733846625, 32.14421673081025 ], [ -110.84086616978469, 32.144226829330151 ], [ -110.840876331511708, 32.144233070635266 ], [ -110.84088377915684, 32.144237645751723 ], [ -110.840888969457865, 32.144240834519607 ], [ -110.84089475435465, 32.144244388167884 ], [ -110.840899859411408, 32.144247524806921 ], [ -110.840906886122454, 32.144251840226964 ], [ -110.840911478671131, 32.144254662282826 ], [ -110.840914654729957, 32.144256613764988 ], [ -110.840921015284593, 32.144260520408025 ], [ -110.840927616821617, 32.14426457609585 ], [ -110.840934564596424, 32.144268843948765 ], [ -110.84094076412724, 32.144272652727331 ], [ -110.840946375390118, 32.144276099384427 ], [ -110.840952501261157, 32.144279862445259 ], [ -110.840958468226859, 32.144283527660363 ], [ -110.84096458358502, 32.144287283416737 ], [ -110.840970650518372, 32.144291010804764 ], [ -110.84097579556915, 32.144294172129889 ], [ -110.840981722547951, 32.144297812654862 ], [ -110.840985743673798, 32.144300282650278 ], [ -110.840989689019366, 32.144302706910423 ], [ -110.840993499677168, 32.144305047058175 ], [ -110.84099800277842, 32.144307814241444 ], [ -110.841002290143905, 32.144310448826964 ], [ -110.841007286826013, 32.14431351780587 ], [ -110.841011292182401, 32.144315976844609 ], [ -110.841013737901292, 32.144317479322908 ], [ -110.841015099693507, 32.1443183142595 ], [ -110.841015099987786, 32.144318108646885 ], [ -110.841015106638594, 32.144315917279236 ], [ -110.841015106699956, 32.144315731504697 ], [ -110.841018445953736, 32.142777839858425 ], [ -110.841018613270009, 32.142663921464447 ], [ -110.841018668052541, 32.14262431756422 ], [ -110.841018734094703, 32.142577525345146 ], [ -110.841018737721043, 32.142575140059741 ], [ -110.841018738831565, 32.142574955195883 ], [ -110.841018932124726, 32.142434087003117 ], [ -110.841018944240105, 32.142425832739292 ], [ -110.841019105585275, 32.142412090359855 ], [ -110.841019912499178, 32.142059882934362 ], [ -110.841021212451764, 32.141492606187441 ], [ -110.841021511536454, 32.141361681447613 ], [ -110.841022238533427, 32.141044527974309 ], [ -110.841022175869739, 32.141023051473994 ], [ -110.841022173570337, 32.141005371251666 ], [ -110.841022258358976, 32.140939645446011 ], [ -110.843146700594943, 32.141005129421877 ], [ -110.843161313092097, 32.139757953108585 ], [ -110.845155880597119, 32.139792933563875 ], [ -110.845188831871411, 32.139793511026625 ], [ -110.845206391522808, 32.13823765343264 ], [ -110.845204833364008, 32.137701778473378 ], [ -110.845203838374928, 32.137359302196792 ], [ -110.844168898717584, 32.137349826324289 ], [ -110.841738430157562, 32.137320977703411 ], [ -110.841531464783685, 32.13726791071268 ], [ -110.841127413912488, 32.137262194549912 ], [ -110.841127521927305, 32.137166934244014 ], [ -110.841127771339828, 32.137061161701311 ], [ -110.841128325704773, 32.136825919914017 ], [ -110.84112848507084, 32.136758250371429 ], [ -110.841128638616539, 32.136693243858211 ], [ -110.841128770355851, 32.136637319405594 ], [ -110.841128892243347, 32.136585756078688 ], [ -110.841130327604205, 32.135947370445727 ], [ -110.84113036556603, 32.135892481383159 ], [ -110.841131810836387, 32.135253237232078 ], [ -110.841131957143645, 32.135181348839239 ], [ -110.841132612897979, 32.134857350528236 ], [ -110.841133159636001, 32.134587792465815 ], [ -110.841134102602453, 32.134197230374483 ], [ -110.840570747658205, 32.134167699034933 ], [ -110.840651948077195, 32.133571813303263 ], [ -110.8351826425761, 32.132933538102165 ], [ -110.835138618753291, 32.132795716256432 ], [ -110.835135954270712, 32.13278727949637 ], [ -110.835135065105533, 32.132784492485442 ], [ -110.835134746219012, 32.132783494149919 ], [ -110.835123682730583, 32.132752950521024 ], [ -110.835120693955531, 32.132744692255919 ], [ -110.835084638616507, 32.132645085523272 ], [ -110.835084044350936, 32.132643443639552 ], [ -110.83508306216271, 32.132640726175445 ], [ -110.835082014237955, 32.132637831392671 ], [ -110.835080967309139, 32.132634942029277 ], [ -110.835080713970513, 32.13263431670596 ], [ -110.835069777485216, 32.132607383246921 ], [ -110.835065383928168, 32.132596564429562 ], [ -110.835062024387994, 32.132588292173089 ], [ -110.835060198399503, 32.132583793615886 ], [ -110.835058095348401, 32.132578614521513 ], [ -110.835057189024354, 32.132576383787246 ], [ -110.835052240370132, 32.132564196672142 ], [ -110.83504583544341, 32.132548423194699 ], [ -110.835038892902347, 32.132531326660043 ], [ -110.835021997451577, 32.132489719242407 ], [ -110.835021424826678, 32.132488309311434 ], [ -110.83502132388989, 32.132488061349832 ], [ -110.835021233007581, 32.132487859467062 ], [ -110.835018262339716, 32.132481301287676 ], [ -110.83498045379514, 32.13239780771891 ], [ -110.834955615482329, 32.132342958609136 ], [ -110.834925275098712, 32.132282139311606 ], [ -110.834884205596637, 32.132199816367255 ], [ -110.834807128435116, 32.132058971286668 ], [ -110.834806982959336, 32.132058725649685 ], [ -110.834804764222355, 32.132054999298596 ], [ -110.834802760610501, 32.132051633711072 ], [ -110.834766413931376, 32.131990585382589 ], [ -110.834727958737815, 32.131925994703224 ], [ -110.834724575027565, 32.131920313164365 ], [ -110.834716289747618, 32.13190753027115 ], [ -110.834703234182385, 32.131887388321964 ], [ -110.834697503173189, 32.131878547478209 ], [ -110.834689177306345, 32.131865702010629 ], [ -110.834681430146645, 32.13185375068511 ], [ -110.834639464638144, 32.131789006424697 ], [ -110.834636245123207, 32.131784050449738 ], [ -110.834617310691641, 32.131757092774151 ], [ -110.834616131840448, 32.1317554152292 ], [ -110.834606249809909, 32.131741344405789 ], [ -110.834596461559613, 32.131727409656534 ], [ -110.834585621628477, 32.13171197791084 ], [ -110.834572163459868, 32.131692817295864 ], [ -110.834570242498131, 32.131690082784445 ], [ -110.834564186742469, 32.131681461006714 ], [ -110.83455770887376, 32.131672236810772 ], [ -110.834543114592336, 32.131651460336414 ], [ -110.834542600714272, 32.131650730878903 ], [ -110.834541379749197, 32.131649119708008 ], [ -110.834540604382099, 32.131648096726764 ], [ -110.834537948533011, 32.131644591187872 ], [ -110.834533022934664, 32.131638091136168 ], [ -110.834525986194095, 32.131628807149824 ], [ -110.83449462828986, 32.131587427734452 ], [ -110.834492717536477, 32.13158490613904 ], [ -110.834475370462243, 32.131562015700801 ], [ -110.834445272177888, 32.131522298277339 ], [ -110.834443617074044, 32.131520116148138 ], [ -110.834442774047375, 32.131519079060524 ], [ -110.834421319542159, 32.131492744613197 ], [ -110.834401725623067, 32.131468693249246 ], [ -110.834360391046673, 32.13141795236605 ], [ -110.834339550848156, 32.131392372571177 ], [ -110.834335150491157, 32.131387346971941 ], [ -110.834331484200106, 32.131383161833988 ], [ -110.834324828209674, 32.131375562989383 ], [ -110.834319480409093, 32.131369457924592 ], [ -110.834302689319472, 32.131350289525422 ], [ -110.834289856274111, 32.131335639726508 ], [ -110.834252026472427, 32.131292449968257 ], [ -110.834233195216612, 32.131270952746043 ], [ -110.834232667135737, 32.131270349420859 ], [ -110.834231614099849, 32.131269147306348 ], [ -110.834230509819918, 32.131267887037062 ], [ -110.834230368644427, 32.131267726207419 ], [ -110.834228750475418, 32.131266007025751 ], [ -110.834221634035458, 32.131258451133192 ], [ -110.834212959086074, 32.131249239695997 ], [ -110.834200171711942, 32.131235660740856 ], [ -110.834187382232813, 32.131222080864639 ], [ -110.834175002033291, 32.131208933754145 ], [ -110.834161065405354, 32.131194134722726 ], [ -110.83415799756591, 32.131190877261034 ], [ -110.834150220695633, 32.131182618608669 ], [ -110.834116115476249, 32.131146404687996 ], [ -110.834108176201653, 32.131138527016567 ], [ -110.834030699394376, 32.131061657781515 ], [ -110.834018989071481, 32.131050033249153 ], [ -110.834005735691051, 32.131036881359762 ], [ -110.834001720487819, 32.131032897941722 ], [ -110.833998770605632, 32.131029973355439 ], [ -110.833997975525108, 32.131029184675924 ], [ -110.83399720140433, 32.131028416015731 ], [ -110.833996912036255, 32.131028150208891 ], [ -110.833996511564479, 32.131027779742318 ], [ -110.833993348735405, 32.13102484882549 ], [ -110.833990086299821, 32.131021826874502 ], [ -110.83398565911294, 32.131017729910063 ], [ -110.833980643812964, 32.13101308772422 ], [ -110.833977105647932, 32.131009811806351 ], [ -110.833973845300861, 32.131006792578276 ], [ -110.83396951877117, 32.131002787558181 ], [ -110.833965836982671, 32.130999378745649 ], [ -110.833962223318935, 32.130996034545007 ], [ -110.833954635395386, 32.130989009385182 ], [ -110.833952628863358, 32.130987151605034 ], [ -110.833948098968648, 32.130982957265914 ], [ -110.833944164530791, 32.130979314523643 ], [ -110.833938263393776, 32.130973851316242 ], [ -110.833932107497844, 32.130968153259566 ], [ -110.833925246081265, 32.130961800758271 ], [ -110.833919827169083, 32.13095678537092 ], [ -110.833913591611463, 32.130951012682623 ], [ -110.833908992525579, 32.130946754622769 ], [ -110.833905498404476, 32.130943518759842 ], [ -110.833902238040821, 32.130940501333427 ], [ -110.833897638955989, 32.130936243273197 ], [ -110.833887983689294, 32.130927305698982 ], [ -110.833883657177751, 32.130923299774331 ], [ -110.833875439191957, 32.130915692956471 ], [ -110.833873719932384, 32.13091409916062 ], [ -110.833873529101155, 32.13091392528036 ], [ -110.83387305072371, 32.130913510859571 ], [ -110.833867288068845, 32.130908526798905 ], [ -110.833862737098997, 32.130904592001144 ], [ -110.833853687634303, 32.130896766141383 ], [ -110.833848119066332, 32.130891949675252 ], [ -110.833840102960295, 32.130885017340908 ], [ -110.833833595452091, 32.13087938931934 ], [ -110.833831389216471, 32.130877481130639 ], [ -110.833822640834171, 32.130869916667002 ], [ -110.833815832240447, 32.130864028148032 ], [ -110.833809917479726, 32.130858912019526 ], [ -110.833805901550946, 32.130855439922001 ], [ -110.833801172248116, 32.130851350286846 ], [ -110.833798449871338, 32.13084899488792 ], [ -110.833795166221805, 32.130846154918459 ], [ -110.833791505932169, 32.130842990678495 ], [ -110.833787411347458, 32.130839448467256 ], [ -110.83378405634204, 32.130836548366915 ], [ -110.833778615775913, 32.130831842113182 ], [ -110.833747831292285, 32.130805219418342 ], [ -110.833745432014197, 32.130803145445206 ], [ -110.833743588587168, 32.130801656098512 ], [ -110.833739041956235, 32.130797982861729 ], [ -110.833734393504187, 32.130794226687939 ], [ -110.833730838916068, 32.130791355540708 ], [ -110.833728679502599, 32.130789610980514 ], [ -110.833723712966417, 32.130785597771457 ], [ -110.833717305055814, 32.130780421506863 ], [ -110.83371321403294, 32.130777116502813 ], [ -110.833711342272053, 32.130775603465914 ], [ -110.833708619127009, 32.13077340317183 ], [ -110.83370064074704, 32.130766957233355 ], [ -110.833691639861811, 32.130759686398079 ], [ -110.833689605382247, 32.130758042106464 ], [ -110.833685248750228, 32.130754523802935 ], [ -110.833681100010836, 32.130751170507544 ], [ -110.833657339155337, 32.130731973057209 ], [ -110.833639401455812, 32.130717481528336 ], [ -110.833613923165629, 32.130696896803691 ], [ -110.833613063379858, 32.130696203161271 ], [ -110.833612199914214, 32.130695551872975 ], [ -110.833605232255437, 32.130690301373399 ], [ -110.833596959904654, 32.130684070252308 ], [ -110.833587007916677, 32.130676570325797 ], [ -110.833578642096882, 32.130670267159914 ], [ -110.833535267805118, 32.13063758647472 ], [ -110.833523980692433, 32.130629081311987 ], [ -110.833508774338384, 32.1306176234162 ], [ -110.833487200134854, 32.130601368350412 ], [ -110.833482173731696, 32.130597580075168 ], [ -110.833475831945833, 32.130592819202271 ], [ -110.83346927750101, 32.130588207113554 ], [ -110.833463819307084, 32.130584367346223 ], [ -110.833459492056789, 32.130581323644606 ], [ -110.833451126640341, 32.130575436213626 ], [ -110.833439266415596, 32.130567091172608 ], [ -110.833432579539462, 32.130562385962939 ], [ -110.833424485280062, 32.130556691134956 ], [ -110.833389787537016, 32.130532275893913 ], [ -110.833336679370149, 32.13049490714176 ], [ -110.833335455932456, 32.130494046253794 ], [ -110.833335014248647, 32.130493755694602 ], [ -110.833333178074341, 32.130492550477896 ], [ -110.833298985689481, 32.13047012625011 ], [ -110.833276417251255, 32.130455323590887 ], [ -110.833255019299216, 32.130441289377451 ], [ -110.833235381813495, 32.130428410130428 ], [ -110.833219707994701, 32.130418131389398 ], [ -110.833190782344218, 32.130399160194052 ], [ -110.833186967044682, 32.130396829696885 ], [ -110.833164764449208, 32.130383267448551 ], [ -110.833142046276222, 32.13036939055668 ], [ -110.833123006626494, 32.13035776002161 ], [ -110.833101268060688, 32.130344482200769 ], [ -110.833087717762581, 32.13033620562809 ], [ -110.833082508306944, 32.130333022696192 ], [ -110.833042452985651, 32.130308556089389 ], [ -110.833021207634758, 32.130296500837986 ], [ -110.833001402442719, 32.130285262336599 ], [ -110.832978975918422, 32.130272537735038 ], [ -110.832958914915508, 32.130261154549324 ], [ -110.832943189092433, 32.130252231668969 ], [ -110.832922756478553, 32.130240637877272 ], [ -110.832917904396027, 32.130237885461675 ], [ -110.832902908140653, 32.130229375543948 ], [ -110.832890438446839, 32.130222300410026 ], [ -110.832883457580422, 32.130218621633198 ], [ -110.832845959053685, 32.13019886722909 ], [ -110.832735153040048, 32.130140487774284 ], [ -110.832844091511319, 32.129838213700353 ], [ -110.83289650808058, 32.129929455162738 ], [ -110.8329572783462, 32.130019419896193 ], [ -110.833024988147173, 32.130105722188901 ], [ -110.833099335795907, 32.130187974369719 ], [ -110.833179986536976, 32.130265806520626 ], [ -110.833266578851976, 32.130338871039818 ], [ -110.833358724501892, 32.130406839035274 ], [ -110.833456010582665, 32.130469405753253 ], [ -110.833558000584929, 32.130526290587866 ], [ -110.833664236492169, 32.130577238902816 ], [ -110.833774241960185, 32.130622022058866 ], [ -110.833887523355628, 32.130660439226546 ], [ -110.83400357294623, 32.13069231651194 ], [ -110.834121869886388, 32.130717513277986 ], [ -110.834241883481866, 32.130735914957981 ], [ -110.83436307629502, 32.130747439395044 ], [ -110.834484903106855, 32.13075203502963 ], [ -110.834490027830839, 32.130752077938951 ], [ -110.834502400487793, 32.1307521287005 ], [ -110.834950182998242, 32.130752584927428 ], [ -110.835073326421906, 32.130749163229638 ], [ -110.835195916426144, 32.130738661892082 ], [ -110.835317391762615, 32.130721130230846 ], [ -110.835437194012044, 32.130696647348422 ], [ -110.835554777068978, 32.1306653267238 ], [ -110.835669601907711, 32.130627310756623 ], [ -110.835781141849395, 32.13058277351756 ], [ -110.835888885752297, 32.130531919873533 ], [ -110.835992342293508, 32.130474981916763 ], [ -110.836091036779678, 32.130412219839201 ], [ -110.83618451643504, 32.130343922879106 ], [ -110.836272353676435, 32.130270401232551 ], [ -110.836354147077529, 32.130191994177586 ], [ -110.8364295214962, 32.130109059253357 ], [ -110.83649309814345, 32.130028817455901 ], [ -110.836550664353368, 32.129945355337107 ], [ -110.836601993754286, 32.129858997433331 ], [ -110.836646887380596, 32.129770081139803 ], [ -110.836685169465511, 32.129678953969119 ], [ -110.836716691722216, 32.129585969980212 ], [ -110.836741330132369, 32.129491492456452 ], [ -110.836758989216548, 32.129395891236435 ], [ -110.836769599967539, 32.129299538187233 ], [ -110.836773120888338, 32.129202809016689 ], [ -110.836772299321495, 32.126648844702011 ], [ -110.836771894886624, 32.12626412374857 ], [ -110.836762210009041, 32.120841381498316 ], [ -110.83676137599717, 32.120841384304583 ], [ -110.83675667254586, 32.117980400134684 ], [ -110.834057886721851, 32.116458722412659 ], [ -110.833654889793095, 32.116231440707885 ], [ -110.832491088380436, 32.115544759706125 ], [ -110.832491270718364, 32.115730568470006 ], [ -110.832494659001796, 32.119174618050891 ], [ -110.832483496886667, 32.119664830990814 ], [ -110.832472170334484, 32.12079763543295 ], [ -110.8324507561058, 32.12293894441077 ], [ -110.832449012898493, 32.123113331125424 ], [ -110.83244656087254, 32.123358499414515 ], [ -110.832433394897777, 32.124674874111065 ], [ -110.83242734693917, 32.125279548206343 ], [ -110.832415251695011, 32.126488878194898 ], [ -110.832496250708658, 32.128907029774737 ], [ -110.832467491635128, 32.128927698513898 ], [ -110.832406383796112, 32.129092959707776 ], [ -110.832097506462787, 32.129927823672134 ], [ -110.83203827006723, 32.130089578164885 ], [ -110.832038213117272, 32.130089733692024 ], [ -110.83193428696778, 32.130077201573037 ], [ -110.830910675839405, 32.132786728618626 ], [ -110.826961592935916, 32.132780554374726 ], [ -110.824061993219146, 32.132759080885677 ], [ -110.823804630626086, 32.132754368335036 ], [ -110.823878113598937, 32.125609492946204 ], [ -110.823878139909837, 32.125607107856773 ], [ -110.823878141064426, 32.125606922091642 ], [ -110.823931874804174, 32.123531787743843 ], [ -110.823939838481195, 32.122829721838734 ], [ -110.823951982523596, 32.121759875018512 ], [ -110.823979384110601, 32.119358818256252 ], [ -110.823981639099728, 32.119152681236436 ], [ -110.823972764808047, 32.113950759551606 ], [ -110.82396738601399, 32.110777762261385 ], [ -110.818767070236092, 32.10794103579989 ], [ -110.817227886911752, 32.107101748581854 ], [ -110.814933321150477, 32.105827687184579 ], [ -110.812890144320136, 32.104693170564474 ], [ -110.814090363488759, 32.104691758696816 ], [ -110.809974180736461, 32.102319644818849 ], [ -110.810070095556895, 32.098074168908028 ], [ -110.810097133517885, 32.096933728873744 ], [ -110.810111079279451, 32.096345474238021 ], [ -110.809490353012293, 32.096318861373938 ], [ -110.809507860121627, 32.095561616423879 ], [ -110.80729135750326, 32.09556102603716 ], [ -110.807279928904123, 32.095685733718256 ], [ -110.806919530005288, 32.095682147270104 ], [ -110.805132763321481, 32.095700487351522 ], [ -110.804807077033772, 32.095387037476527 ], [ -110.80444614699978, 32.095353261653841 ], [ -110.804488919422667, 32.084567712295858 ], [ -110.804496148259801, 32.084404052305985 ], [ -110.804504803757609, 32.084322524937846 ], [ -110.804516483184926, 32.084241281134766 ], [ -110.804531385665172, 32.084160409218946 ], [ -110.804549713498716, 32.084079997540208 ], [ -110.804571062114036, 32.084000127316891 ], [ -110.804595428358724, 32.083920970768183 ], [ -110.804652468794771, 32.083769105573062 ], [ -110.806192523575419, 32.083889699851618 ], [ -110.806935931021528, 32.083963993456265 ], [ -110.807535633981786, 32.083998708829711 ], [ -110.809222233082608, 32.084413666672191 ], [ -110.818419955288945, 32.090141330715618 ], [ -110.818901287812324, 32.090140101939745 ], [ -110.818905098367097, 32.090140091675238 ], [ -110.818905393934372, 32.090140090629369 ], [ -110.819407863023088, 32.090138805919551 ], [ -110.819411676745119, 32.090138796569043 ], [ -110.819411972312423, 32.090138795522023 ], [ -110.823892632999872, 32.090127243746103 ], [ -110.840951779073379, 32.090174047397866 ], [ -110.841004572642404, 32.090174744620775 ], [ -110.841009628094113, 32.090174810997624 ], [ -110.841010019989753, 32.090174816129135 ], [ -110.854683293544582, 32.090354336775292 ], [ -110.854648952849232, 32.092904055190218 ], [ -110.857764181847287, 32.092949635412026 ], [ -110.857838875224047, 32.092950732367264 ], [ -110.857839035163764, 32.092950734606035 ], [ -110.858253490871107, 32.092956817345666 ], [ -110.85826363507212, 32.090396672254613 ], [ -110.875005676181488, 32.090261466529377 ], [ -110.874914813502542, 32.075522250344683 ], [ -110.87575475017384, 32.075523975117925 ], [ -110.875938443085431, 32.059526696409762 ], [ -110.858888562583601, 32.059388290969167 ], [ -110.858719088808314, 32.059386154931467 ], [ -110.858404463777944, 32.059382188080463 ], [ -110.858587758134618, 32.048803180782713 ], [ -110.842070021280449, 32.04871791713407 ], [ -110.842081914905592, 32.045214513022593 ], [ -110.846414383564436, 32.045246181750933 ], [ -110.846437207756026, 32.041603535485159 ], [ -110.85492958668452, 32.041665407775952 ], [ -110.85490689761059, 32.04530806109225 ], [ -110.859014968227712, 32.0453376945174 ], [ -110.859015065630317, 32.045337695330062 ], [ -110.859178880999167, 32.045338873484042 ], [ -110.859265317767964, 32.036557178972409 ], [ -110.859287749388812, 32.03423703340188 ], [ -110.859316343972282, 32.030432498565233 ], [ -110.876256278209254, 32.030491620091638 ], [ -110.891303264085821, 32.030575218909078 ], [ -110.891639563561554, 32.001287153187519 ], [ -110.859127103210781, 32.001243942328117 ], [ -110.859140229669322, 31.990540353782809 ], [ -110.842586873971513, 31.990746623652154 ], [ -110.84121091653806, 31.990725864606411 ], [ -110.84110507656689, 31.990724265845387 ], [ -110.841096883338366, 31.990724143185016 ], [ -110.840912391037847, 31.990721357159988 ], [ -110.825578911845554, 31.990759825470722 ], [ -110.824053684843619, 31.990728317647921 ], [ -110.808748364600049, 31.990757692319203 ], [ -110.807236138632717, 31.990718708906769 ], [ -110.795642188425731, 31.990596061357202 ], [ -110.789574307634723, 31.990600106572735 ], [ -110.789561098564945, 31.990393900118992 ], [ -110.78533205202227, 31.990361834685441 ], [ -110.785332652117503, 31.990444233425706 ], [ -110.776830038745715, 31.990379282342303 ], [ -110.776824795804345, 31.990296777929725 ], [ -110.772306974299156, 31.990269341270604 ], [ -110.772294010417554, 31.990475919860351 ], [ -110.772326067714999, 31.990706888725722 ], [ -110.772333135857593, 31.990840896242563 ], [ -110.772347547227199, 31.991086590689893 ], [ -110.772353321964431, 31.991324764413026 ], [ -110.772427646829385, 31.991667736926495 ], [ -110.772477535782173, 31.991869101554531 ], [ -110.772552877646859, 31.99213022743621 ], [ -110.772628589398565, 31.992361591628217 ], [ -110.77271340125786, 31.992563271943158 ], [ -110.772806667761984, 31.992787351477592 ], [ -110.77292677314243, 31.992959584855367 ], [ -110.773020870543888, 31.993116701657588 ], [ -110.77310614665555, 31.993281178999872 ], [ -110.773200337014643, 31.993430854588325 ], [ -110.773285983010567, 31.993565570170677 ], [ -110.773354167429574, 31.99370012834687 ], [ -110.773422350984518, 31.993834686478653 ], [ -110.773490166553557, 31.993999007132544 ], [ -110.773558074666582, 31.994155886663965 ], [ -110.773634251965916, 31.994350046645977 ], [ -110.773675690175736, 31.994529012494581 ], [ -110.77370904517015, 31.994655815683519 ], [ -110.773742306917711, 31.994790058137763 ], [ -110.773775661018107, 31.994916862200615 ], [ -110.773791185071474, 31.995073267905326 ], [ -110.773814701372515, 31.995289279142124 ], [ -110.773838217778987, 31.995505289468159 ], [ -110.773835136717352, 31.99645775051728 ], [ -110.773850255067288, 31.997350845449915 ], [ -110.773835266140708, 31.999263129279154 ], [ -110.773835318288562, 32.000772658510648 ], [ -110.773835317053496, 32.000772843374946 ], [ -110.773835317973294, 32.00077524315644 ], [ -110.77383533862411, 32.001369021697101 ], [ -110.773816322800783, 32.002901761340574 ], [ -110.773825342144391, 32.005224773194598 ], [ -110.773816654229449, 32.011554765340925 ], [ -110.773795938528139, 32.017914409678873 ], [ -110.773785536717497, 32.019690305575686 ], [ -110.773789220057168, 32.023379978881238 ], [ -110.774067035922002, 32.023380057328225 ], [ -110.778314119267108, 32.023381158976655 ], [ -110.77835903185499, 32.019912522231706 ], [ -110.790726205038851, 32.019938828159447 ], [ -110.790725391913497, 32.020005306630104 ], [ -110.791050414370972, 32.020008191838983 ], [ -110.791051355649984, 32.019733322074728 ], [ -110.808367693697491, 32.019734649683677 ], [ -110.808058931737747, 32.034151563505624 ], [ -110.808058502261289, 32.034237373520838 ], [ -110.807987553285017, 32.04864087091957 ], [ -110.799515193824746, 32.048678670627467 ], [ -110.79948317296072, 32.055878965785013 ], [ -110.791104288387132, 32.05582381664717 ], [ -110.790850111998282, 32.055863417412027 ], [ -110.790691169442724, 32.055888179185551 ], [ -110.776110332049115, 32.055720103466349 ], [ -110.775610912182515, 32.055785780975135 ], [ -110.775579081176687, 32.055684906747629 ], [ -110.775543607839097, 32.055584944829988 ], [ -110.775504086646876, 32.055486062914717 ], [ -110.775457510003534, 32.05537053922712 ], [ -110.775404048904591, 32.055257101676638 ], [ -110.775350586881515, 32.055143748866683 ], [ -110.775291044040586, 32.055032747341443 ], [ -110.775229071328738, 32.054922495867039 ], [ -110.775162362415358, 32.054803784982447 ], [ -110.77509321939813, 32.054686167696069 ], [ -110.775019612447295, 32.054570658309295 ], [ -110.774939918378848, 32.054458014154505 ], [ -110.774849913133096, 32.054331018319161 ], [ -110.774753413175688, 32.054207227609218 ], [ -110.774654065126867, 32.054085387062116 ], [ -110.774561868635132, 32.053972458677528 ], [ -110.774474550516928, 32.053856567507083 ], [ -110.774391697760436, 32.05373848270181 ], [ -110.774312904803779, 32.053618373765154 ], [ -110.774157593736504, 32.053357473976192 ], [ -110.774011208429641, 32.053092616998804 ], [ -110.773950554375574, 32.052973873493748 ], [ -110.773896787022636, 32.052852872558226 ], [ -110.773842616412168, 32.052731867963743 ], [ -110.773797354778836, 32.052608194915514 ], [ -110.773752496644946, 32.052484526390693 ], [ -110.773716944446832, 32.052358707043631 ], [ -110.773680988937144, 32.052232884950499 ], [ -110.773612549614015, 32.051994070729215 ], [ -110.773534611721828, 32.051383572274013 ], [ -110.773521263059365, 32.048563395046365 ], [ -110.773580204825606, 32.034213569258561 ], [ -110.756838573480266, 32.034105507759925 ], [ -110.756839558861429, 32.033899359708968 ], [ -110.74018576957819, 32.033776159170046 ], [ -110.730841726971363, 32.033840887747871 ], [ -110.730841451691489, 32.033840889682359 ], [ -110.730837888943, 32.033840914077352 ], [ -110.728029041277011, 32.033860236438315 ], [ -110.728028782945586, 32.03386023762377 ], [ -110.728025456300202, 32.033860260545865 ], [ -110.726808841538741, 32.033868610572831 ], [ -110.726808585324449, 32.033868611775659 ], [ -110.726805275616243, 32.033868634824636 ], [ -110.723226035099884, 32.033893131289588 ], [ -110.718894015487791, 32.033892996916975 ], [ -110.71883258759965, 32.034118930079273 ], [ -110.718792848991512, 32.034118865768782 ], [ -110.718792132275198, 32.034118865310077 ], [ -110.706188858474661, 32.034097819255926 ], [ -110.70618871238446, 32.034097818762973 ], [ -110.706180042063423, 32.034097803620966 ], [ -110.706175455673858, 32.034947087562273 ], [ -110.706175453229775, 32.034947273313264 ], [ -110.70617544188687, 32.034949583660207 ], [ -110.706147449669643, 32.040130369542091 ], [ -110.707366861911595, 32.041112654907593 ], [ -110.707462461138107, 32.041112879619675 ], [ -110.708096563461382, 32.041114288289563 ], [ -110.709376870792894, 32.04111703821912 ], [ -110.710259452389309, 32.041118911946953 ], [ -110.710876612964483, 32.041120316827133 ], [ -110.71146755576379, 32.041121556032579 ], [ -110.712035506351356, 32.041122744449339 ], [ -110.712579656888153, 32.041123963091799 ], [ -110.713105252984576, 32.041125088918712 ], [ -110.713614311306216, 32.041126141298797 ], [ -110.714366201103005, 32.041127690317332 ], [ -110.714687689614919, 32.041128420299152 ], [ -110.716107970448903, 32.041131398506096 ], [ -110.716198329474949, 32.041127532270053 ], [ -110.716198433290671, 32.041127527842228 ], [ -110.716199770167862, 32.041127471963563 ], [ -110.71631179388784, 32.041122677211973 ], [ -110.723190238663889, 32.041191484604603 ], [ -110.723154620752098, 32.048380913528703 ], [ -110.723139756262356, 32.051825802751033 ], [ -110.727374566683181, 32.051858908900982 ], [ -110.727362603854075, 32.055465572697528 ], [ -110.735878113738778, 32.055535743575284 ], [ -110.735866899742305, 32.059109691034301 ], [ -110.739899973052658, 32.059075822511247 ], [ -110.739906106917545, 32.062756273255978 ], [ -110.740053756021084, 32.062758245715834 ], [ -110.740141383696582, 32.062767998995675 ], [ -110.741864428140957, 32.06295972480406 ], [ -110.744441393943745, 32.062965979005654 ], [ -110.748669335472144, 32.062978474534376 ], [ -110.74864071580194, 32.066499867465986 ], [ -110.75295425132029, 32.066553211637853 ], [ -110.752915851080758, 32.070158439415941 ], [ -110.756695491780363, 32.070197304841045 ], [ -110.75671542301923, 32.066445190375134 ], [ -110.763082627787838, 32.066510615559594 ], [ -110.765152584951153, 32.06654258452533 ], [ -110.765274014962159, 32.066544460769514 ], [ -110.765252418650334, 32.070167546490985 ], [ -110.765307492576156, 32.073757999248969 ], [ -110.765307767547171, 32.073832647207212 ], [ -110.771671081890602, 32.073896322948997 ], [ -110.772685254500871, 32.073906498234685 ], [ -110.772960208260997, 32.073909254569742 ], [ -110.772962514883559, 32.07476113024925 ], [ -110.772963878152055, 32.075267428510578 ], [ -110.772975933388622, 32.075444287035459 ], [ -110.772975945902331, 32.07544447292355 ], [ -110.772976108973566, 32.075446857908474 ], [ -110.772978209119131, 32.075477665035024 ], [ -110.772995091600464, 32.082026304470233 ], [ -110.772991294513943, 32.082700644023795 ], [ -110.77185585205865, 32.08270122033332 ], [ -110.769848518456342, 32.082704272146913 ], [ -110.768924644312435, 32.082705436783328 ], [ -110.768474276586801, 32.082699009232016 ], [ -110.768500170944222, 32.08173677799401 ], [ -110.768507203401015, 32.081535043372192 ], [ -110.768507284474339, 32.081532710197941 ], [ -110.768507288903706, 32.081532525365091 ], [ -110.768508980576286, 32.081484058876661 ], [ -110.768477629262591, 32.079468762326954 ], [ -110.766970088037127, 32.07861759794914 ], [ -110.766238365886636, 32.078205172101399 ], [ -110.765832022474584, 32.077976179234774 ], [ -110.76420143509668, 32.077057054271243 ], [ -110.764200793237933, 32.076375070790824 ], [ -110.764214488197638, 32.075541121232511 ], [ -110.759669203198285, 32.075550648392138 ], [ -110.759520597066327, 32.075470766275309 ], [ -110.758117824428297, 32.075481465682699 ], [ -110.757353922952888, 32.075480142617465 ], [ -110.757338607864398, 32.075480117014585 ], [ -110.757337418454512, 32.075480115149539 ], [ -110.756658256323774, 32.075478934667778 ], [ -110.755660405992487, 32.07550286552425 ], [ -110.753833975987149, 32.07548610619142 ], [ -110.753833632860292, 32.07548610304228 ], [ -110.753829290822765, 32.07548606319191 ], [ -110.748579100567568, 32.075437740243807 ], [ -110.748600149945275, 32.073591522002573 ], [ -110.744359163897968, 32.073582675978834 ], [ -110.744348908754333, 32.075381436650417 ], [ -110.74434890746565, 32.075381620609164 ], [ -110.744348893947418, 32.075384007593733 ], [ -110.744348811365086, 32.075398527887245 ], [ -110.744689416858577, 32.075401799777353 ], [ -110.739968251455238, 32.075358015042021 ], [ -110.740004539321404, 32.070004756462623 ], [ -110.735820602812851, 32.069965920564492 ], [ -110.735838777624195, 32.067295949472793 ], [ -110.735843751873574, 32.066406521117109 ], [ -110.731739449325573, 32.066369497845045 ], [ -110.731809716056631, 32.06276630230969 ], [ -110.728133864301171, 32.062769237867499 ], [ -110.728132657029548, 32.062769238268494 ], [ -110.728132612545053, 32.062769238753106 ], [ -110.725165205249596, 32.062771529450877 ], [ -110.725164467119441, 32.062771529725403 ], [ -110.723095243274273, 32.062773086288374 ], [ -110.723080678812934, 32.062838231551225 ], [ -110.723072655865863, 32.06287295975914 ], [ -110.723072618838273, 32.062873119933613 ], [ -110.723072143031786, 32.062875182413691 ], [ -110.723071273448184, 32.062878943812954 ], [ -110.7230667003153, 32.062871224485008 ], [ -110.723064193527961, 32.062866993904144 ], [ -110.723063998698791, 32.062866665611843 ], [ -110.723033765115659, 32.062815627561939 ], [ -110.722973320795219, 32.062716447386144 ], [ -110.722948450169866, 32.062674209247767 ], [ -110.72285014249195, 32.06250801554576 ], [ -110.72276722190179, 32.062368681217585 ], [ -110.722746413660104, 32.062324333186574 ], [ -110.722718822655395, 32.06233385704374 ], [ -110.722718729053099, 32.062333888627244 ], [ -110.722717520612136, 32.062334305604573 ], [ -110.722507288759573, 32.062406861629256 ], [ -110.722236176368156, 32.062498021514699 ], [ -110.722110132411899, 32.062541242471553 ], [ -110.721935856796421, 32.062601188189277 ], [ -110.721787521137287, 32.06265210127102 ], [ -110.721639183079049, 32.062703186400412 ], [ -110.721455587736287, 32.062766135887252 ], [ -110.721370937707846, 32.062790935523267 ], [ -110.721287098978678, 32.062815398261208 ], [ -110.721072608779281, 32.062865000176679 ], [ -110.720866771493803, 32.062900766560205 ], [ -110.720769336556103, 32.062915824583548 ], [ -110.72066389667448, 32.062925910126424 ], [ -110.720536641267458, 32.062938109142507 ], [ -110.720420363460008, 32.062943883413816 ], [ -110.720347723366984, 32.062944915658498 ], [ -110.72024279978163, 32.062946330260679 ], [ -110.720121770235025, 32.062945187564026 ], [ -110.718964728116148, 32.0629342575522 ], [ -110.718849750115595, 32.062933170834079 ], [ -110.718677484842189, 32.062931542468249 ], [ -110.718604463735176, 32.062930852153578 ], [ -110.718441880837389, 32.062929315003494 ], [ -110.718192156757993, 32.062926953565459 ], [ -110.717999719967167, 32.062925133511065 ], [ -110.717877482488618, 32.062923805900475 ], [ -110.717509284152854, 32.06291001459131 ], [ -110.717440784900148, 32.062902923829 ], [ -110.717335217061645, 32.062891874961153 ], [ -110.717219229550423, 32.062875401267057 ], [ -110.717129867411316, 32.062859265166253 ], [ -110.717045335259058, 32.062844034154161 ], [ -110.716980961223783, 32.062830024693177 ], [ -110.71682365037374, 32.062795550600072 ], [ -110.716739562139722, 32.062777231265478 ], [ -110.716594723050704, 32.062745538039096 ], [ -110.716520292558542, 32.062729200219927 ], [ -110.716361777399115, 32.062694283986922 ], [ -110.716187972405663, 32.062656131297366 ], [ -110.71612802628006, 32.062642936206871 ], [ -110.715928473810251, 32.062599041782313 ], [ -110.715835499273751, 32.062581497083734 ], [ -110.71571917975082, 32.062559607089185 ], [ -110.715633785150146, 32.062548662311976 ], [ -110.715516166748841, 32.062533545977502 ], [ -110.715626422931379, 32.06274151864568 ], [ -110.715899173549715, 32.063328380898476 ], [ -110.715969418609191, 32.063479796506478 ], [ -110.716073409922501, 32.063704202715513 ], [ -110.716138165651643, 32.063843454854123 ], [ -110.716270417575885, 32.06412842845593 ], [ -110.716401489155842, 32.064411156945262 ], [ -110.716619693259375, 32.064880936958644 ], [ -110.71663106998335, 32.064905783269346 ], [ -110.716780584897876, 32.065230583418312 ], [ -110.716946921038002, 32.065591920035772 ], [ -110.717000656523382, 32.065710108329895 ], [ -110.717132460868442, 32.065998856297298 ], [ -110.717177184407419, 32.066096515977939 ], [ -110.717283798045344, 32.066367759198315 ], [ -110.717437283556777, 32.066757642216174 ], [ -110.717512912458261, 32.066954181499192 ], [ -110.717592608250101, 32.067161285195979 ], [ -110.717610551610946, 32.067208613560908 ], [ -110.717702637008841, 32.067465199736915 ], [ -110.717740592538988, 32.067570958401717 ], [ -110.717741362462007, 32.067573800088624 ], [ -110.717808700498708, 32.067769259732145 ], [ -110.71785216409711, 32.067895419010682 ], [ -110.717888760804399, 32.067997553909784 ], [ -110.718009803381008, 32.068338425007447 ], [ -110.718276892251055, 32.069052356396355 ], [ -110.718427551823595, 32.069442984312566 ], [ -110.718566882970308, 32.069805072537427 ], [ -110.71864103307901, 32.069998099009659 ], [ -110.718753823954472, 32.070291389201437 ], [ -110.718778026806106, 32.070353894583675 ], [ -110.718830711719406, 32.070491141919881 ], [ -110.71883072732183, 32.070799428992046 ], [ -110.718830067279143, 32.07177848515866 ], [ -110.718829726012331, 32.073073476589251 ], [ -110.718829616941079, 32.073855488658722 ], [ -110.718829408239699, 32.074676068452241 ], [ -110.71882925386663, 32.075221355696712 ], [ -110.718829252515093, 32.075221540555688 ], [ -110.718829251948179, 32.07522393937392 ], [ -110.718829227900301, 32.075308788964342 ], [ -110.718900710703736, 32.075309129276157 ], [ -110.718901280490769, 32.075309131957219 ], [ -110.721568663081001, 32.075321774064669 ], [ -110.721522263335359, 32.08027240394064 ], [ -110.721522261953609, 32.080272591504723 ], [ -110.721522240188946, 32.080274996434916 ], [ -110.721457543553697, 32.087175397081502 ], [ -110.72145754112384, 32.087175583733689 ], [ -110.721457519431993, 32.087177982349324 ], [ -110.721434540638327, 32.089628212309457 ], [ -110.721434538231676, 32.089628397158158 ], [ -110.721434515209907, 32.089630897665046 ], [ -110.721432509468087, 32.089844754226505 ], [ -110.72140279480611, 32.097085978702353 ], [ -110.724716966625948, 32.097119530546628 ], [ -110.724718358485887, 32.097119545449139 ], [ -110.724718467590904, 32.097119546475945 ], [ -110.7260994506278, 32.097133500404595 ], [ -110.726102181409331, 32.097133527877972 ], [ -110.726102393252162, 32.097133530771124 ], [ -110.729997416248111, 32.09717280899411 ], [ -110.729967639779218, 32.099844307132066 ], [ -110.729967637388782, 32.099844491981052 ], [ -110.72996760759419, 32.099846877895473 ], [ -110.729957053101813, 32.10079361441165 ], [ -110.729927275310516, 32.104344425525639 ], [ -110.72992526592067, 32.105346812849099 ], [ -110.729925264577375, 32.105346998609548 ], [ -110.729925259873411, 32.105349410007761 ], [ -110.729924904698919, 32.105526352792836 ], [ -110.729924641745484, 32.105577888818694 ], [ -110.729919974131931, 32.107155781201108 ], [ -110.729919056284999, 32.107975663602758 ], [ -110.732562923183423, 32.1079890182355 ], [ -110.732565995619339, 32.107989033438081 ], [ -110.732566233996081, 32.107989034765282 ], [ -110.734163881221392, 32.107997077716405 ], [ -110.734154204065746, 32.108902497635597 ], [ -110.734154201682927, 32.108902682484619 ], [ -110.734154173045866, 32.108905068409086 ], [ -110.734124612760468, 32.111669516122454 ], [ -110.734104662692928, 32.113498687547697 ], [ -110.734094831706699, 32.114417698240324 ], [ -110.734084896663532, 32.115376048393607 ], [ -110.734075457297152, 32.116233302920875 ], [ -110.734066311521474, 32.117099063241085 ], [ -110.734056262600703, 32.118034820695243 ], [ -110.734045575128249, 32.11902004983228 ], [ -110.737379401916158, 32.119067049155476 ], [ -110.737381384169694, 32.119067077539071 ], [ -110.737381537789972, 32.119067079871762 ], [ -110.738617173497929, 32.119084476474079 ], [ -110.738619283956098, 32.119084506031193 ], [ -110.738619401540859, 32.1190845089289 ], [ -110.738619401922293, 32.119084644203994 ], [ -110.738619411989802, 32.119087077381707 ], [ -110.738619504549618, 32.119108741528478 ], [ -110.738619504293922, 32.119108926397217 ], [ -110.738619514986937, 32.119111310882964 ], [ -110.738631222110072, 32.121881488096172 ], [ -110.73863122079463, 32.121881672954956 ], [ -110.738631231346901, 32.121884068260101 ], [ -110.738649674802531, 32.126249576222605 ], [ -110.742356307321486, 32.126312648574789 ], [ -110.742358187954864, 32.12631268044904 ], [ -110.742358298143358, 32.126312682373005 ], [ -110.742786114992356, 32.126319954431835 ], [ -110.742778488452686, 32.126994229118843 ], [ -110.742778486074045, 32.126994414869586 ], [ -110.742778456592234, 32.126996799882988 ], [ -110.742746272054163, 32.129841033294774 ], [ -110.743355309205526, 32.129843255726847 ], [ -110.743356110363962, 32.129843258643689 ], [ -110.743356141094026, 32.129843258928524 ], [ -110.744702077937276, 32.12984816100645 ], [ -110.744793143007385, 32.129848655983984 ], [ -110.744794055407212, 32.12984866172517 ], [ -110.744794089316258, 32.129848662039095 ], [ -110.746879902564615, 32.129859973427962 ], [ -110.746817929442187, 32.133639830121602 ], [ -110.746804605805721, 32.133639706981469 ], [ -110.74680870028908, 32.135835661185652 ], [ -110.746808698989028, 32.135835846044493 ], [ -110.74680870291445, 32.135838278259939 ], [ -110.746812321121254, 32.137780029068665 ], [ -110.746814924461447, 32.138250545724851 ], [ -110.74681492316121, 32.138250730583628 ], [ -110.746814937740567, 32.13825324135405 ], [ -110.746829893158974, 32.140958218289953 ], [ -110.746860808189453, 32.144577698288593 ], [ -110.744575595109453, 32.14457501512495 ], [ -110.744575279246121, 32.144575014904966 ], [ -110.743241783893069, 32.144573430578795 ], [ -110.743241569784843, 32.144573430397159 ], [ -110.743238813956566, 32.144573426488094 ], [ -110.742607605628464, 32.144572671070186 ], [ -110.74258678293792, 32.146386367472367 ], [ -110.74361447025683, 32.147309585319974 ], [ -110.74467212116646, 32.148259873298713 ], [ -110.746287987041882, 32.148254055025433 ], [ -110.74629166011735, 32.148254040298696 ], [ -110.746291943137493, 32.148254040210816 ], [ -110.746763397210387, 32.148252337669859 ], [ -110.746848615578131, 32.148252009035971 ], [ -110.747838521687868, 32.148248454988632 ], [ -110.747838736887829, 32.14824845336905 ], [ -110.747839326280001, 32.148248450696627 ], [ -110.747835389446124, 32.148586443360259 ], [ -110.74783538708725, 32.148586628208996 ], [ -110.747835357700325, 32.14858901412024 ], [ -110.74782658639586, 32.149341717778626 ], [ -110.747817932703668, 32.150083102047745 ], [ -110.747807695409534, 32.150916896920442 ], [ -110.74779637878602, 32.151898511338139 ], [ -110.746804796813649, 32.151903950006684 ], [ -110.746711489729293, 32.151904890952537 ], [ -110.744732865006085, 32.151908227498332 ], [ -110.743833416491171, 32.151909772463952 ], [ -110.743652880684635, 32.151910074880426 ], [ -110.74248081098419, 32.15191208844999 ], [ -110.741355189317744, 32.151913921980892 ], [ -110.740156868200131, 32.151915928099186 ], [ -110.738870905013712, 32.151918052229384 ], [ -110.738221865062286, 32.151919139092463 ], [ -110.738229620632069, 32.151598901651091 ], [ -110.73715871382899, 32.15158617523047 ], [ -110.737030705971591, 32.151584638377535 ], [ -110.735736089100044, 32.151569212719011 ], [ -110.735702572815839, 32.151568814250744 ], [ -110.734126501714016, 32.151549972204677 ], [ -110.734133490119163, 32.151603035700731 ], [ -110.734144520090794, 32.151655879950717 ], [ -110.73415797857389, 32.151708316733021 ], [ -110.734173057911676, 32.151760339401207 ], [ -110.734190161931579, 32.151811951728476 ], [ -110.734425468480481, 32.152355558135767 ], [ -110.734430566327745, 32.152367374321578 ], [ -110.734462252031435, 32.152448013074874 ], [ -110.734462319762571, 32.152448185952437 ], [ -110.734463194187242, 32.152450411660695 ], [ -110.734516983957135, 32.152587304097203 ], [ -110.736774053230505, 32.152634139371372 ], [ -110.738203397697191, 32.152663780110188 ], [ -110.738189177206834, 32.153235292290418 ], [ -110.738174843687858, 32.153815564404084 ], [ -110.738155373225851, 32.154606665875534 ], [ -110.73813338077828, 32.155499531409113 ], [ -110.73861965920959, 32.155499936719586 ], [ -110.739000926690338, 32.155500307922267 ], [ -110.739984792526712, 32.155501129499982 ], [ -110.740139481643979, 32.155501193596514 ], [ -110.741503404020094, 32.155502357824012 ], [ -110.741616088108159, 32.15550245924252 ], [ -110.742391146162547, 32.155503040738161 ], [ -110.742946892650039, 32.155503559162668 ], [ -110.743130256908159, 32.155503713348132 ], [ -110.743451346843514, 32.155503942251066 ], [ -110.744217923497899, 32.155504519582323 ], [ -110.744496200719567, 32.155504778377832 ], [ -110.744969959773528, 32.155505129866825 ], [ -110.745005501227695, 32.155505201064955 ], [ -110.745547921317595, 32.155505583756934 ], [ -110.746658608766793, 32.155506496399802 ], [ -110.748656898214193, 32.155487507299647 ], [ -110.748782071621832, 32.15548666340969 ], [ -110.748850378507697, 32.155486200875728 ], [ -110.750892577759402, 32.155476171407457 ], [ -110.750880590083938, 32.156417751200941 ], [ -110.750874530976233, 32.156893650983228 ], [ -110.752387083803569, 32.156896926904544 ], [ -110.754587800637495, 32.156901537986393 ], [ -110.754591076244139, 32.156901545525464 ], [ -110.754591331720832, 32.156901546068212 ], [ -110.755025270256965, 32.156902450178734 ], [ -110.755021129194958, 32.157356785084772 ], [ -110.755021126826904, 32.157356971737137 ], [ -110.75502110492242, 32.157359366736252 ], [ -110.75500670776789, 32.158938556883299 ], [ -110.754974518473304, 32.162493972106049 ], [ -110.754972512071419, 32.162715739486089 ], [ -110.755010424373694, 32.16278209533062 ], [ -110.755010308629011, 32.162791550611544 ], [ -110.754019934491993, 32.162787950624718 ], [ -110.751884504968686, 32.162779132045841 ], [ -110.748460216771036, 32.162765769749633 ], [ -110.746519865100396, 32.162758489487743 ], [ -110.746538863394946, 32.163863385727012 ], [ -110.746564108317884, 32.165301190399155 ], [ -110.746582949822056, 32.166386758189915 ], [ -110.746597582386059, 32.16723280630795 ], [ -110.747385330660862, 32.167228064253074 ], [ -110.748679660707907, 32.167220350789933 ], [ -110.748680549868752, 32.168163592934214 ], [ -110.749463328242371, 32.168169099792472 ], [ -110.750258226041183, 32.168174541306769 ], [ -110.750616899593808, 32.168176989359168 ], [ -110.750852783409414, 32.168178647558456 ], [ -110.750832178981128, 32.169986416425793 ], [ -110.751685855208947, 32.169977016004452 ], [ -110.752884153078568, 32.169963823314639 ], [ -110.753863073454852, 32.16995298298896 ], [ -110.755619715837128, 32.16993355617209 ], [ -110.755643142492062, 32.169933771183985 ], [ -110.755684990949703, 32.169934155261984 ], [ -110.755712614642647, 32.169934408779966 ], [ -110.755712572148127, 32.169937758598103 ], [ -110.755698570117147, 32.172222649291989 ], [ -110.755698570487368, 32.172223037973517 ], [ -110.755698569366658, 32.172223627743925 ], [ -110.755698567765094, 32.17222375398201 ], [ -110.755698568764686, 32.172224343771887 ], [ -110.755693835330135, 32.172996904901211 ], [ -110.755693829831301, 32.172997505453054 ], [ -110.755693822868125, 32.17299822142251 ], [ -110.755693821460994, 32.172998332331652 ], [ -110.755693812377501, 32.172999048281653 ], [ -110.755669198338708, 32.177017931825894 ], [ -110.755768174327969, 32.177017980855219 ], [ -110.75858837416159, 32.177020212476812 ], [ -110.758588428799868, 32.177143560978024 ], [ -110.760399491601007, 32.177144410380762 ], [ -110.7615838764725, 32.17715274108285 ], [ -110.761585550661692, 32.177020131440614 ], [ -110.76281340833269, 32.177021699881514 ], [ -110.763960145916371, 32.177023153826973 ], [ -110.764186350339955, 32.177025387339867 ], [ -110.764186838104933, 32.177147021950816 ], [ -110.76523073405825, 32.177147595844446 ], [ -110.766199488596939, 32.177148164860171 ], [ -110.768456954582746, 32.177149436815299 ], [ -110.769730719302189, 32.177150084182024 ], [ -110.770966075506308, 32.177150752284739 ], [ -110.772472161548137, 32.177151549006155 ], [ -110.772703284881786, 32.177151642036748 ], [ -110.772949268752384, 32.177151740961662 ], [ -110.772949436112611, 32.177230299790999 ], [ -110.772949436704579, 32.177231015831147 ], [ -110.772949447715931, 32.177234376063865 ], [ -110.772950869563189, 32.177443805652821 ], [ -110.772945774158913, 32.179240985009933 ], [ -110.772944206320531, 32.179657227700503 ], [ -110.772942571593234, 32.180208071619369 ], [ -110.772942202188091, 32.180399189063316 ], [ -110.772943005090568, 32.180512314437848 ], [ -110.772943014174999, 32.180513029652666 ], [ -110.772944116255815, 32.180666174496764 ], [ -110.772943988631468, 32.18087026479769 ], [ -110.772944274680228, 32.180912012912152 ], [ -110.772945066428065, 32.182690519449018 ], [ -110.772945307565479, 32.183155911389711 ], [ -110.772945584789198, 32.183553789001159 ], [ -110.772945506871082, 32.183850820707384 ], [ -110.772941548799196, 32.183958826701293 ], [ -110.772941525013991, 32.183959541618485 ], [ -110.772935686160864, 32.184119245575843 ], [ -110.772933290471357, 32.184375454980945 ], [ -110.772931984679772, 32.184512191242035 ], [ -110.772929972456637, 32.185535119543701 ], [ -110.772929969865515, 32.185535835554184 ], [ -110.772926899391805, 32.187098884366584 ], [ -110.772926895751169, 32.187099599465597 ], [ -110.772924827358352, 32.188153815901295 ], [ -110.772924778378709, 32.188181898585455 ], [ -110.772675968026107, 32.188179370320661 ], [ -110.77244171390312, 32.188176988601334 ], [ -110.771207138757376, 32.188164781482762 ], [ -110.770871419517462, 32.188161396613175 ], [ -110.770052943554774, 32.18815329112573 ], [ -110.769466355048436, 32.188147542023245 ], [ -110.769463087022515, 32.188697939915272 ], [ -110.769459766060422, 32.189252546004063 ], [ -110.76945694917957, 32.189766958666368 ], [ -110.76945540286566, 32.189986840734633 ], [ -110.769451787344622, 32.190597105234495 ], [ -110.769445590365336, 32.191670760215651 ], [ -110.769445417957499, 32.191684502153777 ], [ -110.769444389500251, 32.191776365970732 ], [ -110.768474028399567, 32.19177404565211 ], [ -110.76840523131925, 32.191773879985469 ], [ -110.768406165318723, 32.191699502224111 ], [ -110.767389994976014, 32.191697915539038 ], [ -110.767393921163887, 32.191771307592184 ], [ -110.767077959395266, 32.191770754154867 ], [ -110.765405639052261, 32.19176670726943 ], [ -110.764256936590129, 32.191765348751119 ], [ -110.764173441801475, 32.191711183895642 ], [ -110.764026491267316, 32.191615849508736 ], [ -110.763367291400854, 32.19131074693815 ], [ -110.7632837115424, 32.19127407932978 ], [ -110.76319888723576, 32.191239977670946 ], [ -110.763092975412349, 32.191205003630571 ], [ -110.763092755753021, 32.191204930384288 ], [ -110.763008162409733, 32.191176993633015 ], [ -110.76294849787476, 32.191166313927617 ], [ -110.762888003687095, 32.191157343658972 ], [ -110.76282789182855, 32.191150095688023 ], [ -110.762766949229857, 32.191144642813903 ], [ -110.762705984950856, 32.191140908550665 ], [ -110.762644998999519, 32.191138891996403 ], [ -110.76258399029129, 32.191138678812557 ], [ -110.76252295990372, 32.191140183337488 ], [ -110.762461906752165, 32.191143491232587 ], [ -110.762401235916741, 32.191148520523903 ], [ -110.762340947382683, 32.191155272113612 ], [ -110.76228063716691, 32.191163740510746 ], [ -110.762220708175661, 32.191174015966546 ], [ -110.762161162557206, 32.191185928060257 ], [ -110.762102403252257, 32.19119956433903 ], [ -110.762044026243686, 32.191214922016776 ], [ -110.761986436612844, 32.191231919121428 ], [ -110.761929230354127, 32.191250551964863 ], [ -110.761873215481927, 32.191270827024468 ], [ -110.761817987968115, 32.191292742415683 ], [ -110.761763144923179, 32.191316206083179 ], [ -110.761709898320063, 32.191341231802134 ], [ -110.761657441266777, 32.191367723827831 ], [ -110.761430102762375, 32.191484442664304 ], [ -110.761362627954185, 32.191516294763169 ], [ -110.761293964956209, 32.191546246690855 ], [ -110.761224117030309, 32.191574040559523 ], [ -110.761153083098023, 32.191599762028751 ], [ -110.761081268261592, 32.191623328225397 ], [ -110.761008268498344, 32.191644737259544 ], [ -110.760934487840061, 32.191663991018224 ], [ -110.760859927374312, 32.191681003838816 ], [ -110.760784587094875, 32.191695776621721 ], [ -110.760708871011644, 32.191708313058825 ], [ -110.760632779141503, 32.191718612247875 ], [ -110.760556312573001, 32.19172658852694 ], [ -110.76047947021739, 32.191732328458514 ], [ -110.759559204823788, 32.191751311447923 ], [ -110.759444778003413, 32.191757651922366 ], [ -110.759330307699798, 32.191767426863393 ], [ -110.759216602971122, 32.191780559808407 ], [ -110.759103663827887, 32.191797048955706 ], [ -110.758991086253005, 32.1918168906085 ], [ -110.758879679306091, 32.191840008307388 ], [ -110.75876903790882, 32.19186648221379 ], [ -110.758659972229708, 32.19189614840608 ], [ -110.75855167315153, 32.191929086051012 ], [ -110.758445353776295, 32.191965219688356 ], [ -110.758340207168729, 32.192004456260094 ], [ -110.758236637325254, 32.1920467994699 ], [ -110.758135048243275, 32.192092253022764 ], [ -110.758035442097366, 32.192140644698867 ], [ -110.757937819954861, 32.192191889743043 ], [ -110.757842180735466, 32.192246072919289 ], [ -110.757748929514392, 32.192303113174916 ], [ -110.757658069567213, 32.192362751727693 ], [ -110.7575700027148, 32.192425164510126 ], [ -110.757484328216066, 32.192490089938822 ], [ -110.75740104606875, 32.192557528018511 ], [ -110.757320965362197, 32.19262740140227 ], [ -110.756889206003393, 32.193027671673534 ], [ -110.756853228240004, 32.193060841858376 ], [ -110.756800087009751, 32.193109229437383 ], [ -110.756744945276409, 32.193156052952922 ], [ -110.756688207062027, 32.193201315206771 ], [ -110.756629470529958, 32.193244841167974 ], [ -110.756568734582586, 32.193286717396823 ], [ -110.756506809439841, 32.193326778177877 ], [ -110.756442887069682, 32.193365016997348 ], [ -110.756377775496745, 32.193401441266566 ], [ -110.756311475822173, 32.193435964420772 ], [ -110.756243585112742, 32.193468497991091 ], [ -110.75617410339423, 32.193499040171673 ], [ -110.756103837572255, 32.193527686742328 ], [ -110.756032386934805, 32.193554174304793 ], [ -110.755960154399446, 32.193578593128535 ], [ -110.755886735958171, 32.19360093950371 ], [ -110.755812536726722, 32.193621130574321 ], [ -110.755812550714964, 32.193734298794091 ], [ -110.755812553312424, 32.19373501304549 ], [ -110.755812591294585, 32.193935083673928 ], [ -110.755815483465582, 32.19904267274007 ], [ -110.755815486050423, 32.199043387892559 ], [ -110.755815529297024, 32.199113561989797 ], [ -110.755767041614931, 32.199113374726018 ], [ -110.75576704257395, 32.200202231660853 ], [ -110.755767038783858, 32.200202947656479 ], [ -110.755767044987081, 32.202708490120848 ], [ -110.755686599926918, 32.202706782010715 ], [ -110.755574745413213, 32.202704404843146 ], [ -110.755576002214127, 32.206072678107958 ], [ -110.75557261484424, 32.206307487624898 ], [ -110.755669200309484, 32.206307343881214 ], [ -110.755669229130064, 32.206334881532044 ], [ -110.755669226333126, 32.206334934712572 ], [ -110.755669223662181, 32.206334977974493 ], [ -110.755669227469951, 32.206335596644749 ], [ -110.755669223601004, 32.206335650717243 ], [ -110.755669401404347, 32.206514184537141 ], [ -110.755818474654703, 32.206517787205037 ], [ -110.755812847166311, 32.220669772375864 ], [ -110.755909853045395, 32.220669546852278 ], [ -110.755909885563327, 32.220772333271846 ], [ -110.755909887037518, 32.22077305201897 ], [ -110.755909912097309, 32.220858895373659 ], [ -110.755909914678014, 32.220859610523775 ], [ -110.755910474350884, 32.222506476712027 ], [ -110.755910476919766, 32.222507192763636 ], [ -110.755911316977787, 32.224975014940945 ], [ -110.755911319546144, 32.224975730992284 ], [ -110.755911745257606, 32.226213138958933 ], [ -110.755911580630368, 32.226734871762048 ], [ -110.755908595307474, 32.22722410938453 ], [ -110.755909538691512, 32.228155906042502 ], [ -110.755796595815411, 32.228155238374519 ], [ -110.754437654578382, 32.228147203167069 ], [ -110.754189486395177, 32.228145779175605 ], [ -110.753259464875285, 32.228140227650002 ], [ -110.753248020149385, 32.229101901747221 ], [ -110.753246270287264, 32.229239233865606 ], [ -110.753232581373979, 32.230376974739471 ], [ -110.753225017026409, 32.231002314861435 ], [ -110.75321830175065, 32.2315610073233 ], [ -110.753203954487034, 32.232750279405444 ], [ -110.753202123321344, 32.232893966559864 ], [ -110.753189697205514, 32.233932422490575 ], [ -110.753186207873526, 32.234237922642478 ], [ -110.753176542481555, 32.235027992230975 ], [ -110.753173668985667, 32.235253442830356 ], [ -110.75317372012276, 32.235333424524349 ], [ -110.753173719497781, 32.235333640047926 ], [ -110.755423659056945, 32.235334069402555 ], [ -110.755423545947622, 32.235254383803429 ], [ -110.755423539419482, 32.235252144582233 ], [ -110.755423541856828, 32.235252036389006 ], [ -110.755664688634653, 32.235274395658919 ], [ -110.75568373883786, 32.235276162358055 ], [ -110.755895543178553, 32.23529579961216 ], [ -110.756392380352835, 32.235294793069329 ], [ -110.757648180757883, 32.235292303708526 ], [ -110.757684367366593, 32.235292230703486 ], [ -110.758629020214414, 32.235289963369993 ], [ -110.760395097061988, 32.235281440218671 ], [ -110.760408043221361, 32.235281377418637 ], [ -110.760620632644134, 32.235251011985845 ], [ -110.760786956837919, 32.23522725431723 ], [ -110.760792593354893, 32.235230319682735 ], [ -110.760796174504677, 32.23523231114423 ], [ -110.760799404300755, 32.235233896288285 ], [ -110.760802664660801, 32.235235162475497 ], [ -110.760806221895649, 32.235236612639476 ], [ -110.760809460296983, 32.235237853375359 ], [ -110.760816165355479, 32.235239821106575 ], [ -110.760819874301873, 32.235240853322075 ], [ -110.760823562533886, 32.235241761801731 ], [ -110.760826281417351, 32.235242302499344 ], [ -110.760827223378826, 32.235242486965895 ], [ -110.760834450927732, 32.235243579321015 ], [ -110.760838115084653, 32.235243959126741 ], [ -110.760841718863361, 32.235244247298539 ], [ -110.760845354458141, 32.235244452795904 ], [ -110.760848749427822, 32.235244473027336 ], [ -110.760850470252123, 32.235244483356482 ], [ -110.760864260495325, 32.235244457989516 ], [ -110.760926570706417, 32.235244343438325 ], [ -110.761233400161132, 32.23524378025455 ], [ -110.764102425341179, 32.235238469686237 ], [ -110.764574698586657, 32.235235588174689 ], [ -110.764680919035342, 32.235234939645473 ], [ -110.764780907703852, 32.235234328909279 ], [ -110.764915018918018, 32.23523350967497 ], [ -110.766293596846921, 32.235225194269283 ], [ -110.766927748395361, 32.235221372441224 ], [ -110.76797303820976, 32.23521506578647 ], [ -110.76845121290782, 32.2352121774314 ], [ -110.768449838934544, 32.235353549816104 ], [ -110.769495647258282, 32.235351453003936 ], [ -110.769496653317077, 32.235207060728847 ], [ -110.76949666830852, 32.235205867785325 ], [ -110.77043731383236, 32.235207350770409 ], [ -110.772048649308246, 32.23520991224494 ], [ -110.772371695378467, 32.235210464477824 ], [ -110.772559163274423, 32.235210784011798 ], [ -110.772563368034284, 32.235222044971195 ], [ -110.772684049426843, 32.235221450299122 ], [ -110.772712664463157, 32.235221312558039 ], [ -110.772754600783699, 32.235221234981609 ], [ -110.772928441704181, 32.23522091387796 ], [ -110.77293053697214, 32.235220931940646 ], [ -110.772930522025575, 32.235222124885595 ], [ -110.772929695379489, 32.235430624176793 ], [ -110.77292965321098, 32.235443304893849 ], [ -110.772929649556431, 32.235444019987426 ], [ -110.772929653001611, 32.23544467652836 ], [ -110.772929908687885, 32.235444677940805 ], [ -110.772910412906938, 32.238022938431136 ], [ -110.772908216846972, 32.238313433908026 ], [ -110.772901348783932, 32.239221797680855 ], [ -110.772893738690527, 32.239221728794504 ], [ -110.772895049744861, 32.239117107679832 ], [ -110.772575313592256, 32.239114310425016 ], [ -110.772106354073983, 32.2391155607203 ], [ -110.766125399121975, 32.239075758580654 ], [ -110.765795171480775, 32.239295909171517 ], [ -110.76509002526079, 32.239625253537717 ], [ -110.764543813092089, 32.239789489324451 ], [ -110.764228567598849, 32.239783092944428 ], [ -110.764212246854797, 32.241203666953098 ], [ -110.76419453442665, 32.242734346370369 ], [ -110.764724188637274, 32.242730329819679 ], [ -110.765488748790787, 32.242724671196086 ], [ -110.76642190910664, 32.242717708602541 ], [ -110.767233775243028, 32.242711611554334 ], [ -110.767074259953517, 32.244366582236161 ], [ -110.767067561909172, 32.244448981613886 ], [ -110.768564175892578, 32.244452969936034 ], [ -110.769008066169263, 32.244454167565131 ], [ -110.768952837335178, 32.245277325099927 ], [ -110.768881135417615, 32.246027921240533 ], [ -110.768846638570665, 32.246456230170295 ], [ -110.768083824787908, 32.246449125361899 ], [ -110.768081669939548, 32.246684546904902 ], [ -110.768075494075902, 32.247303630197088 ], [ -110.768069520064302, 32.247938778067535 ], [ -110.768040994789487, 32.250846875568037 ], [ -110.768040949220307, 32.250882607930251 ], [ -110.767799555374722, 32.250882643948614 ], [ -110.764547336230123, 32.250883085682972 ], [ -110.764137698010785, 32.250883134923839 ], [ -110.76413810055314, 32.250851270937552 ], [ -110.763776262203152, 32.250849515921701 ], [ -110.763775771623656, 32.250888336455567 ], [ -110.763378065099531, 32.250888329796034 ], [ -110.762587898694662, 32.250888312854109 ], [ -110.762588233327833, 32.250861859935057 ], [ -110.76186085983413, 32.250862944125409 ], [ -110.761860909693667, 32.250890946231657 ], [ -110.760994059765352, 32.250891093963574 ], [ -110.7596666972143, 32.250891226764047 ], [ -110.759348827606331, 32.250891289281277 ], [ -110.759345499795188, 32.25112793491509 ], [ -110.759366272779715, 32.253028144030466 ], [ -110.759373620212699, 32.253691929583823 ], [ -110.75938808253629, 32.254623517662367 ], [ -110.758924698087952, 32.254625283894136 ], [ -110.758665914562556, 32.254626262064527 ], [ -110.758225578650652, 32.254627893429699 ], [ -110.757782006322614, 32.254629665811017 ], [ -110.757334796572238, 32.254631317580923 ], [ -110.757232495601144, 32.254631753005491 ], [ -110.757243775455706, 32.255621119394547 ], [ -110.756810307740082, 32.255622809697002 ], [ -110.755881912071857, 32.255626307348564 ], [ -110.755110809248919, 32.255629268791431 ], [ -110.754935888285573, 32.255648791057133 ], [ -110.754946625901752, 32.255885102975952 ], [ -110.754946954802264, 32.256271980943879 ], [ -110.754962078660739, 32.256957568922452 ], [ -110.754963457826918, 32.257325473731697 ], [ -110.75497305058434, 32.257778662728292 ], [ -110.754970295463636, 32.258185440056181 ], [ -110.754961025059188, 32.258405333790527 ], [ -110.755266414116377, 32.258396889469587 ], [ -110.756253016521356, 32.258397109399098 ], [ -110.759453807417174, 32.258398386112773 ], [ -110.759453619969491, 32.25831755568926 ], [ -110.76061766211312, 32.258323147275632 ], [ -110.762310986331698, 32.258329356598296 ], [ -110.763648012484694, 32.25834105233411 ], [ -110.76390090562758, 32.258359079693975 ], [ -110.763883344497401, 32.25805295761333 ], [ -110.763879086578456, 32.257558072398147 ], [ -110.763880590427689, 32.257344123576878 ], [ -110.763882582829254, 32.257121494922458 ], [ -110.763900871038032, 32.256794226406079 ], [ -110.76388637582707, 32.256341508490479 ], [ -110.7638902175635, 32.256186668376444 ], [ -110.763899619832131, 32.255869459404437 ], [ -110.763902084616703, 32.255654026825241 ], [ -110.763681557395856, 32.25565547796986 ], [ -110.763677424221257, 32.254606993403875 ], [ -110.764647843515775, 32.254604852282405 ], [ -110.764921584707324, 32.254604084799084 ], [ -110.765615843796994, 32.254602166735069 ], [ -110.765608138062603, 32.252617382403713 ], [ -110.765607690483989, 32.252044022890999 ], [ -110.76643566424444, 32.252049674191831 ], [ -110.766435849392863, 32.252131191013603 ], [ -110.7679641364943, 32.252134360146933 ], [ -110.767965881197284, 32.253504933719647 ], [ -110.767969136271262, 32.254594984706394 ], [ -110.768003103700323, 32.254594692080126 ], [ -110.768606011207865, 32.254590638210985 ], [ -110.768644021479361, 32.254590382154554 ], [ -110.769068178170542, 32.254589254639349 ], [ -110.769058665075789, 32.253867039757381 ], [ -110.769055170513013, 32.253502035818414 ], [ -110.769051736455452, 32.252939384847487 ], [ -110.769050021533573, 32.252465051528915 ], [ -110.769050186470167, 32.252387660875399 ], [ -110.77003995288932, 32.252388488085941 ], [ -110.770290202064103, 32.252390501329103 ], [ -110.772038733686145, 32.25240458079972 ], [ -110.772039025893662, 32.252438297114416 ], [ -110.772042518808732, 32.253094402912431 ], [ -110.772091840715376, 32.253094849799837 ], [ -110.772092417187835, 32.253242252764998 ], [ -110.7720925517024, 32.253260204243603 ], [ -110.772098912790483, 32.254110205949196 ], [ -110.772102094656049, 32.25462999233244 ], [ -110.771958169296113, 32.254628688203141 ], [ -110.771955843116416, 32.255071805310372 ], [ -110.771952846740746, 32.25519023450574 ], [ -110.771951029999158, 32.255262020862517 ], [ -110.772230417391199, 32.255261483513436 ], [ -110.772443520108894, 32.25526107200664 ], [ -110.773458028569507, 32.255258231865703 ], [ -110.774028158235041, 32.255256689868958 ], [ -110.774631850301049, 32.255254933801872 ], [ -110.775157100906071, 32.255253238877344 ], [ -110.775154680977494, 32.254897349999162 ], [ -110.775150347030518, 32.254306688969884 ], [ -110.775150290978303, 32.254278858112379 ], [ -110.775147294079815, 32.253807518640059 ], [ -110.77629674081146, 32.25381197359706 ], [ -110.776432752087828, 32.25380966267921 ], [ -110.776521190162327, 32.253808158617161 ], [ -110.776503452203585, 32.253642218463575 ], [ -110.776508951958206, 32.253590386814352 ], [ -110.776512431373718, 32.253538451259139 ], [ -110.776513889382898, 32.253486497459186 ], [ -110.776513326000469, 32.253434524513011 ], [ -110.77651074120736, 32.253382534224045 ], [ -110.776506537156564, 32.253330700661479 ], [ -110.776500310630865, 32.253278935417022 ], [ -110.776491277779598, 32.253225254676394 ], [ -110.77648386527683, 32.253171330645557 ], [ -110.77647888059505, 32.25311725718533 ], [ -110.776476323741235, 32.253063033394142 ], [ -110.776476193629094, 32.253008745834876 ], [ -110.776478083835059, 32.252954562180634 ], [ -110.776477507995494, 32.252871238139335 ], [ -110.776473527570104, 32.252283930224372 ], [ -110.776467779293441, 32.251320466622822 ], [ -110.776465847501612, 32.250952845901672 ], [ -110.776464906968087, 32.250773882923724 ], [ -110.77754812528282, 32.25076896634215 ], [ -110.777712228605324, 32.250768231120759 ], [ -110.777840864929161, 32.250767654826106 ], [ -110.781002374427786, 32.250753338099159 ], [ -110.781256027311471, 32.250773764947866 ], [ -110.781440616047206, 32.250788628838727 ], [ -110.781614802570715, 32.250794489234607 ], [ -110.78178893250201, 32.250804901159299 ], [ -110.781962200536142, 32.250819599465935 ], [ -110.782541110187935, 32.250890164718527 ], [ -110.782665041615459, 32.250905707811661 ], [ -110.782788533595834, 32.250924081191542 ], [ -110.782858971996376, 32.250936159009655 ], [ -110.782911183999317, 32.250945109908983 ], [ -110.783220075828325, 32.25101058640827 ], [ -110.78352686143964, 32.251082914067304 ], [ -110.783831136602942, 32.251162091080865 ], [ -110.784219908461054, 32.251274320942414 ], [ -110.784604097886046, 32.251397504183473 ], [ -110.784983300744642, 32.251531635422943 ], [ -110.785135017041, 32.251588998819173 ], [ -110.785184196763254, 32.251610097709673 ], [ -110.785195343762311, 32.251614878783933 ], [ -110.785254439593487, 32.251642207708237 ], [ -110.785312305598438, 32.251670899932471 ], [ -110.785369343916415, 32.251701131303022 ], [ -110.785508337643279, 32.251773755087278 ], [ -110.785644919777184, 32.25184524160516 ], [ -110.787595069421215, 32.252801172739339 ], [ -110.789359341068987, 32.253665944504633 ], [ -110.79190931394379, 32.254905482484453 ], [ -110.792047645101789, 32.254973018850031 ], [ -110.792200701747717, 32.255047743624829 ], [ -110.792354052619089, 32.25512091793744 ], [ -110.792456828385554, 32.255164093637397 ], [ -110.792524489220938, 32.255202146577417 ], [ -110.793435855680428, 32.255645748521104 ], [ -110.79357364715932, 32.255713342466812 ], [ -110.793681422205438, 32.255766210880438 ], [ -110.793675447287683, 32.25595111314864 ], [ -110.793666398572796, 32.25623112066878 ], [ -110.793694764800918, 32.261694730636904 ], [ -110.796620422769337, 32.261708947373826 ], [ -110.796905107379317, 32.261711201849145 ], [ -110.796958034940545, 32.261759133620693 ], [ -110.795513576820227, 32.262809848394632 ], [ -110.79585607440336, 32.262920748577429 ], [ -110.796289604604141, 32.263191988912844 ], [ -110.796293902277142, 32.263518662022726 ], [ -110.797039172447072, 32.264015986040882 ], [ -110.797442567738116, 32.264025583503489 ], [ -110.79763403865158, 32.264289240772584 ], [ -110.797945165764517, 32.264407214303375 ], [ -110.797945957021767, 32.264386321230312 ], [ -110.798584059890601, 32.264823574114352 ], [ -110.798969693467058, 32.264827153232041 ], [ -110.799251084810209, 32.263631015530009 ], [ -110.79797431390196, 32.263637599853382 ], [ -110.797978979367258, 32.262742379664878 ], [ -110.799420438573208, 32.262707569263675 ], [ -110.799666280925322, 32.262706418677581 ], [ -110.800554893305048, 32.262974192319049 ], [ -110.800618245743038, 32.261718823702559 ], [ -110.801414960559015, 32.261725232263018 ], [ -110.802034794902781, 32.261730214800359 ], [ -110.802149125308063, 32.261731045112725 ], [ -110.802148402990568, 32.263366956761942 ], [ -110.802003796198051, 32.263323806534984 ], [ -110.802003834237084, 32.263387723689831 ], [ -110.802004933341536, 32.264359754673137 ], [ -110.801998020837374, 32.265338655051302 ], [ -110.801362644663826, 32.265329953723445 ], [ -110.800922147163845, 32.265323829408409 ], [ -110.800657066625263, 32.265320056270603 ], [ -110.799659876885315, 32.26530626049491 ], [ -110.799626046396142, 32.265305787248693 ], [ -110.799603228456817, 32.265305500671133 ], [ -110.799388017229802, 32.265302514919505 ], [ -110.798924188013189, 32.265296142972119 ], [ -110.798085773722548, 32.265284510831577 ], [ -110.797947224883742, 32.265282739927912 ], [ -110.797947850834618, 32.265389335331811 ], [ -110.797949105980535, 32.265586257721587 ], [ -110.797949313651458, 32.265618812676536 ], [ -110.797950226107034, 32.2657556893923 ], [ -110.797952089963886, 32.266035177695407 ], [ -110.797955440403186, 32.266557685813225 ], [ -110.797958786199075, 32.267092505196558 ], [ -110.797961706885019, 32.267694835684416 ], [ -110.797964864805806, 32.267976718820286 ], [ -110.797971119632763, 32.268509644830644 ], [ -110.797964530979925, 32.268667635570452 ], [ -110.797960903439972, 32.268963258772672 ], [ -110.799380230589279, 32.268971614394651 ], [ -110.799384880284848, 32.268971641100173 ], [ -110.799720100670541, 32.268973589904739 ], [ -110.80024921502573, 32.268976721694983 ], [ -110.800779137118028, 32.268979859306647 ], [ -110.800906513376688, 32.268980554530856 ], [ -110.801850709971859, 32.268986143914589 ], [ -110.802014883399337, 32.268987078059254 ], [ -110.802153986987847, 32.268987789856894 ], [ -110.802251996323747, 32.268988654723472 ], [ -110.802252644773731, 32.268988660445366 ], [ -110.802347470235034, 32.26898949714348 ], [ -110.802503548243706, 32.268991046395612 ], [ -110.802493832868137, 32.268454857717892 ], [ -110.802493080486883, 32.268413330472619 ], [ -110.802493171459091, 32.268400675434592 ], [ -110.802493726592132, 32.268371231198984 ], [ -110.802494860608604, 32.268311093945933 ], [ -110.802494906390919, 32.26830865047576 ], [ -110.802496319394407, 32.268233761357166 ], [ -110.80249726583979, 32.268183587322163 ], [ -110.802497765555756, 32.268157114022948 ], [ -110.802497851628829, 32.268150070833656 ], [ -110.802496772465759, 32.268115480945468 ], [ -110.802492255148067, 32.267970699716471 ], [ -110.802488019564009, 32.267834913705485 ], [ -110.802484255835409, 32.267714278464119 ], [ -110.802479978943666, 32.267577183573593 ], [ -110.802477353245024, 32.267493009068893 ], [ -110.802477145049266, 32.26748633482395 ], [ -110.802476991645321, 32.267481430391349 ], [ -110.802476930743509, 32.267479465736585 ], [ -110.802925981610869, 32.267481450596584 ], [ -110.803072160557591, 32.267482052403274 ], [ -110.803367147256822, 32.267483365254265 ], [ -110.803541632554825, 32.267484043788059 ], [ -110.80381033575604, 32.267485209621981 ], [ -110.804259790111487, 32.267487193293725 ], [ -110.804438521627532, 32.267487907987906 ], [ -110.804801240126594, 32.267489470358626 ], [ -110.804882931238168, 32.267489893712487 ], [ -110.804876797900349, 32.26726250972311 ], [ -110.804865673273156, 32.266848305678302 ], [ -110.804863984527046, 32.266787819774322 ], [ -110.804850336866579, 32.26628284814872 ], [ -110.805051700167354, 32.266283714274728 ], [ -110.805159059519696, 32.266284143309704 ], [ -110.80611355946661, 32.266288159762382 ], [ -110.806192005835385, 32.266288505928628 ], [ -110.806544611228006, 32.266289973407218 ], [ -110.806531842252369, 32.265478789093393 ], [ -110.806530863543202, 32.265419433969505 ], [ -110.8065305637748, 32.265401165386223 ], [ -110.806502092824545, 32.263643802810812 ], [ -110.810796399663374, 32.263621432764502 ], [ -110.810786448686997, 32.261474362612951 ], [ -110.812123415242084, 32.261479361549306 ], [ -110.81318728350152, 32.261999165207399 ], [ -110.813555094857335, 32.262178873044689 ], [ -110.814045089744567, 32.261785622249036 ], [ -110.81421655562059, 32.261784370254638 ], [ -110.814844305951155, 32.261781319456041 ], [ -110.815114298594992, 32.261780005832485 ], [ -110.81511411714331, 32.261713754333087 ], [ -110.815112656374382, 32.261179488437982 ], [ -110.817279428087929, 32.260719084831052 ], [ -110.818610424266936, 32.260436248538319 ], [ -110.81944637051518, 32.260258601914359 ], [ -110.819446988357384, 32.259837542440657 ], [ -110.823592478524944, 32.259863808534561 ], [ -110.823609895343878, 32.259863917768982 ], [ -110.825002636589673, 32.259872712054417 ], [ -110.825040637988749, 32.259872951195604 ], [ -110.825079916879119, 32.259957098772702 ], [ -110.825114954317215, 32.260032158291366 ], [ -110.82523901789699, 32.260156578003105 ], [ -110.825368383193776, 32.260277349616217 ], [ -110.825502040902919, 32.260394207382078 ], [ -110.825641203989861, 32.260507160862353 ], [ -110.825784057689958, 32.260615937352391 ], [ -110.825931408513526, 32.260720543804169 ], [ -110.826082856319104, 32.260820804502927 ], [ -110.826238200420377, 32.260916460687767 ], [ -110.826397642484437, 32.261007598854519 ], [ -110.826560577536753, 32.261094042424055 ], [ -110.826726806007059, 32.261175704891365 ], [ -110.826896530516763, 32.261252414845345 ], [ -110.827068740773427, 32.26132416355675 ], [ -110.827244247435971, 32.261390787566469 ], [ -110.827422038133292, 32.261452362899824 ], [ -110.827602116982064, 32.261508631666977 ], [ -110.827897527375981, 32.261592963778675 ], [ -110.828096990287477, 32.261649903038965 ], [ -110.828097049898716, 32.261652288821168 ], [ -110.828097677653133, 32.261677052325815 ], [ -110.82813966711916, 32.261676945255118 ], [ -110.832139231049922, 32.261666636437084 ], [ -110.832228037337345, 32.261679596706209 ], [ -110.832317072902796, 32.261690325114564 ], [ -110.832406739984478, 32.261698910785746 ], [ -110.832409011099358, 32.262052052122662 ], [ -110.832411962179933, 32.262416021818673 ], [ -110.832415111350286, 32.262763329675202 ], [ -110.832415779391624, 32.262860141279759 ], [ -110.832728770413112, 32.262961522812546 ], [ -110.83449406962653, 32.263539455441517 ], [ -110.834543140365156, 32.263561607519037 ], [ -110.834556943570036, 32.2635680167567 ], [ -110.834576317919613, 32.263577009593071 ], [ -110.834829238413874, 32.263663527236588 ], [ -110.835095326354519, 32.263713908242273 ], [ -110.835380878629508, 32.263742637089642 ], [ -110.83750253920968, 32.263972690066161 ], [ -110.840708291427404, 32.264293119509425 ], [ -110.840708494960026, 32.26424348955377 ], [ -110.840712321932983, 32.263313081212438 ], [ -110.840720034740841, 32.261437648183758 ], [ -110.840724625705946, 32.260321216280353 ], [ -110.840838646814163, 32.260321929546897 ], [ -110.840839567548144, 32.260106765895422 ], [ -110.84088829347391, 32.260106665056355 ], [ -110.840891057382038, 32.259530450710095 ], [ -110.840899382853991, 32.2577952740738 ], [ -110.84089926126228, 32.257788486955675 ], [ -110.840792706279245, 32.257789211725566 ], [ -110.840773813085761, 32.256700049053833 ], [ -110.841104114598238, 32.256719647139654 ], [ -110.841345155809734, 32.256733947575363 ], [ -110.841332042955514, 32.256268531503444 ], [ -110.841329554629567, 32.256188025102517 ], [ -110.841315954686095, 32.255746828238905 ], [ -110.841302719733761, 32.255326078381152 ], [ -110.841294540348827, 32.255059556816455 ], [ -110.841279156634926, 32.254860150302221 ], [ -110.841271391674098, 32.254759493211765 ], [ -110.84126030206258, 32.254465458915639 ], [ -110.84124317111403, 32.254015041576018 ], [ -110.841227039547462, 32.253582841972246 ], [ -110.841210397295441, 32.253142478454485 ], [ -110.841195061428124, 32.252728496631882 ], [ -110.841568718693637, 32.252723430996021 ], [ -110.841945812869398, 32.252718306919434 ], [ -110.841968456923794, 32.252718155968708 ], [ -110.842168819534052, 32.252716596679427 ], [ -110.842306332366235, 32.252713041660982 ], [ -110.84263312580832, 32.252704739939361 ], [ -110.842931591918031, 32.252698515150179 ], [ -110.843265279379224, 32.252688466774529 ], [ -110.843562953030187, 32.252680859406055 ], [ -110.84356122395485, 32.252518499788366 ], [ -110.843547454946901, 32.251007969314344 ], [ -110.843937283449662, 32.251002432434291 ], [ -110.844100522473781, 32.251003578555235 ], [ -110.844286787760595, 32.251004884755446 ], [ -110.845054471666572, 32.250997741052529 ], [ -110.8450526515729, 32.250911742875317 ], [ -110.845214845476079, 32.250909069458167 ], [ -110.845279719863726, 32.250907999104214 ], [ -110.845279754152003, 32.250905079345493 ], [ -110.84527999112052, 32.250902160403854 ], [ -110.845280025408769, 32.250899240645168 ], [ -110.845280868264041, 32.250896326841811 ], [ -110.845281104160819, 32.250893408792876 ], [ -110.845282149685616, 32.250890496708259 ], [ -110.845283193132687, 32.25088767117947 ], [ -110.845284237640769, 32.250884845659627 ], [ -110.84528507948977, 32.250882017519331 ], [ -110.84528612193067, 32.25087927765356 ], [ -110.845287569710706, 32.250876541225303 ], [ -110.845289218082598, 32.250873893071571 ], [ -110.845290462186895, 32.250871240587628 ], [ -110.845292109563218, 32.250868677195214 ], [ -110.845293756928868, 32.250866114704522 ], [ -110.845295807566515, 32.250863641305344 ], [ -110.845297655545068, 32.250861165285713 ], [ -110.845299704159984, 32.250858864114363 ], [ -110.845301551176888, 32.250856560331535 ], [ -110.845304004080205, 32.250854261686889 ], [ -110.845306454960891, 32.250852135270044 ], [ -110.845308905841463, 32.250850008853156 ], [ -110.845311355715964, 32.250847968099308 ], [ -110.845313804584393, 32.250846013008534 ], [ -110.845316253452737, 32.250844057917682 ], [ -110.845319306184891, 32.250842280192771 ], [ -110.8453219546941, 32.250840584711469 ], [ -110.845327652917234, 32.250837368494274 ], [ -110.84533090428414, 32.250835936041852 ], [ -110.845336798058341, 32.250833237315874 ], [ -110.845340046396572, 32.250832062754178 ], [ -110.845343293739404, 32.250830972953807 ], [ -110.845346540065648, 32.25082996971809 ], [ -110.845349785375319, 32.250829053047127 ], [ -110.845353029689576, 32.250828221137468 ], [ -110.8453566762593, 32.250827564883899 ], [ -110.845359918551068, 32.25082690520194 ], [ -110.845363361489873, 32.250826419466421 ], [ -110.845366600763839, 32.250826016773559 ], [ -110.8453702432992, 32.250825704073677 ], [ -110.845373884818059, 32.250825477938484 ], [ -110.84537712005779, 32.250825418799423 ], [ -110.845380961173262, 32.250825365699825 ], [ -110.845384194390633, 32.250825478788499 ], [ -110.845431092640112, 32.250825705123916 ], [ -110.845431396325822, 32.250765407502513 ], [ -110.849813978579618, 32.250731843814307 ], [ -110.850189635407759, 32.250728959030234 ], [ -110.850284585205188, 32.250728250008194 ], [ -110.851048604005612, 32.250722533188146 ], [ -110.852805759573599, 32.250759406974254 ], [ -110.853086669335482, 32.250751322063742 ], [ -110.853527623805306, 32.25086349219368 ], [ -110.853740205066103, 32.250902860178613 ], [ -110.853902723273663, 32.250926635559843 ], [ -110.854279180849318, 32.250963690925495 ], [ -110.857937139462123, 32.250933839125132 ], [ -110.857944472886842, 32.251467107233388 ], [ -110.857946909607264, 32.251814581657896 ], [ -110.857948648365053, 32.25199578207819 ], [ -110.857953923959585, 32.25254588313588 ], [ -110.85804489038027, 32.25263144785572 ], [ -110.858171540438477, 32.252736974521952 ], [ -110.858283283881917, 32.252828858076931 ], [ -110.858563960983574, 32.253069638256015 ], [ -110.858752998805244, 32.253230992952524 ], [ -110.859408923385104, 32.253789541312777 ], [ -110.859689692909456, 32.254022945720116 ], [ -110.860138179714639, 32.253597271764477 ], [ -110.860277565381253, 32.25346497433798 ], [ -110.860517003581606, 32.253641505071457 ], [ -110.860833977445694, 32.253875200629764 ], [ -110.86207476650867, 32.254103541880319 ], [ -110.862118262418775, 32.254111546001852 ], [ -110.862229080512279, 32.254133865533611 ], [ -110.862843856026089, 32.254248485842503 ], [ -110.863232061940352, 32.254517159221557 ], [ -110.864023686901675, 32.255065027973849 ], [ -110.86445381448614, 32.255463484420588 ], [ -110.865533030849178, 32.256463217410158 ], [ -110.865534710797803, 32.256188876046252 ], [ -110.865824910431414, 32.256196324355592 ], [ -110.865975839191023, 32.256594011147577 ], [ -110.866513137084269, 32.258018605253227 ], [ -110.866524841310806, 32.258049639988243 ], [ -110.866562393131389, 32.25805045176795 ], [ -110.866619605780883, 32.258051686692497 ], [ -110.866619210671473, 32.2580698737817 ], [ -110.866618348768, 32.258109524535087 ], [ -110.866617963121584, 32.258143021700761 ], [ -110.866607933544714, 32.258926321034252 ], [ -110.866607726110047, 32.259032738977353 ], [ -110.866606396369079, 32.259709605196505 ], [ -110.866604730097663, 32.260802547367312 ], [ -110.866603461291277, 32.261640825769923 ], [ -110.867357647638428, 32.261641668904247 ], [ -110.868003113760167, 32.261642385930045 ], [ -110.868393680034444, 32.26245485076484 ], [ -110.868936189937699, 32.263579426180485 ], [ -110.869393353726892, 32.264527100940981 ], [ -110.869744866643771, 32.265259950799603 ], [ -110.870377025129372, 32.265259694399731 ], [ -110.870903164639572, 32.265259478718832 ], [ -110.870910567503088, 32.265647161325234 ], [ -110.871108595603332, 32.265812726885287 ], [ -110.871363688249403, 32.266026002920384 ], [ -110.871834286674783, 32.266419452495917 ], [ -110.871792135372061, 32.266477744739774 ], [ -110.871681842221761, 32.266630272123855 ], [ -110.871949023743468, 32.266769697884015 ], [ -110.872058537252116, 32.266826845832199 ], [ -110.872025385566246, 32.266964333581072 ], [ -110.872023186218058, 32.267203443214875 ], [ -110.872008082669637, 32.268844994844137 ], [ -110.872002657408459, 32.269339766260629 ], [ -110.871994587353754, 32.27007570320805 ], [ -110.870928361892311, 32.269953323617422 ], [ -110.868636536561212, 32.268815687862137 ], [ -110.866592688194416, 32.267886569637383 ], [ -110.866619894514912, 32.268663238871042 ], [ -110.866626316686933, 32.268846577271681 ], [ -110.868334666880827, 32.27046738845786 ], [ -110.868108704044957, 32.270986048917351 ], [ -110.868587501847898, 32.271498721601461 ], [ -110.868816204408859, 32.271743606662938 ], [ -110.868937335200286, 32.272112251137862 ], [ -110.869167358838638, 32.272471834681845 ], [ -110.869394998446353, 32.272827876485223 ], [ -110.869525359730844, 32.273290998031023 ], [ -110.869628327684126, 32.273656913851113 ], [ -110.86964709458212, 32.273806334642586 ], [ -110.869665567012873, 32.273953395665366 ] ], [ [ -110.743896536875113, 32.126864702266175 ], [ -110.743896508092263, 32.126864715526665 ], [ -110.743895719414724, 32.12686506443513 ], [ -110.743641569100319, 32.126978141339713 ], [ -110.743437441360982, 32.127068962040894 ], [ -110.74287067952578, 32.127321121566709 ], [ -110.742870644350219, 32.127321137473132 ], [ -110.742869698976037, 32.12732155706685 ], [ -110.742827463502564, 32.127340347829922 ], [ -110.742829552452264, 32.127220332719823 ], [ -110.742829593057763, 32.127217989292888 ], [ -110.742829596484412, 32.127217804453643 ], [ -110.742835404488247, 32.126884235596904 ], [ -110.743334792683029, 32.126672298308833 ], [ -110.743491226834195, 32.126605907688393 ], [ -110.743812007092373, 32.126469767771738 ], [ -110.743812271342833, 32.126469655690101 ], [ -110.745053638167917, 32.12594280784414 ], [ -110.74519695475702, 32.125885937627949 ], [ -110.745337891106104, 32.125824912226378 ], [ -110.745292471020335, 32.125752075695175 ], [ -110.745421554003698, 32.125691461761903 ], [ -110.745548237501453, 32.125627286792664 ], [ -110.745672384986676, 32.125559618970954 ], [ -110.745793865174178, 32.125488531038258 ], [ -110.745912545686011, 32.125414098431619 ], [ -110.746028302553398, 32.125336402077124 ], [ -110.746141008618707, 32.125255523773468 ], [ -110.746250546193068, 32.125171550817939 ], [ -110.746316569410169, 32.125231902546432 ], [ -110.746432046171947, 32.125137168923892 ], [ -110.746543574722267, 32.125039069213351 ], [ -110.746651017912782, 32.124937721196538 ], [ -110.746754245933843, 32.124833249035831 ], [ -110.746853133181673, 32.12472577963787 ], [ -110.74694755930652, 32.124615443565119 ], [ -110.747037410283639, 32.124502374143916 ], [ -110.747122576294061, 32.124386707444572 ], [ -110.747202954845946, 32.124268586819568 ], [ -110.748412630243379, 32.122417199311407 ], [ -110.748313833733647, 32.12237045033671 ], [ -110.749098586550446, 32.121169349451272 ], [ -110.749197383265283, 32.121216097810937 ], [ -110.749281397087884, 32.121087508560677 ], [ -110.749366665382539, 32.120961995170568 ], [ -110.749456824889535, 32.120838981542121 ], [ -110.749551773160576, 32.120718606501313 ], [ -110.749651404628096, 32.120601004335867 ], [ -110.749755606332542, 32.120486307461803 ], [ -110.749864264302829, 32.120374644678392 ], [ -110.749977252972172, 32.120266140168887 ], [ -110.750094448918034, 32.120160916332829 ], [ -110.75021571817031, 32.120059091865258 ], [ -110.750340925781785, 32.119960779139753 ], [ -110.750469931509642, 32.11986609048131 ], [ -110.750476222197932, 32.119861468924448 ], [ -110.750482323378705, 32.119856667062955 ], [ -110.750488227577804, 32.119851689337075 ], [ -110.750493927286684, 32.119846542892155 ], [ -110.750499416090747, 32.119841232178203 ], [ -110.750504687529499, 32.11983576525207 ], [ -110.750509735188373, 32.119830146563707 ], [ -110.750514553654966, 32.119824385081451 ], [ -110.750519137585727, 32.119818484363321 ], [ -110.750523480474328, 32.119812456073014 ], [ -110.750527578048221, 32.119806302876583 ], [ -110.750531424883576, 32.119800034644037 ], [ -110.750535016684921, 32.119793655844965 ], [ -110.750538350136054, 32.119787177270474 ], [ -110.750541419859019, 32.11978060518382 ], [ -110.75054422257206, 32.119773947671064 ], [ -110.750546756064352, 32.119767211926344 ], [ -110.750549015994594, 32.119760406026032 ], [ -110.750551000140561, 32.119753538065979 ], [ -110.750552707339551, 32.119746616151751 ], [ -110.750554133238779, 32.119739649261447 ], [ -110.750555277758025, 32.119732643706989 ], [ -110.750556139711691, 32.119725609397356 ], [ -110.750556716877554, 32.119718554428495 ], [ -110.75055701022346, 32.119711486023753 ], [ -110.750557018563796, 32.119704414092112 ], [ -110.750556740758839, 32.119697344935823 ], [ -110.750556178790106, 32.119690289394867 ], [ -110.75055533257742, 32.119683253781155 ], [ -110.750554204125251, 32.119676247131274 ], [ -110.750552793330456, 32.119669277560597 ], [ -110.750551102208973, 32.119662353203971 ], [ -110.75054913277674, 32.119655482196244 ], [ -110.750546888109255, 32.119648672682082 ], [ -110.750544370222443, 32.11964193279632 ], [ -110.750541581143722, 32.119635269772068 ], [ -110.750538526056161, 32.119628692675256 ], [ -110.750535208046685, 32.11962220874873 ], [ -110.750531630190792, 32.119615826137107 ], [ -110.750527796657877, 32.11960955028966 ], [ -110.750523713679073, 32.119603391183695 ], [ -110.750519383304706, 32.119597354248917 ], [ -110.750514812848408, 32.119591447668995 ], [ -110.750510007527609, 32.119585677804636 ], [ -110.75050497148878, 32.119580051908528 ], [ -110.750499712079886, 32.119574575459161 ], [ -110.750494235555053, 32.119569256630392 ], [ -110.750488547154575, 32.119564099979613 ], [ -110.750482655251645, 32.119559113700127 ], [ -110.750476565098054, 32.119554301447629 ], [ -110.750443390150167, 32.119530723709218 ], [ -110.750409283994145, 32.119508128475573 ], [ -110.750374285488533, 32.119486543158224 ], [ -110.750338438823874, 32.119465992512474 ], [ -110.750301782881365, 32.119446502146516 ], [ -110.750264362956713, 32.119428093218609 ], [ -110.750226223262956, 32.11941078868071 ], [ -110.750187408058906, 32.119394607877986 ], [ -110.750147962651369, 32.119379571067107 ], [ -110.75010793344093, 32.119365695809435 ], [ -110.75006736898159, 32.119352996980759 ], [ -110.750026315685233, 32.119341491240895 ], [ -110.749984823199597, 32.119331190770353 ], [ -110.749942939030376, 32.119322109533691 ], [ -110.749900713919089, 32.119314257016178 ], [ -110.749858196488148, 32.119307642683701 ], [ -110.749815437513405, 32.119302273316563 ], [ -110.749772487759188, 32.11929815659694 ], [ -110.749729395905121, 32.119295297482267 ], [ -110.749686215962925, 32.11929369827395 ], [ -110.749642995575599, 32.119293362116316 ], [ -110.749643849656664, 32.119129836343006 ], [ -110.749643861998152, 32.11912745116458 ], [ -110.74964386436217, 32.11912726541312 ], [ -110.749645199991249, 32.118871447242014 ], [ -110.755342490187957, 32.118886444993933 ], [ -110.755638394992104, 32.118884892373593 ], [ -110.769695557822473, 32.118810338037271 ], [ -110.769695591727725, 32.118810338344417 ], [ -110.772358301923276, 32.118796040139635 ], [ -110.772359462545239, 32.118952092577658 ], [ -110.772359461286797, 32.118952278340167 ], [ -110.772359480296828, 32.118954661107161 ], [ -110.77235983255197, 32.1190021782161 ], [ -110.772279092518318, 32.119002613597083 ], [ -110.772280624005873, 32.119208752575169 ], [ -110.755642487907394, 32.119310595389244 ], [ -110.755098302899071, 32.119313888862294 ], [ -110.753586650198713, 32.119308225722229 ], [ -110.753464949966983, 32.119306729806972 ], [ -110.753343254097928, 32.119308482142635 ], [ -110.753221683423291, 32.119313479330415 ], [ -110.753100355619083, 32.11932171613924 ], [ -110.752979390503427, 32.119333185554581 ], [ -110.752858907951691, 32.119347876053837 ], [ -110.752739024718196, 32.119365771577101 ], [ -110.752752870101304, 32.119419465601808 ], [ -110.752602870908007, 32.119449814112357 ], [ -110.752454168917453, 32.119484481426682 ], [ -110.752306937330218, 32.119523428560363 ], [ -110.75216134414174, 32.119566609267281 ], [ -110.752017559501851, 32.119613974616513 ], [ -110.751875748355445, 32.119665468415427 ], [ -110.751736074600544, 32.119721033560594 ], [ -110.751598700120383, 32.11978060481438 ], [ -110.751463781559266, 32.119844112382488 ], [ -110.751331476656745, 32.11991148377583 ], [ -110.751201936842506, 32.119982642840419 ], [ -110.751075312602836, 32.120057504396023 ], [ -110.751103604273609, 32.120090971374964 ], [ -110.749719579002644, 32.121463188307622 ], [ -110.749832489080632, 32.121516613417242 ], [ -110.749047741563402, 32.122717718032604 ], [ -110.748934830520284, 32.12266429130721 ], [ -110.74772514695151, 32.124515707213774 ], [ -110.747635372395905, 32.124647696928562 ], [ -110.747540307032182, 32.12477697556703 ], [ -110.747440061975666, 32.124903388130228 ], [ -110.747334758836374, 32.125026787832191 ], [ -110.747224520332352, 32.125147024289703 ], [ -110.74710947859397, 32.125263957126407 ], [ -110.746989769969403, 32.125377447808397 ], [ -110.746865537132436, 32.125487360565806 ], [ -110.746736926928691, 32.125593565078134 ], [ -110.746604092529452, 32.125695933789103 ], [ -110.74646719122029, 32.125794349100516 ], [ -110.746518228816683, 32.125847596618598 ], [ -110.746380841987971, 32.12593977312666 ], [ -110.746239941066946, 32.12602802658062 ], [ -110.746095682032632, 32.126112259212213 ], [ -110.745948223952794, 32.12619238049664 ], [ -110.745797726979859, 32.126268298115988 ], [ -110.745644357453116, 32.126339933337363 ], [ -110.74548828384448, 32.126407206546368 ], [ -110.745329676677741, 32.126470043559145 ], [ -110.745196911948824, 32.126520380544861 ], [ -110.745144331706882, 32.126419954459415 ], [ -110.744406750874475, 32.126699603618803 ], [ -110.744380460570838, 32.126649392674274 ], [ -110.743896536875113, 32.126864702266175 ] ] ], [ [ [ -110.841154147649647, 32.133573703232805 ], [ -110.841154039930387, 32.133575115472858 ], [ -110.84115371077543, 32.133579411662289 ], [ -110.841153313924764, 32.133579361395633 ], [ -110.841129577860656, 32.133740373046649 ], [ -110.841912690225499, 32.133762572078865 ], [ -110.843144277417096, 32.133797418359102 ], [ -110.84423821559831, 32.133828337771035 ], [ -110.845223971913029, 32.13385618482733 ], [ -110.84532085250153, 32.133858894162017 ], [ -110.846377856034195, 32.13388879529176 ], [ -110.847433650293411, 32.133918677385594 ], [ -110.848480160912899, 32.133948215315939 ], [ -110.849578140687939, 32.133979208386698 ], [ -110.849528355619341, 32.134214752511106 ], [ -110.849526678426017, 32.134358790186681 ], [ -110.849571889896239, 32.134689451425551 ], [ -110.849559247410014, 32.135775189337892 ], [ -110.84956193529689, 32.137538367568268 ], [ -110.852579530900925, 32.137601997066895 ], [ -110.853823185426947, 32.137628509611325 ], [ -110.853824941518141, 32.139287484769589 ], [ -110.853815858641454, 32.141271495423005 ], [ -110.855766602226055, 32.141304526082294 ], [ -110.857727941937483, 32.141346806719561 ], [ -110.857955000518317, 32.14134950709299 ], [ -110.858215101211854, 32.141352599728776 ], [ -110.858214199226367, 32.141552978213305 ], [ -110.864235390931753, 32.141558687922327 ], [ -110.864574608627876, 32.141559001134702 ], [ -110.873447887849736, 32.1415668742045 ], [ -110.873728954408406, 32.14156711281089 ], [ -110.874910713478968, 32.141568111276207 ], [ -110.874994882415024, 32.141568183591559 ], [ -110.875006345557111, 32.141568192263769 ], [ -110.874969334353878, 32.139495573833386 ], [ -110.874961351969716, 32.138827404109485 ], [ -110.874961350891837, 32.138827219226336 ], [ -110.87494870679015, 32.137775885690324 ], [ -110.874948406024075, 32.137750784499197 ], [ -110.874948108488582, 32.137725678825433 ], [ -110.87494764337427, 32.137686505092276 ], [ -110.874947020363294, 32.137633996563657 ], [ -110.874946778081949, 32.137613540256638 ], [ -110.87494645439169, 32.137586260064843 ], [ -110.874946072977437, 32.137554081581442 ], [ -110.874945693485515, 32.137522106926291 ], [ -110.874945363330781, 32.137494276567139 ], [ -110.874945039041847, 32.137466955787744 ], [ -110.874938046522033, 32.136877568506975 ], [ -110.874934887102739, 32.136611281982695 ], [ -110.874933747782705, 32.136515711512146 ], [ -110.874933234421917, 32.136472949910761 ], [ -110.874933139161328, 32.136466318901654 ], [ -110.874933132881438, 32.136464540449019 ], [ -110.874932845187359, 32.136440806528761 ], [ -110.874932579622538, 32.136418948588791 ], [ -110.874932312323722, 32.136396963476976 ], [ -110.874932057672879, 32.136376010158187 ], [ -110.874930722469898, 32.136265970978215 ], [ -110.874929661417127, 32.136181043596451 ], [ -110.874928829981243, 32.136110041396485 ], [ -110.874928749122972, 32.136103355494186 ], [ -110.874906641365158, 32.134282717376671 ], [ -110.874891293678047, 32.13417642085048 ], [ -110.874953827762283, 32.130433025725189 ], [ -110.87499542471771, 32.12727005254068 ], [ -110.875078334250247, 32.126706474868826 ], [ -110.875100878565505, 32.126553232454711 ], [ -110.875105689488876, 32.126520715164126 ], [ -110.875143253785211, 32.126164116075763 ], [ -110.87515278818762, 32.12604082090612 ], [ -110.875157452937088, 32.125980494556295 ], [ -110.875158627779882, 32.125877081738949 ], [ -110.875162600594962, 32.125726447898529 ], [ -110.875169267898286, 32.12547361316286 ], [ -110.875185023115179, 32.125152997865058 ], [ -110.875198684002314, 32.12492120526565 ], [ -110.875208531402947, 32.124754101851316 ], [ -110.875212578238433, 32.124607197648288 ], [ -110.875219523965754, 32.124355107358518 ], [ -110.875280961794601, 32.123006700127505 ], [ -110.875281006298877, 32.123006700493583 ], [ -110.875396943369623, 32.123007256383566 ], [ -110.876999561447576, 32.123014929683876 ], [ -110.878139098723906, 32.123020417198887 ], [ -110.878636484800182, 32.123023981334626 ], [ -110.881500920614442, 32.123078186091035 ], [ -110.883564810148727, 32.123087914688078 ], [ -110.883612004046782, 32.123089416252434 ], [ -110.883681050165961, 32.123091611944446 ], [ -110.883683694851584, 32.122856871201598 ], [ -110.883696211208246, 32.122032598742088 ], [ -110.883700790993132, 32.121626075290358 ], [ -110.883705391977941, 32.121217661751494 ], [ -110.883709804188811, 32.120825997223747 ], [ -110.883714333386379, 32.120423940043018 ], [ -110.883719147920885, 32.11999654466014 ], [ -110.883727886069821, 32.119377453211641 ], [ -110.883727917174966, 32.119375068126381 ], [ -110.883727919257254, 32.119374883268343 ], [ -110.883729141732815, 32.119288558397471 ], [ -110.892103157836345, 32.119319405193011 ], [ -110.892118785217832, 32.104854578415065 ], [ -110.892242436300961, 32.104854850022498 ], [ -110.892439094822407, 32.104855280004536 ], [ -110.892433764239456, 32.101228213137183 ], [ -110.892220506451494, 32.101227003264782 ], [ -110.875042014075461, 32.101128374470008 ], [ -110.875054091328451, 32.104740628549777 ], [ -110.875053955799928, 32.104752566768184 ], [ -110.871845171473936, 32.104825797368427 ], [ -110.865819845363646, 32.104963087826725 ], [ -110.857971731974715, 32.105141478486622 ], [ -110.857964968396544, 32.105141630266424 ], [ -110.844682945034009, 32.104785838073511 ], [ -110.844682826401794, 32.104785835265673 ], [ -110.844681294829584, 32.104785794344693 ], [ -110.844548861677168, 32.104782241036219 ], [ -110.844548767411268, 32.104782238434538 ], [ -110.844547555726649, 32.104782204729183 ], [ -110.842652415310198, 32.104731323543575 ], [ -110.842652104968408, 32.104731315500693 ], [ -110.842648097052646, 32.10473120756069 ], [ -110.842087209840727, 32.104716143477731 ], [ -110.842086897380284, 32.10471613541548 ], [ -110.842082868288884, 32.10471602637606 ], [ -110.841033101532446, 32.104687824421539 ], [ -110.841014969860638, 32.104687851685092 ], [ -110.838902268549319, 32.104691025523969 ], [ -110.838902030162842, 32.10469102529887 ], [ -110.838898964954652, 32.104691029874836 ], [ -110.838585996927108, 32.104691497143293 ], [ -110.838396066151276, 32.104485612096248 ], [ -110.838166709530327, 32.104216943190693 ], [ -110.837871832730571, 32.103838967297293 ], [ -110.837591054300177, 32.103429328708174 ], [ -110.837393629657768, 32.103106040867424 ], [ -110.837211319705858, 32.102801864986191 ], [ -110.837035252848096, 32.102533304667588 ], [ -110.836830438618279, 32.102237956458879 ], [ -110.836685052770406, 32.10205512599947 ], [ -110.836377483667363, 32.10172763357874 ], [ -110.836033259510359, 32.101428087283779 ], [ -110.835655372472274, 32.101159349504002 ], [ -110.832835480583327, 32.099343569309383 ], [ -110.828622474412569, 32.096630751843648 ], [ -110.82366568202066, 32.093439537182299 ], [ -110.82367013253112, 32.095747098334868 ], [ -110.823670131389079, 32.095747283199138 ], [ -110.823670135663335, 32.095749682090712 ], [ -110.823690973156076, 32.106566893882253 ], [ -110.823961689409174, 32.106749187184974 ], [ -110.839473682194821, 32.115416280624274 ], [ -110.83947388642946, 32.115416394188017 ], [ -110.839473248019573, 32.117911145778905 ], [ -110.839472986521585, 32.118844261769866 ], [ -110.840057902611804, 32.119196267714209 ], [ -110.841035128285512, 32.119724508545957 ], [ -110.841417947927837, 32.119931436341432 ], [ -110.841417027727601, 32.11994104918552 ], [ -110.841418248605208, 32.120594405799842 ], [ -110.836824833484627, 32.118017892219477 ], [ -110.836836877428809, 32.126581502749985 ], [ -110.836837312108358, 32.127928755259262 ], [ -110.836837445343733, 32.128342082314269 ], [ -110.836837491269918, 32.128483566900883 ], [ -110.83683760935989, 32.128853191486265 ], [ -110.836837722702427, 32.129202793754153 ], [ -110.836834201981162, 32.129301221060238 ], [ -110.836823592403519, 32.129399279471464 ], [ -110.836810290142026, 32.129475903848835 ], [ -110.836792658657146, 32.129551893384829 ], [ -110.836770736071486, 32.129627069841909 ], [ -110.836766451807236, 32.129640162020181 ], [ -110.836742745266108, 32.129706006528046 ], [ -110.836737527412453, 32.129719270203218 ], [ -110.836702160995827, 32.129800581581613 ], [ -110.836661683526202, 32.129880148506174 ], [ -110.836611347917625, 32.129965456174467 ], [ -110.836555137749784, 32.130048065044335 ], [ -110.836493254628664, 32.130127683736021 ], [ -110.836418177155323, 32.130212223770279 ], [ -110.836336705697121, 32.13029236240714 ], [ -110.836249194116277, 32.130367749140369 ], [ -110.836156025685227, 32.130438056260459 ], [ -110.836057605689973, 32.130502976988076 ], [ -110.835954364598322, 32.130562226403306 ], [ -110.835846751627358, 32.130615547703592 ], [ -110.835820928091238, 32.130627166331458 ], [ -110.835799408560078, 32.130636526567571 ], [ -110.835700166346442, 32.130675959914264 ], [ -110.83568778549423, 32.1306804688112 ], [ -110.835666989934325, 32.13068783947493 ], [ -110.835654781059603, 32.130692054039656 ], [ -110.835602456865146, 32.130709164762742 ], [ -110.835580191414635, 32.130715989882226 ], [ -110.835567038712171, 32.130719895169271 ], [ -110.835554337959508, 32.130723580662973 ], [ -110.83543658623779, 32.130753740102442 ], [ -110.835316773570142, 32.130777303035885 ], [ -110.835195411980877, 32.130794170122712 ], [ -110.835073015296089, 32.130804269094376 ], [ -110.834950105479905, 32.130807556612027 ], [ -110.834502322700871, 32.130807100378981 ], [ -110.83448457726476, 32.130807010900106 ], [ -110.834369344333425, 32.130802968545275 ], [ -110.834254617702811, 32.130792938711984 ], [ -110.834140826190705, 32.130776957534628 ], [ -110.834028396185658, 32.130755087281059 ], [ -110.833917747514406, 32.130727407299119 ], [ -110.833809295454387, 32.130694023051916 ], [ -110.833703445530702, 32.130655057956865 ], [ -110.833600592392145, 32.13061065878685 ], [ -110.833639600543904, 32.130639820161655 ], [ -110.833773396083487, 32.130746903585184 ], [ -110.833902842070245, 32.130857789621629 ], [ -110.834027789495693, 32.130972352558359 ], [ -110.834145503849442, 32.131087916766418 ], [ -110.834148093672795, 32.131090459505167 ], [ -110.83426361632354, 32.131211973117637 ], [ -110.83437422448722, 32.131336754293095 ], [ -110.834479789492804, 32.131464659456292 ], [ -110.834553872932062, 32.131561233974146 ], [ -110.834580191187086, 32.131595541497298 ], [ -110.834675312657595, 32.131729247922742 ], [ -110.834765043358445, 32.131865625391484 ], [ -110.834849282332272, 32.132004516134863 ], [ -110.834927929689997, 32.132145761491081 ], [ -110.835000897271925, 32.132289196585226 ], [ -110.835068099025307, 32.132434657461772 ], [ -110.835129457415988, 32.132581976630021 ], [ -110.835184903428498, 32.132730983064071 ], [ -110.83519583008021, 32.13276423278699 ], [ -110.835234371235728, 32.132881504862809 ], [ -110.835838534248694, 32.132952311309388 ], [ -110.840659412493991, 32.133517202889735 ], [ -110.841153313924764, 32.133579361395633 ], [ -110.841154147649647, 32.133573703232805 ] ] ], [ [ [ -110.851243573593493, 32.150617530468892 ], [ -110.85174724210853, 32.150927053627811 ], [ -110.853590839584655, 32.152066450530036 ], [ -110.854815474834325, 32.152078278508498 ], [ -110.855973679043913, 32.152089453043679 ], [ -110.855973680124919, 32.152089268179317 ], [ -110.855973682298924, 32.152087066851237 ], [ -110.855973682319984, 32.152086881978008 ], [ -110.855976489005101, 32.150068198508862 ], [ -110.853491804477898, 32.150020976719219 ], [ -110.851908559983471, 32.1498527043113 ], [ -110.851924574302416, 32.148499996055996 ], [ -110.851923915120892, 32.148499983295238 ], [ -110.849560412255613, 32.148453828830533 ], [ -110.849415479502667, 32.148325925997796 ], [ -110.84849831675551, 32.14830528813777 ], [ -110.848463841946298, 32.148371731898216 ], [ -110.847573334901526, 32.148360023015691 ], [ -110.847569727181593, 32.148359974500984 ], [ -110.847569417709195, 32.1483599700829 ], [ -110.848058330185808, 32.148660416245733 ], [ -110.849307324578049, 32.149427927492717 ], [ -110.851243573593493, 32.150617530468892 ] ] ], [ [ [ -110.844189591590904, 32.146279784902077 ], [ -110.8441901363623, 32.146220669754776 ], [ -110.844204356413769, 32.144673948265243 ], [ -110.843135793324961, 32.144655010025964 ], [ -110.843132961923502, 32.145532127596582 ], [ -110.843132645410478, 32.145630048215949 ], [ -110.844189591590904, 32.146279784902077 ] ] ] ] } },
{ "type": "Feature", "properties": { "OBJECTID": 2, "INITIALS": "ODM", "DIVISION": "Operations Division Midtown", "DATASOURCE": "TPD_DIVISIONS", "SUM_AREA_SQMI": 31.85826405, "SUM_AREA_SQFT": 888153875.64375973, "SUM_AREA_ACRE": 20389.28898691, "SUM_PERIMETER": 35.31916246, "DIVISION_NO": "T3", "ShapeSTArea": 888546795.09648061, "ShapeSTLength": 186488.18423953344 }, "geometry": { "type": "Polygon", "coordinates": [ [ [ -110.939582407423174, 32.284043287109931 ], [ -110.939587208556588, 32.284915701534565 ], [ -110.939593098735358, 32.285856327499111 ], [ -110.939597926234242, 32.286688541765621 ], [ -110.939604332103187, 32.286825353089398 ], [ -110.939609610572845, 32.28693790683559 ], [ -110.94068420877764, 32.287024127380398 ], [ -110.941411279665971, 32.287112518401067 ], [ -110.941430071135755, 32.286977295972719 ], [ -110.941586786807065, 32.286875626587829 ], [ -110.941586273911469, 32.286847963112265 ], [ -110.941585603903619, 32.286683807179912 ], [ -110.941584277618588, 32.28642979761262 ], [ -110.941580834532004, 32.285844464389911 ], [ -110.941579817446097, 32.285618201468267 ], [ -110.941578497541443, 32.285401385401727 ], [ -110.941576161042718, 32.284901614781518 ], [ -110.941584942151763, 32.283661751089397 ], [ -110.941700189788023, 32.283894562252407 ], [ -110.941700777704739, 32.283926826471181 ], [ -110.941704120755773, 32.283924141432415 ], [ -110.941705361642292, 32.283921573630316 ], [ -110.941707006955923, 32.283919009852752 ], [ -110.94170865043624, 32.28391661740563 ], [ -110.941710697436648, 32.2839143137465 ], [ -110.941712944281733, 32.283912183876843 ], [ -110.941715191271612, 32.283910139680529 ], [ -110.941718861528216, 32.283907333619361 ], [ -110.941722932554939, 32.28390487334174 ], [ -110.941727201583362, 32.283902759085628 ], [ -110.941730449938902, 32.283901582049282 ], [ -110.94173511803946, 32.283900071482137 ], [ -110.941738404081221, 32.283895372252275 ], [ -110.941740248321651, 32.283893067928908 ], [ -110.941744138789304, 32.283888631284469 ], [ -110.941746183955019, 32.283886498955198 ], [ -110.941750676870399, 32.283882410553112 ], [ -110.941755368713572, 32.283878581605492 ], [ -110.941760462378596, 32.283875099351199 ], [ -110.941763108149132, 32.283873487496301 ], [ -110.941765754981091, 32.283871875649545 ], [ -110.94177124558523, 32.283868997969279 ], [ -110.941774293177673, 32.283867732807579 ], [ -110.941779981937955, 32.283865285920186 ], [ -110.941785655994607, 32.283864213283053 ], [ -110.941791130061347, 32.283862881182898 ], [ -110.941796002605756, 32.283861114273193 ], [ -110.941801079722467, 32.283859178499945 ], [ -110.941805957775316, 32.28385689669679 ], [ -110.94181063675461, 32.283854269765392 ], [ -110.941815115879166, 32.283851469946264 ], [ -110.941819396075118, 32.283848410672405 ], [ -110.941823677968458, 32.283845093492808 ], [ -110.941827154799483, 32.283841513080688 ], [ -110.941830430723883, 32.283837758870966 ], [ -110.941833708490663, 32.283833832428975 ], [ -110.941836380904689, 32.283829729968744 ], [ -110.94183865177655, 32.283825453063777 ], [ -110.941841125261774, 32.283821091148909 ], [ -110.941844384649457, 32.283818882519846 ], [ -110.941847842955653, 32.283816934246929 ], [ -110.941851704936312, 32.283815159533184 ], [ -110.941855765835527, 32.283813645175563 ], [ -110.941859621236219, 32.283812386248229 ], [ -110.941863880292132, 32.283811302683489 ], [ -110.941867932923486, 32.283810561115956 ], [ -110.941872185409267, 32.283809992435842 ], [ -110.941876436197504, 32.283809681661182 ], [ -110.941880683165181, 32.2838096287756 ], [ -110.94188492844502, 32.283809832893773 ], [ -110.941888968216944, 32.283810293344004 ], [ -110.941893206917356, 32.283811013248553 ], [ -110.94189744483684, 32.283811905393371 ], [ -110.941901678029154, 32.283813140190738 ], [ -110.941905506004176, 32.283814544106178 ], [ -110.941909330158879, 32.28381620591076 ], [ -110.941912949867344, 32.283818124055671 ], [ -110.941916366055665, 32.283820211973953 ], [ -110.941919577662333, 32.283822469657458 ], [ -110.941922786510261, 32.283824985238297 ], [ -110.941925791683303, 32.283827585820873 ], [ -110.941928592419814, 32.283830441842113 ], [ -110.941931602330015, 32.283832698870107 ], [ -110.941934409501002, 32.283834953431146 ], [ -110.941937217588517, 32.283837122326872 ], [ -110.941940431945497, 32.283839123014168 ], [ -110.941943646302619, 32.2838411237014 ], [ -110.94194686250232, 32.283842952156306 ], [ -110.941950484055084, 32.283844698067988 ], [ -110.941954106524364, 32.283846358314314 ], [ -110.941957527170786, 32.283847930428458 ], [ -110.941960747036546, 32.283849416222125 ], [ -110.941964575940062, 32.283850733568855 ], [ -110.941968202085008, 32.283852050252129 ], [ -110.941972031759974, 32.28385319625999 ], [ -110.941975864329294, 32.283854170945453 ], [ -110.941979494149649, 32.283855144065775 ], [ -110.941983327499983, 32.28385594651062 ], [ -110.942020454818262, 32.2838637921014 ], [ -110.942056964078247, 32.283872749356185 ], [ -110.942101728853814, 32.283885034884818 ], [ -110.942146075423324, 32.283898605861829 ], [ -110.942154096186925, 32.283905023748481 ], [ -110.942162320471724, 32.283911271860752 ], [ -110.942170953014269, 32.283917265204565 ], [ -110.942179991681897, 32.283923004665269 ], [ -110.94218903417034, 32.283928486236036 ], [ -110.942198282031526, 32.283933624898317 ], [ -110.942207733404175, 32.283938594687712 ], [ -110.942217593960265, 32.283943223141385 ], [ -110.942227254526117, 32.283947592132158 ], [ -110.942237726715419, 32.283951710368775 ], [ -110.942247595393411, 32.283955480356113 ], [ -110.94225787232881, 32.283958995574515 ], [ -110.942268556314644, 32.283962170342214 ], [ -110.942272156750491, 32.283965891955688 ], [ -110.942275557340665, 32.283969439780456 ], [ -110.942279564972139, 32.283972906617301 ], [ -110.942282966333494, 32.283976283103186 ], [ -110.942287178556711, 32.283979579272184 ], [ -110.942291391550867, 32.28398270410235 ], [ -110.942295606522904, 32.283985743275352 ], [ -110.942300025024863, 32.283988611772358 ], [ -110.942304444443153, 32.283991394603973 ], [ -110.942309067381686, 32.28399400766132 ], [ -110.942313893995589, 32.283996535716085 ], [ -110.942318722441868, 32.283998892440174 ], [ -110.94232355273013, 32.284001076931879 ], [ -110.94232858668407, 32.284003177322667 ], [ -110.942333419730559, 32.284005103916549 ], [ -110.942339063483942, 32.284006865421368 ], [ -110.942344100966835, 32.284008536575449 ], [ -110.942349343041016, 32.284010037061577 ], [ -110.94235438525952, 32.284011364660763 ], [ -110.942372829568541, 32.284026453642134 ], [ -110.942391075733397, 32.284041110926829 ], [ -110.942409934596625, 32.284055258000741 ], [ -110.942429606939953, 32.284068981183317 ], [ -110.942449488459971, 32.284082105368789 ], [ -110.942469369849789, 32.284095142976064 ], [ -110.942491856740986, 32.284110434474911 ], [ -110.942514135521222, 32.284126325874027 ], [ -110.942535597941614, 32.284142812480901 ], [ -110.942556043385068, 32.284159891846485 ], [ -110.942576280717915, 32.284177571113062 ], [ -110.942583329386665, 32.284180288546203 ], [ -110.942590173620147, 32.284183261418782 ], [ -110.942596815240336, 32.284186319302073 ], [ -110.942603250438339, 32.284189719183637 ], [ -110.942609684721049, 32.284193204730109 ], [ -110.942616116256943, 32.284196947272008 ], [ -110.942622546867923, 32.284200776380558 ], [ -110.942628771972664, 32.284204861822232 ], [ -110.942634591869705, 32.284209115482398 ], [ -110.942640004426366, 32.284213538246483 ], [ -110.942645416213566, 32.284218132349004 ], [ -110.942650826014415, 32.284222813010118 ], [ -110.942655626941857, 32.284227745991082 ], [ -110.942660831382796, 32.284232768658676 ], [ -110.942665226041456, 32.284237869849974 ], [ -110.942669820684102, 32.284243231404353 ], [ -110.942677039983394, 32.284248955893787 ], [ -110.942680270892922, 32.284249410981374 ], [ -110.9426865281403, 32.284250490021101 ], [ -110.942692377422759, 32.284251995177002 ], [ -110.94269802119868, 32.284253756666168 ], [ -110.942703862075149, 32.284255948938736 ], [ -110.942709296818265, 32.284258395997107 ], [ -110.942714929577747, 32.284261188173637 ], [ -110.942719749788225, 32.284264317673454 ], [ -110.942724567242379, 32.284267705070555 ], [ -110.942728976585997, 32.284271432910607 ], [ -110.942733181348629, 32.284275330517119 ], [ -110.942736979977909, 32.284279482909625 ], [ -110.942740573100878, 32.284283891635596 ], [ -110.94274375995424, 32.28428846857247 ], [ -110.942746540528347, 32.284293214621911 ], [ -110.942752528159232, 32.284300647562148 ], [ -110.942758922976708, 32.28430782662587 ], [ -110.942765724074846, 32.284314836576492 ], [ -110.94277272869391, 32.284321676751937 ], [ -110.942779737132071, 32.284328259037693 ], [ -110.942787556143855, 32.284334589656211 ], [ -110.94279557973816, 32.284340750507575 ], [ -110.942803201651117, 32.284346650341611 ], [ -110.942811634283714, 32.284352384181595 ], [ -110.942820273329957, 32.284357776923819 ], [ -110.942828913156518, 32.284362997425028 ], [ -110.942837962156517, 32.284367877490382 ], [ -110.942847011936735, 32.284372585314671 ], [ -110.942856268130399, 32.284376952041029 ], [ -110.942865729831553, 32.284381062432935 ], [ -110.942875395978575, 32.284384916482111 ], [ -110.942892302565767, 32.284392519296937 ], [ -110.942909204559001, 32.284400552239269 ], [ -110.942925493853508, 32.284409096291839 ], [ -110.94294157595975, 32.284418153680171 ], [ -110.942957451793404, 32.284427638739153 ], [ -110.942975172776471, 32.284434732887611 ], [ -110.942992888250487, 32.284442342828598 ], [ -110.943009789346661, 32.284450461422992 ], [ -110.943026886623144, 32.284459097365385 ], [ -110.943043373187962, 32.284468157859699 ], [ -110.943059448889727, 32.284477816693617 ], [ -110.943075116484337, 32.284487815969747 ], [ -110.943090575976356, 32.284498414247381 ], [ -110.943095376942182, 32.28450334721218 ], [ -110.943100584178808, 32.284508111964712 ], [ -110.943105994945341, 32.28451270603987 ], [ -110.943111407689273, 32.284517214457779 ], [ -110.94311722655786, 32.284521468989837 ], [ -110.943123047413465, 32.284525636962883 ], [ -110.943129072714257, 32.284529548593227 ], [ -110.943135098930867, 32.284533374558031 ], [ -110.943141532343276, 32.284536945743319 ], [ -110.943147967586768, 32.28454034559784 ], [ -110.943154404670963, 32.284543573219757 ], [ -110.943161248941252, 32.284546546963817 ], [ -110.943168094136894, 32.284549434140551 ], [ -110.94317514469283, 32.28455197930915 ], [ -110.943182197225937, 32.284554438820308 ], [ -110.943189251453305, 32.284556640425393 ], [ -110.943195504279188, 32.284558235243566 ], [ -110.943201552524116, 32.284559999828787 ], [ -110.943207598938812, 32.284561935744222 ], [ -110.943213846118084, 32.284563959781295 ], [ -110.943219687163989, 32.284566238605727 ], [ -110.943225323629022, 32.284568687197293 ], [ -110.943230958263925, 32.28457130711913 ], [ -110.94323659197434, 32.28457401360771 ], [ -110.943242223854682, 32.284576891426532 ], [ -110.943247246704644, 32.284579936796355 ], [ -110.943252673226056, 32.284583156622595 ], [ -110.943257490717102, 32.284586543999929 ], [ -110.943262711733325, 32.284590020160188 ], [ -110.943267526479573, 32.284593664532885 ], [ -110.943271935861347, 32.284597392354513 ], [ -110.943276747853204, 32.284601294624366 ], [ -110.943281355254697, 32.28460536756328 ], [ -110.943303273897584, 32.284617132956051 ], [ -110.943324982455067, 32.284629583907645 ], [ -110.943346280162885, 32.284642632296503 ], [ -110.943366762571344, 32.284656275906961 ], [ -110.943387034885575, 32.284670605978626 ], [ -110.943406695585992, 32.284685445366598 ], [ -110.943411540607073, 32.284686256468341 ], [ -110.94341658747382, 32.284687153896222 ], [ -110.943421429749975, 32.284688221993356 ], [ -110.943426271111207, 32.284689375755576 ], [ -110.943431109717864, 32.284690787415101 ], [ -110.943435948324648, 32.284692199074449 ], [ -110.943440784176914, 32.28469386863113 ], [ -110.943445416363332, 32.284695622290123 ], [ -110.943449845020794, 32.284697546626639 ], [ -110.943454475524078, 32.284699557289265 ], [ -110.94345849698675, 32.284701736405722 ], [ -110.943463123674292, 32.284704004957369 ], [ -110.943467345143418, 32.284706442632015 ], [ -110.943471362946752, 32.284708964409077 ], [ -110.943475379825671, 32.284711572753025 ], [ -110.943479394874856, 32.284714352427379 ], [ -110.943483408094338, 32.284717303432089 ], [ -110.943486814112745, 32.284720250658552 ], [ -110.943490421052516, 32.284723370778124 ], [ -110.943493825388003, 32.284726575008357 ], [ -110.943497026048036, 32.28472986424282 ], [ -110.943500225802978, 32.284733238240719 ], [ -110.943503220957837, 32.284736783809905 ], [ -110.94350601443297, 32.28474032692278 ], [ -110.943518660355863, 32.284749272082578 ], [ -110.943531510725322, 32.284757960898069 ], [ -110.943544972736532, 32.284766138588679 ], [ -110.943558034115583, 32.28477405617334 ], [ -110.943571908825859, 32.284781464187297 ], [ -110.94358639439973, 32.284788533316402 ], [ -110.94359061954529, 32.284790627424293 ], [ -110.943600682870169, 32.284795171661543 ], [ -110.943615379306124, 32.284801383885679 ], [ -110.943630485830511, 32.284807170004989 ], [ -110.943629635542308, 32.284886790001927 ], [ -110.943630010925006, 32.284985641603619 ], [ -110.943632203094609, 32.284983957676388 ], [ -110.943809810630455, 32.284834969538892 ], [ -110.943809970225175, 32.284795464109379 ], [ -110.943813158649235, 32.284002387571775 ], [ -110.94381316535457, 32.28400076526021 ], [ -110.943813084973726, 32.283986518686419 ], [ -110.943808314699197, 32.28313435068911 ], [ -110.943790832838843, 32.279505849173738 ], [ -110.943798193372373, 32.278399584959026 ], [ -110.943798412231331, 32.27800020176258 ], [ -110.943796580234235, 32.275879672724507 ], [ -110.943789450061132, 32.274449267734347 ], [ -110.943787759352048, 32.274110108140789 ], [ -110.943788811034324, 32.272253375692316 ], [ -110.943788835185572, 32.272209837125438 ], [ -110.943788799822073, 32.272166305314286 ], [ -110.943787413240841, 32.270400689229362 ], [ -110.94378166343688, 32.269129916003962 ], [ -110.943780891841513, 32.268577067982854 ], [ -110.943781842240483, 32.266763768254172 ], [ -110.943786422062914, 32.264897696418295 ], [ -110.943786545104615, 32.264846969282061 ], [ -110.943786865495298, 32.264798735384701 ], [ -110.943799015819337, 32.262974640443375 ], [ -110.943820773354048, 32.261200453388163 ], [ -110.94383687281838, 32.259387909451874 ], [ -110.943833133188548, 32.257559719892313 ], [ -110.943833142235803, 32.257559070653322 ], [ -110.943860230614504, 32.255738452468272 ], [ -110.943910904967368, 32.254735142787297 ], [ -110.94392411099237, 32.253994824805325 ], [ -110.943935498762002, 32.253021510703597 ], [ -110.943941019764168, 32.251991939137291 ], [ -110.94398117146244, 32.250972184297751 ], [ -110.944015316455094, 32.250651831749479 ], [ -110.944017622791108, 32.250630201350781 ], [ -110.944039730249187, 32.250371461235872 ], [ -110.944046253457074, 32.250295114793076 ], [ -110.94404636906124, 32.250293030678407 ], [ -110.944049529518168, 32.250236272901198 ], [ -110.944054549734119, 32.250155574432149 ], [ -110.94405724732421, 32.250065185174186 ], [ -110.944083858480241, 32.249173468773563 ], [ -110.944085770174169, 32.249109411068623 ], [ -110.944087772185597, 32.249042355510795 ], [ -110.944092259113546, 32.24889200996045 ], [ -110.944090765418267, 32.248817499208307 ], [ -110.944090014957098, 32.248780085083965 ], [ -110.944089980702927, 32.248778320862591 ], [ -110.944089505599962, 32.248754597566027 ], [ -110.944088564190366, 32.248707619986121 ], [ -110.94408773296918, 32.248666134429158 ], [ -110.944085279191526, 32.24854361066155 ], [ -110.944085037280317, 32.248434693427605 ], [ -110.944084974049602, 32.248406179231189 ], [ -110.944084837519043, 32.248344918524324 ], [ -110.944083727065063, 32.247844193048429 ], [ -110.944079274136584, 32.247272654419795 ], [ -110.944078110636653, 32.247123260037874 ], [ -110.94406598875554, 32.24554883843998 ], [ -110.944066059380077, 32.245497807735447 ], [ -110.944066057736549, 32.245497464129642 ], [ -110.944066129567403, 32.2454467184089 ], [ -110.944062652335745, 32.245055623101145 ], [ -110.94406273133923, 32.245026207263727 ], [ -110.944065742687314, 32.243912298567196 ], [ -110.944065794454829, 32.2438931037373 ], [ -110.944065872252992, 32.243864496817373 ], [ -110.944066165114208, 32.243755672000155 ], [ -110.944061884309491, 32.243618288324164 ], [ -110.944061623291148, 32.243609922840371 ], [ -110.944051213536909, 32.243275883589099 ], [ -110.944042141281344, 32.243176977931988 ], [ -110.944005530942022, 32.242777867277816 ], [ -110.943996975916818, 32.242684601063822 ], [ -110.943997371060732, 32.242558118483878 ], [ -110.943999745558585, 32.241800563084411 ], [ -110.944000173652356, 32.241663816227636 ], [ -110.944000168835302, 32.241663471695404 ], [ -110.943998413530252, 32.241526391489458 ], [ -110.943998328037722, 32.241519677684465 ], [ -110.943988931300751, 32.240785836891966 ], [ -110.943987260043016, 32.240655307233133 ], [ -110.943986948579251, 32.240647494172869 ], [ -110.94398694245065, 32.240532870102577 ], [ -110.94398690708887, 32.23978394978262 ], [ -110.943986901000173, 32.239646517765358 ], [ -110.94398689830507, 32.239646173249362 ], [ -110.943986172275473, 32.239554393035959 ], [ -110.943985813624025, 32.239509089145436 ], [ -110.943985737513032, 32.239499403913335 ], [ -110.943980276780636, 32.238808820141792 ], [ -110.943979152532862, 32.238666486220254 ], [ -110.943977729966676, 32.238558817773274 ], [ -110.943963624966472, 32.237491122579634 ], [ -110.943961809630594, 32.237353698231097 ], [ -110.943961804832696, 32.237353351895138 ], [ -110.943960192715465, 32.237216273603437 ], [ -110.943949186896305, 32.23628062677588 ], [ -110.943947662806281, 32.236151019821094 ], [ -110.943946565487067, 32.236057935373736 ], [ -110.943947045627681, 32.235964880202275 ], [ -110.943947572098381, 32.23586319496281 ], [ -110.943951831014147, 32.235041489648779 ], [ -110.943951931781982, 32.235021975023763 ], [ -110.943952544154769, 32.234904058558925 ], [ -110.943950457491709, 32.23478681752205 ], [ -110.943950420883226, 32.234784776419886 ], [ -110.943950098438009, 32.234766642831339 ], [ -110.94393623555024, 32.233987585681909 ], [ -110.943936009158932, 32.233974876381311 ], [ -110.943933790906385, 32.233850169943487 ], [ -110.943933801016556, 32.233849519808437 ], [ -110.94393565766201, 32.233748358812704 ], [ -110.943936310762183, 32.233712754539305 ], [ -110.943936311694159, 32.233712667069881 ], [ -110.943939214855135, 32.233554411727624 ], [ -110.943939748852728, 32.23352530505808 ], [ -110.943950892406619, 32.232917871010407 ], [ -110.943952754096145, 32.232816429571983 ], [ -110.943952748237123, 32.232816083227597 ], [ -110.943950425080274, 32.232679011993696 ], [ -110.943946053151961, 32.232420942081276 ], [ -110.943946634299039, 32.232280154243576 ], [ -110.943948339892032, 32.231867413754372 ], [ -110.943948391899198, 32.231854963611561 ], [ -110.94394880765384, 32.23175439481173 ], [ -110.943946941546116, 32.231635669215201 ], [ -110.943930158730765, 32.230567594263178 ], [ -110.943928512392034, 32.230462798065965 ], [ -110.943928509696491, 32.230462453549457 ], [ -110.943927718755958, 32.230325367005435 ], [ -110.943924168170014, 32.229710450773766 ], [ -110.943923540080661, 32.229601497788721 ], [ -110.943923707331649, 32.229471865843763 ], [ -110.943924011178396, 32.229237388275074 ], [ -110.943924154914441, 32.229126394989642 ], [ -110.943924138369766, 32.229126055777407 ], [ -110.943917638287317, 32.228989074965192 ], [ -110.943907886490777, 32.228783564048243 ], [ -110.943885512627418, 32.228399875057491 ], [ -110.943881584574839, 32.228003043286797 ], [ -110.943880569137136, 32.227900374793172 ], [ -110.943880085207567, 32.227851388621744 ], [ -110.943880093613814, 32.22780239722124 ], [ -110.943880105304231, 32.2277260085013 ], [ -110.943880271933864, 32.226683958288461 ], [ -110.943880294108965, 32.226546527115403 ], [ -110.943880291403715, 32.226546183500425 ], [ -110.943879209701038, 32.226409098244083 ], [ -110.943870501169002, 32.225304217203131 ], [ -110.943869377749635, 32.225161584492085 ], [ -110.943869356244193, 32.225157527930783 ], [ -110.943868736979482, 32.225022643043381 ], [ -110.943864164603184, 32.224026934838882 ], [ -110.943863440153649, 32.223868954352092 ], [ -110.943863811273161, 32.223861502745557 ], [ -110.943869383632887, 32.223749105530203 ], [ -110.943918623541279, 32.222755986483101 ], [ -110.943922344614322, 32.22268093028638 ], [ -110.94392375263989, 32.222652520188248 ], [ -110.943923763705428, 32.222652178482683 ], [ -110.943924131040632, 32.222641196210468 ], [ -110.943928344302591, 32.222515143936086 ], [ -110.943928722701742, 32.222503819958035 ], [ -110.943931389925325, 32.222361759255151 ], [ -110.943945963674111, 32.221585628559737 ], [ -110.943947673311669, 32.221494626172053 ], [ -110.943948650872699, 32.221442679694221 ], [ -110.94394875095891, 32.221390745401465 ], [ -110.943948907273594, 32.221309623149601 ], [ -110.943950249716394, 32.220612456907965 ], [ -110.943950515546121, 32.220475024774871 ], [ -110.943947378405241, 32.220339558577606 ], [ -110.943944034784309, 32.220195090597151 ], [ -110.943940688590459, 32.220050565778884 ], [ -110.943940692268342, 32.22005022040905 ], [ -110.943942296332636, 32.219913139451698 ], [ -110.943942626600787, 32.219884914938653 ], [ -110.943945639525779, 32.219627486638693 ], [ -110.943947457199855, 32.219472136384276 ], [ -110.943951156635677, 32.219423099374787 ], [ -110.943992912080944, 32.218869739283406 ], [ -110.944003476120713, 32.218729746720882 ], [ -110.944003523260392, 32.218729404390857 ], [ -110.9440191097503, 32.218618161810291 ], [ -110.944022596467107, 32.218593279386091 ], [ -110.944038231106305, 32.21848169447798 ], [ -110.944073754977836, 32.218352212612565 ], [ -110.944159122337027, 32.218041061386586 ], [ -110.944281702501044, 32.217744414493453 ], [ -110.944335457248897, 32.217614325161854 ], [ -110.944381938170864, 32.217501836651437 ], [ -110.944404911279904, 32.217446238292212 ], [ -110.944719863361399, 32.21690687199294 ], [ -110.944971947602653, 32.216557009617439 ], [ -110.945479048454416, 32.21593314281138 ], [ -110.946114035364886, 32.215162349468038 ], [ -110.94622434590076, 32.215028444047206 ], [ -110.946311804427992, 32.214919202944671 ], [ -110.946411046481799, 32.214795241568048 ], [ -110.94774076040261, 32.213134276691306 ], [ -110.948303205494156, 32.212376717965924 ], [ -110.948313795489895, 32.212361073072138 ], [ -110.948385074268671, 32.212255738549935 ], [ -110.94838567667, 32.212254848554167 ], [ -110.948388711352166, 32.212250360872318 ], [ -110.948439099590317, 32.212177022659176 ], [ -110.948473829068348, 32.212126474447381 ], [ -110.948680913114075, 32.211825086927433 ], [ -110.94868112331848, 32.211824770192926 ], [ -110.948681450168195, 32.211824256851997 ], [ -110.948728420314524, 32.211751003265185 ], [ -110.948723177244119, 32.211748072773197 ], [ -110.948723046493924, 32.211747998724299 ], [ -110.948716081693405, 32.211744077471494 ], [ -110.948712076760913, 32.211741826514761 ], [ -110.948686477040923, 32.211727438488673 ], [ -110.948629443085053, 32.211695391015837 ], [ -110.94830395802596, 32.211512490938922 ], [ -110.947659129251164, 32.211054276720965 ], [ -110.94720965310519, 32.210717776988531 ], [ -110.946828049274117, 32.210409432791039 ], [ -110.946694548304293, 32.2103002689908 ], [ -110.946480030188823, 32.210124857565972 ], [ -110.946165601204228, 32.209870882948657 ], [ -110.945673224380045, 32.209476770003889 ], [ -110.945100733015451, 32.209040915414363 ], [ -110.943911095843987, 32.208253570569276 ], [ -110.943910870442295, 32.208253420935741 ], [ -110.943392538400815, 32.207925723599629 ], [ -110.942545445714472, 32.207390174025967 ], [ -110.941822158910895, 32.206932886035815 ], [ -110.941799637139212, 32.206918647522926 ], [ -110.94178137173752, 32.206896179311954 ], [ -110.941781245588743, 32.206896072825749 ], [ -110.939917535415788, 32.204605069513917 ], [ -110.935266327114178, 32.201875749079491 ], [ -110.925694278399845, 32.195930490348104 ], [ -110.922740310016053, 32.194149301650356 ], [ -110.920850603754459, 32.192997166219151 ], [ -110.920023597197172, 32.192610051652728 ], [ -110.919898483762779, 32.192546013629794 ], [ -110.919898259136346, 32.192545897327612 ], [ -110.918777539673556, 32.192551829569439 ], [ -110.918901944379911, 32.1926302057039 ], [ -110.918601516660971, 32.192632135734655 ], [ -110.918112422120487, 32.192635274568879 ], [ -110.913494373999129, 32.1926648181758 ], [ -110.910922189222077, 32.194126138502085 ], [ -110.910840845462118, 32.19417428191425 ], [ -110.910761092245252, 32.194224757412357 ], [ -110.910683536044118, 32.194277483249103 ], [ -110.910677340533553, 32.194281990870394 ], [ -110.910607976419229, 32.194332458735545 ], [ -110.910534817189173, 32.194389513938326 ], [ -110.910463655474786, 32.194448733132532 ], [ -110.910395501672156, 32.194509952113791 ], [ -110.910329144623375, 32.194573074673357 ], [ -110.910266000983242, 32.194638027317431 ], [ -110.910205259624703, 32.194704888366225 ], [ -110.910154337769086, 32.194765114378285 ], [ -110.910147329537295, 32.19477340405917 ], [ -110.910091805517567, 32.194843484599751 ], [ -110.910039294263854, 32.194915221395703 ], [ -110.909989797676502, 32.194988442217827 ], [ -110.909942912546697, 32.195062972513398 ], [ -110.909899446958235, 32.195138818719009 ], [ -110.909858796457982, 32.195215975123723 ], [ -110.909821568341314, 32.195294190448315 ], [ -110.90978695455378, 32.195373456457951 ], [ -110.909755766120611, 32.195453609168503 ], [ -110.909727598064777, 32.19553473103084 ], [ -110.909703261200463, 32.1956164849095 ], [ -110.909681945575727, 32.195699034801166 ], [ -110.909663454531739, 32.195782037350725 ], [ -110.909648795649005, 32.195865586256751 ], [ -110.909637365309877, 32.195949503563668 ], [ -110.909629365938372, 32.196033707015111 ], [ -110.909624599029527, 32.196118020979291 ], [ -110.909623264060272, 32.19620253452203 ], [ -110.909485008805859, 32.196201813051864 ], [ -110.909435781755704, 32.196201557120474 ], [ -110.90933978729224, 32.196201608592936 ], [ -110.9092335380669, 32.19620166396566 ], [ -110.909206325713981, 32.194695653142695 ], [ -110.909200393077896, 32.19436732725255 ], [ -110.909168401869337, 32.192596841041507 ], [ -110.909200743073811, 32.192595380731014 ], [ -110.909196213170233, 32.190784306245995 ], [ -110.909194964864156, 32.190285196909059 ], [ -110.909194500212422, 32.19009894244293 ], [ -110.909194012780588, 32.189903973475573 ], [ -110.909192688822515, 32.189374563119678 ], [ -110.909186804894475, 32.187022493940376 ], [ -110.90918489470522, 32.1862585117197 ], [ -110.908881347169256, 32.185389032442956 ], [ -110.908723157567209, 32.184931735024534 ], [ -110.908581165145918, 32.184471303701166 ], [ -110.908548795526713, 32.1843289687991 ], [ -110.908522292806751, 32.184185822116554 ], [ -110.908456705408597, 32.184186531187358 ], [ -110.908403293299102, 32.184187107321513 ], [ -110.90837032195364, 32.183366340085932 ], [ -110.908347298809375, 32.182229544773215 ], [ -110.908303425412896, 32.180931780606805 ], [ -110.908284109554089, 32.180045151590591 ], [ -110.908280824662228, 32.17877754743774 ], [ -110.908280798231544, 32.178767438678413 ], [ -110.908280759876135, 32.178752350852001 ], [ -110.908278880435446, 32.178027089622894 ], [ -110.908141186651136, 32.17802592959972 ], [ -110.907146171276224, 32.17801753942544 ], [ -110.90714069900811, 32.177103790782951 ], [ -110.908099916459634, 32.177110154027019 ], [ -110.908274013754081, 32.177111052380042 ], [ -110.908404915705304, 32.177111726129866 ], [ -110.908380464762558, 32.176177726112563 ], [ -110.908245366018889, 32.176176687926386 ], [ -110.908081132542222, 32.176175425409397 ], [ -110.907134158887203, 32.176177062548859 ], [ -110.906051470554075, 32.17617631966025 ], [ -110.905020482153532, 32.176176581608637 ], [ -110.905015045417969, 32.175206741488608 ], [ -110.905008781421216, 32.174311711776099 ], [ -110.903923001989185, 32.174300274765336 ], [ -110.902888922571009, 32.174289758629442 ], [ -110.90288587076931, 32.173398361983516 ], [ -110.902880851833999, 32.172392791092378 ], [ -110.900757117104021, 32.172432961496227 ], [ -110.900735987487366, 32.170551780909207 ], [ -110.900238305624555, 32.170551390421835 ], [ -110.899908683489784, 32.170550115931306 ], [ -110.899537055533713, 32.170548245828279 ], [ -110.899178347664474, 32.170546992592236 ], [ -110.898822871262198, 32.170545765240959 ], [ -110.898809554410079, 32.169218693855704 ], [ -110.897388521106549, 32.169191790606774 ], [ -110.897352973118657, 32.167559513127891 ], [ -110.896394148789355, 32.167563294949289 ], [ -110.896331470330153, 32.163274979151488 ], [ -110.896416788814847, 32.163277505109392 ], [ -110.896417309767642, 32.163057057282643 ], [ -110.893324597702559, 32.163057336400016 ], [ -110.892817357132856, 32.163048507040386 ], [ -110.892608393192532, 32.163042005506824 ], [ -110.892460956281298, 32.163024234713774 ], [ -110.89237478493709, 32.163000086961596 ], [ -110.89233879712981, 32.162985276226379 ], [ -110.89232772649892, 32.162980171549371 ], [ -110.892289289439404, 32.162962444309869 ], [ -110.892286342988854, 32.163251052998774 ], [ -110.892047227447165, 32.163249889597139 ], [ -110.892044271520604, 32.163044825941526 ], [ -110.890981531295012, 32.163044288852113 ], [ -110.890979545684772, 32.162951072812987 ], [ -110.890964625232456, 32.162155700520444 ], [ -110.890950915483856, 32.161612795622489 ], [ -110.890943995819512, 32.161275071148701 ], [ -110.889940123425447, 32.161267701622648 ], [ -110.888961495886264, 32.161260443515893 ], [ -110.888910734416115, 32.159647453597259 ], [ -110.888914262520828, 32.159585033608273 ], [ -110.886742786562237, 32.159568665149656 ], [ -110.886744642597833, 32.159403668949487 ], [ -110.886757050316604, 32.157726080640479 ], [ -110.885703814976338, 32.157712005787694 ], [ -110.88462013976266, 32.157693121479738 ], [ -110.88463684171839, 32.155996241448157 ], [ -110.883487488484292, 32.155978545298922 ], [ -110.883497688501109, 32.154113477756766 ], [ -110.88245688074575, 32.154092449037528 ], [ -110.881439829572514, 32.154079064207018 ], [ -110.881464575536853, 32.152354418985695 ], [ -110.879278830935036, 32.152311780263595 ], [ -110.879283567838854, 32.150467314679268 ], [ -110.87873160499656, 32.150455315220597 ], [ -110.878281631512451, 32.150442346634442 ], [ -110.877200572012384, 32.150414315588186 ], [ -110.877215208014277, 32.148768787326574 ], [ -110.877217422112821, 32.148698196250834 ], [ -110.876669860898815, 32.148690777397633 ], [ -110.876511772487262, 32.1486885329955 ], [ -110.876565205985244, 32.148748843405144 ], [ -110.876168644133983, 32.148745583455394 ], [ -110.876119749640239, 32.148676805998356 ], [ -110.87507860335586, 32.148656730929261 ], [ -110.875079034881949, 32.148601072076225 ], [ -110.875067350925974, 32.147628204020769 ], [ -110.87503671049987, 32.145076697879588 ], [ -110.875006917612723, 32.14163413212858 ], [ -110.875006349641524, 32.141568672068466 ], [ -110.875006345564842, 32.141568378039857 ], [ -110.875006345557111, 32.141568192263769 ], [ -110.874994882415024, 32.141568183591559 ], [ -110.874910713478968, 32.141568111276207 ], [ -110.873728954408406, 32.14156711281089 ], [ -110.873447887849736, 32.1415668742045 ], [ -110.864574608627876, 32.141559001134702 ], [ -110.864235390931753, 32.141558687922327 ], [ -110.858214199226367, 32.141552978213305 ], [ -110.858214201330128, 32.141553163104668 ], [ -110.858214191798822, 32.141555364375456 ], [ -110.858212626975615, 32.141898900841191 ], [ -110.858182690506069, 32.148491798895961 ], [ -110.858180450929879, 32.149926286153601 ], [ -110.857804657408323, 32.149925375204063 ], [ -110.857689336634351, 32.149926729701377 ], [ -110.855977122628133, 32.149908953815668 ], [ -110.855976491187661, 32.15006801004639 ], [ -110.855976489005101, 32.150068198508862 ], [ -110.855973682319984, 32.152086881978008 ], [ -110.855973682298924, 32.152087066851237 ], [ -110.855973680124919, 32.152089268179317 ], [ -110.855973679043913, 32.152089453043679 ], [ -110.854815474834325, 32.152078278508498 ], [ -110.853590839584655, 32.152066450530036 ], [ -110.85174724210853, 32.150927053627811 ], [ -110.851243573593493, 32.150617530468892 ], [ -110.849307324578049, 32.149427927492717 ], [ -110.848058330185808, 32.148660416245733 ], [ -110.847569417709195, 32.1483599700829 ], [ -110.847569727181593, 32.148359974500984 ], [ -110.847569419856271, 32.148359786129568 ], [ -110.847573337069647, 32.148359837258894 ], [ -110.847567242246441, 32.148356091910735 ], [ -110.845284049356209, 32.146952701544215 ], [ -110.844189594823334, 32.146279780420336 ], [ -110.843132644776432, 32.145630102319821 ], [ -110.842046643743501, 32.144962301972548 ], [ -110.841499336735808, 32.144625914227959 ], [ -110.841015106699956, 32.144315731504697 ], [ -110.841015106638594, 32.144315917279236 ], [ -110.841015099987786, 32.144318108646885 ], [ -110.841015099693507, 32.1443183142595 ], [ -110.841013737901292, 32.144317479322908 ], [ -110.841011292182401, 32.144315976844609 ], [ -110.841007286826013, 32.14431351780587 ], [ -110.841002290143905, 32.144310448826964 ], [ -110.84099800277842, 32.144307814241444 ], [ -110.840993499677168, 32.144305047058175 ], [ -110.840989689019366, 32.144302706910423 ], [ -110.840985743673798, 32.144300282650278 ], [ -110.840981722547951, 32.144297812654862 ], [ -110.84097579556915, 32.144294172129889 ], [ -110.840970650518372, 32.144291010804764 ], [ -110.84096458358502, 32.144287283416737 ], [ -110.840958468226859, 32.144283527660363 ], [ -110.840952501261157, 32.144279862445259 ], [ -110.840946375390118, 32.144276099384427 ], [ -110.84094076412724, 32.144272652727331 ], [ -110.840934564596424, 32.144268843948765 ], [ -110.840927616821617, 32.14426457609585 ], [ -110.840921015284593, 32.144260520408025 ], [ -110.840914654729957, 32.144256613764988 ], [ -110.840911478671131, 32.144254662282826 ], [ -110.840906886122454, 32.144251840226964 ], [ -110.840899859411408, 32.144247524806921 ], [ -110.84089475435465, 32.144244388167884 ], [ -110.840888969457865, 32.144240834519607 ], [ -110.84088377915684, 32.144237645751723 ], [ -110.840876331511708, 32.144233070635266 ], [ -110.84086616978469, 32.144226829330151 ], [ -110.840849733846625, 32.14421673081025 ], [ -110.840834883799033, 32.144207609815773 ], [ -110.840819768586812, 32.1441983233359 ], [ -110.84080043123717, 32.144186445202244 ], [ -110.84077875974269, 32.14417313226614 ], [ -110.840754662554374, 32.144158327835243 ], [ -110.840729731865395, 32.144143013999702 ], [ -110.840709110684386, 32.144130343961059 ], [ -110.840691485551289, 32.144119519265118 ], [ -110.840691485100493, 32.144120099131939 ], [ -110.840688248659035, 32.144460361900364 ], [ -110.840688246487872, 32.144460546755127 ], [ -110.840663192595514, 32.147097163719188 ], [ -110.840663190424067, 32.147097348573858 ], [ -110.840663167737176, 32.147099550625946 ], [ -110.840663166625632, 32.147099735489633 ], [ -110.84066311406616, 32.147105653688875 ], [ -110.840663113621275, 32.147105691561556 ], [ -110.840663112954601, 32.147105838552555 ], [ -110.840663112509731, 32.147105876425222 ], [ -110.840632479500627, 32.150988676813348 ], [ -110.840632478388741, 32.150988861676908 ], [ -110.840625720631024, 32.151845264112865 ], [ -110.840625719519053, 32.151845448976388 ], [ -110.840617331525706, 32.152908320717657 ], [ -110.84061733041365, 32.152908505581188 ], [ -110.840611324830135, 32.153669609893946 ], [ -110.840611323718008, 32.153669794757434 ], [ -110.840604391705355, 32.154547694724215 ], [ -110.840604390593157, 32.154547879587696 ], [ -110.840603153103899, 32.154704522269824 ], [ -110.840603151991672, 32.154704707133298 ], [ -110.840601138662237, 32.154959668554469 ], [ -110.840601137539409, 32.154959854319678 ], [ -110.84060033027292, 32.155062201219771 ], [ -110.840600328100692, 32.155062386074214 ], [ -110.840599677479602, 32.155144726546169 ], [ -110.840599676367347, 32.155144911409621 ], [ -110.840599110054725, 32.155216558826659 ], [ -110.840599108942456, 32.155216743690119 ], [ -110.840596282714031, 32.155574703950251 ], [ -110.840596281601719, 32.155574888813696 ], [ -110.840593841976201, 32.155883797897161 ], [ -110.84059384086386, 32.155883982760585 ], [ -110.840593782357658, 32.155891306836978 ], [ -110.840593781245317, 32.155891491700409 ], [ -110.840593765564563, 32.155893457532514 ], [ -110.840593764452237, 32.155893642395931 ], [ -110.840591980167659, 32.156119628470769 ], [ -110.840591979044717, 32.156119814235922 ], [ -110.840590192170197, 32.156346018520971 ], [ -110.840590191057828, 32.156346203384395 ], [ -110.840588303097832, 32.156585246899411 ], [ -110.840588301985463, 32.156585431762821 ], [ -110.84058827383285, 32.156588909838923 ], [ -110.840588272709866, 32.156589095604062 ], [ -110.840587408271404, 32.156698735903234 ], [ -110.840587406099004, 32.156698920757627 ], [ -110.84058554172546, 32.156934961403344 ], [ -110.840585540613048, 32.156935146266761 ], [ -110.840584586408255, 32.157055941295667 ], [ -110.840584585295829, 32.157056126159077 ], [ -110.840583193736549, 32.157232356778209 ], [ -110.840583192613508, 32.157232542543326 ], [ -110.840583138234749, 32.15723933458019 ], [ -110.840583137122294, 32.157239519443579 ], [ -110.840583020513492, 32.157254222607655 ], [ -110.840583019401052, 32.157254407471044 ], [ -110.840582859973836, 32.157274558158349 ], [ -110.840582858850794, 32.157274743923487 ], [ -110.840582711460314, 32.157293329155635 ], [ -110.840582710337259, 32.157293514920781 ], [ -110.84058259495734, 32.157308113484191 ], [ -110.8405825938449, 32.15730829834758 ], [ -110.84058251434287, 32.157318310565643 ], [ -110.840582513230402, 32.157318495429038 ], [ -110.840582387413292, 32.157334433104552 ], [ -110.840582386300838, 32.15733461796794 ], [ -110.840582283127702, 32.157347817012301 ], [ -110.840582280955232, 32.157348001866666 ], [ -110.840582148047403, 32.157364272252934 ], [ -110.840582146934963, 32.157364457116316 ], [ -110.84058202425237, 32.157379496606865 ], [ -110.840582023139916, 32.157379681470267 ], [ -110.840581914581932, 32.15739297786515 ], [ -110.840581913469464, 32.15739316272856 ], [ -110.840581791729562, 32.157408031783298 ], [ -110.840581790617122, 32.157408216646679 ], [ -110.84058176673301, 32.157411060780021 ], [ -110.840581765620556, 32.157411245643402 ], [ -110.840581625644546, 32.157428388028173 ], [ -110.840581624532106, 32.157428572891561 ], [ -110.84058151088864, 32.157442843207392 ], [ -110.840581509776186, 32.15744302807078 ], [ -110.840581491274435, 32.157445053398426 ], [ -110.840581490151365, 32.157445239163543 ], [ -110.840581481122925, 32.15744618780014 ], [ -110.840581478939853, 32.157446373556226 ], [ -110.840578400386022, 32.157769482564802 ], [ -110.840578398202936, 32.157769668320903 ], [ -110.840576261244919, 32.15799398296582 ], [ -110.840576259061805, 32.157994168721906 ], [ -110.840574270872466, 32.158202756004606 ], [ -110.84057426869991, 32.158202940858942 ], [ -110.840571363558709, 32.158507766029494 ], [ -110.840571361375538, 32.15850795178558 ], [ -110.84057038432266, 32.158610567730776 ], [ -110.840570382150077, 32.158610752585119 ], [ -110.840568711957815, 32.158786053722324 ], [ -110.840568709774615, 32.15878623947841 ], [ -110.840562757345907, 32.159410759527837 ], [ -110.840576323720356, 32.159640697943473 ], [ -110.840576819688039, 32.159649101699024 ], [ -110.840595294782332, 32.159962278212809 ], [ -110.840596633562285, 32.159976455363037 ], [ -110.840596671343064, 32.159976848877179 ], [ -110.840597159747858, 32.1599820177452 ], [ -110.840597169002294, 32.159982132354862 ], [ -110.840597448955506, 32.159985102620304 ], [ -110.840598354115329, 32.159994681317635 ], [ -110.840599333692111, 32.160005054248082 ], [ -110.840600500943481, 32.160017409167942 ], [ -110.840602694913784, 32.160040636124656 ], [ -110.840607164864153, 32.160087960088212 ], [ -110.840654771594245, 32.160591952983133 ], [ -110.840702447400531, 32.160764461447442 ], [ -110.840798959930567, 32.161113668115227 ], [ -110.840800151546972, 32.161159046021602 ], [ -110.84080913733527, 32.161501330003532 ], [ -110.840822990334019, 32.161635403883139 ], [ -110.84085725784908, 32.161967062058707 ], [ -110.84085725673684, 32.161967246921961 ], [ -110.840857262983945, 32.161967978349622 ], [ -110.84085726399185, 32.161968163230938 ], [ -110.840857368883334, 32.161981791497645 ], [ -110.840857369891239, 32.161981976378961 ], [ -110.840857501830044, 32.161999076875652 ], [ -110.840857502837935, 32.161999261756947 ], [ -110.840857610263967, 32.162013125419705 ], [ -110.840857611261285, 32.162013311202735 ], [ -110.840857725189494, 32.162028065015285 ], [ -110.840857726186812, 32.162028250798315 ], [ -110.840857818932463, 32.162040115907061 ], [ -110.840857819929766, 32.162040301690098 ], [ -110.840857824119482, 32.162040847325713 ], [ -110.840857825127372, 32.162041032207036 ], [ -110.840859949730302, 32.162367162151227 ], [ -110.840859950727605, 32.162367347934264 ], [ -110.840860437906628, 32.16244235989879 ], [ -110.840860438903903, 32.162442545681799 ], [ -110.840861077179127, 32.16254051561242 ], [ -110.840861079236475, 32.162540701404453 ], [ -110.84086123649864, 32.162565029285432 ], [ -110.840861237495901, 32.162565215068462 ], [ -110.840861397440918, 32.162589765721279 ], [ -110.840861398448794, 32.162589950602559 ], [ -110.840861436000793, 32.162595776666876 ], [ -110.840861437008684, 32.162595961548163 ], [ -110.840862150021493, 32.162704892809202 ], [ -110.840862151029356, 32.162705077690482 ], [ -110.840862970787398, 32.162830726859184 ], [ -110.840862970724572, 32.162830912633162 ], [ -110.840863635666068, 32.162993732521755 ], [ -110.84086363689724, 32.162994078830366 ], [ -110.840883684863357, 32.167072529030555 ], [ -110.840903903513222, 32.171186296921221 ], [ -110.840904881147409, 32.171385176608332 ], [ -110.840904951656739, 32.171399833536327 ], [ -110.840905309952447, 32.171474974163957 ], [ -110.840905784255511, 32.171574250200727 ], [ -110.840906942524313, 32.171817021034919 ], [ -110.840907331485084, 32.171898481850967 ], [ -110.840909315900674, 32.172314320145254 ], [ -110.840909327811019, 32.172316914773418 ], [ -110.840909359551674, 32.172322332256748 ], [ -110.840909374661905, 32.172323842928364 ], [ -110.84090947719497, 32.172331536297449 ], [ -110.840909581551756, 32.172339345114608 ], [ -110.840911020142798, 32.172447507724854 ], [ -110.840911254198105, 32.172465118589393 ], [ -110.840914178679569, 32.172684906280729 ], [ -110.840915050252306, 32.1727503864889 ], [ -110.840918216028555, 32.172988341516458 ], [ -110.840919770244881, 32.173105158030445 ], [ -110.840921606781322, 32.173243236369181 ], [ -110.840922338146854, 32.173298184866539 ], [ -110.840924718456023, 32.173477134547824 ], [ -110.840926727398283, 32.173628146395096 ], [ -110.840928955051382, 32.173795548811633 ], [ -110.840932828103021, 32.174086622302006 ], [ -110.84093326707422, 32.174119722702052 ], [ -110.840933510681964, 32.174138054194813 ], [ -110.840933516047087, 32.174138409556171 ], [ -110.840933606788937, 32.174145211828154 ], [ -110.840933617943492, 32.174146066845069 ], [ -110.840933516173322, 32.174152919785243 ], [ -110.84092583192043, 32.174672344926805 ], [ -110.840924554620798, 32.174758894916494 ], [ -110.840923045230838, 32.174861127322615 ], [ -110.840922997344407, 32.174864388785409 ], [ -110.84092298544968, 32.174865220158999 ], [ -110.840922985990616, 32.174865444715898 ], [ -110.84092299170608, 32.174866311410078 ], [ -110.840923012616898, 32.174869583377927 ], [ -110.840923036221085, 32.174873257578824 ], [ -110.840923494253687, 32.17494405857267 ], [ -110.840938571775069, 32.177278410135337 ], [ -110.840938626815856, 32.177286985972728 ], [ -110.840938952066125, 32.177337242440892 ], [ -110.840939004180328, 32.177345255520109 ], [ -110.84093911564004, 32.177362470333563 ], [ -110.840939298203907, 32.177390502133875 ], [ -110.841029192566268, 32.177393740300083 ], [ -110.842385641171987, 32.177442573564171 ], [ -110.842386403286255, 32.177442597171449 ], [ -110.843052608005593, 32.177463497913799 ], [ -110.84431394818327, 32.177507500947783 ], [ -110.84538406733445, 32.177512360951972 ], [ -110.847180314819255, 32.177521979232552 ], [ -110.848717660886464, 32.177526636688391 ], [ -110.849499431572013, 32.177540192376036 ], [ -110.850289561210403, 32.177530104929119 ], [ -110.851826970472345, 32.177529142865922 ], [ -110.853028465535857, 32.177527740283516 ], [ -110.853135601404034, 32.17752108211171 ], [ -110.853208189461981, 32.17753234379277 ], [ -110.853261020675248, 32.177540262230707 ], [ -110.853298934556832, 32.177545560811481 ], [ -110.853355291563105, 32.177562958998351 ], [ -110.853407148236116, 32.177585211691181 ], [ -110.853456676944987, 32.177616724498684 ], [ -110.853494514795258, 32.177645815939421 ], [ -110.853519312509249, 32.177667327107592 ], [ -110.853548238572444, 32.177698752382057 ], [ -110.853574308036542, 32.177732643559622 ], [ -110.853594384639621, 32.177777738147007 ], [ -110.853611508226408, 32.177816622345425 ], [ -110.853619683732148, 32.177860412979172 ], [ -110.853609142514145, 32.178837160561216 ], [ -110.853615898307581, 32.180411381101678 ], [ -110.853616360986877, 32.180437996716876 ], [ -110.85361759424903, 32.180508806051868 ], [ -110.853631645039798, 32.180568793990574 ], [ -110.853671488697103, 32.18066902946984 ], [ -110.853708907669343, 32.180734282907373 ], [ -110.853766842304069, 32.180807182101624 ], [ -110.853836421179125, 32.180896693195713 ], [ -110.85383909164311, 32.180900127210592 ], [ -110.853911771964633, 32.180955712709491 ], [ -110.85399351747553, 32.180996344645827 ], [ -110.854051887520825, 32.181031793095379 ], [ -110.854124803689089, 32.181067367326357 ], [ -110.854209636454442, 32.181102955945448 ], [ -110.854288553390205, 32.181126122786701 ], [ -110.854382242636092, 32.18114692283082 ], [ -110.854467425808537, 32.1811526225856 ], [ -110.8550242491511, 32.181143982317842 ], [ -110.857855403080322, 32.181119003859187 ], [ -110.85785647160084, 32.181229066130612 ], [ -110.857863589583943, 32.181961758786471 ], [ -110.857889986555932, 32.184679090769485 ], [ -110.857849012579337, 32.186874730984648 ], [ -110.857899234787141, 32.190300633686107 ], [ -110.85792394650278, 32.191986389467196 ], [ -110.857924886004739, 32.192050424482538 ], [ -110.857924952234526, 32.192054962976336 ], [ -110.857925440187174, 32.192088293680577 ], [ -110.857926087489275, 32.192132500720653 ], [ -110.85797069398329, 32.192136634747079 ], [ -110.858085025069826, 32.192147226878348 ], [ -110.858969495063846, 32.192229155663156 ], [ -110.859670121818226, 32.19224785299356 ], [ -110.860530042673602, 32.192225799072858 ], [ -110.860645319709562, 32.192222842491041 ], [ -110.860783992098121, 32.192224001348009 ], [ -110.861082316304916, 32.192226491927272 ], [ -110.863794464293377, 32.192249103089033 ], [ -110.866404882466981, 32.192270811223104 ], [ -110.866525126083744, 32.192271809824362 ], [ -110.866662198617362, 32.192272026389936 ], [ -110.874939495432201, 32.192284788599508 ], [ -110.875024196124713, 32.192284916368394 ], [ -110.875175270419945, 32.19228769739366 ], [ -110.875171438546801, 32.192369651945903 ], [ -110.875167185777087, 32.192460625722966 ], [ -110.875128145967153, 32.1932958460404 ], [ -110.875098342035471, 32.193933463771835 ], [ -110.875101106349064, 32.196510260912753 ], [ -110.875099383653748, 32.198805446518797 ], [ -110.875118027387458, 32.199680065376832 ], [ -110.875117858257468, 32.19969416479961 ], [ -110.875084050603547, 32.202511863777865 ], [ -110.875084268030065, 32.203671492041366 ], [ -110.87508054853312, 32.204441275612133 ], [ -110.87508397357152, 32.205195789774734 ], [ -110.87506576592331, 32.206034332740828 ], [ -110.875071045142292, 32.206695921702483 ], [ -110.875071960960781, 32.206810632172576 ], [ -110.875072654941349, 32.206898087923221 ], [ -110.875073265174734, 32.206985539375417 ], [ -110.875073975444721, 32.207087758892854 ], [ -110.875083827387243, 32.208506213904705 ], [ -110.87508473582615, 32.208637017190924 ], [ -110.875084783318471, 32.208643831704677 ], [ -110.875087915521561, 32.208820004738449 ], [ -110.875104485295793, 32.20975189485641 ], [ -110.875104616466018, 32.209759278202483 ], [ -110.875107124554674, 32.209900311316019 ], [ -110.875107131214122, 32.209900657668193 ], [ -110.875109840754959, 32.210032578686835 ], [ -110.875110030309855, 32.210041819352554 ], [ -110.875116824945565, 32.210372498172553 ], [ -110.875118632166476, 32.210460463555741 ], [ -110.875120187860105, 32.210590689563034 ], [ -110.875137000174419, 32.211997683180883 ], [ -110.875138232572326, 32.212100714949479 ], [ -110.875138433496602, 32.212223604314431 ], [ -110.875141861117797, 32.214313855042022 ], [ -110.875141942996578, 32.214363341028879 ], [ -110.875142984233193, 32.214455501605656 ], [ -110.875151411640559, 32.215201165742201 ], [ -110.875151518682699, 32.215210665443685 ], [ -110.875153009319305, 32.215342497856092 ], [ -110.875157410599101, 32.215495003109261 ], [ -110.875160925783888, 32.215616738339868 ], [ -110.875165401242427, 32.215771763869341 ], [ -110.875165395887862, 32.215776420798548 ], [ -110.875165320076547, 32.21590031333858 ], [ -110.875165314501487, 32.215908897670666 ], [ -110.87516475263601, 32.216827811009331 ], [ -110.875164683715539, 32.21694188372301 ], [ -110.875164715079393, 32.216944808567376 ], [ -110.875165873901608, 32.217058661432056 ], [ -110.875177446301066, 32.21819559453035 ], [ -110.875177950167938, 32.21824509659038 ], [ -110.875191910153518, 32.219616611139038 ], [ -110.875193184320196, 32.219741744804921 ], [ -110.87519009346623, 32.219894386624787 ], [ -110.875167509376126, 32.221010072411985 ], [ -110.875170906810581, 32.221414079880418 ], [ -110.875171601439362, 32.221496530373258 ], [ -110.875172525983984, 32.221606544910756 ], [ -110.875172604924003, 32.221609390785432 ], [ -110.87517276277319, 32.221615085239911 ], [ -110.875173004838828, 32.221623814091707 ], [ -110.875173225973754, 32.22163177352342 ], [ -110.875173431217874, 32.221639172797495 ], [ -110.875173820909112, 32.221653190203014 ], [ -110.875174664547401, 32.221683591002403 ], [ -110.875175580334812, 32.221716595934055 ], [ -110.87517771345982, 32.22179346792943 ], [ -110.875178064475875, 32.22180613229451 ], [ -110.875181969957339, 32.221946951212779 ], [ -110.875186355064471, 32.222105065466685 ], [ -110.875191083529671, 32.222275586099009 ], [ -110.875194504627842, 32.222398970750874 ], [ -110.875200281176006, 32.22260727069542 ], [ -110.875202839798277, 32.222699487849212 ], [ -110.875203469481846, 32.222722230478503 ], [ -110.875203530645024, 32.222724402551016 ], [ -110.875203534653338, 32.222724516212637 ], [ -110.875203770980278, 32.222728445560648 ], [ -110.875208203270688, 32.222801763501295 ], [ -110.875229721876266, 32.223157749774785 ], [ -110.875236389966389, 32.223268054198044 ], [ -110.875241638919746, 32.223354885330806 ], [ -110.875242190543048, 32.223364006314618 ], [ -110.875242384252502, 32.223367207547113 ], [ -110.875242422912152, 32.223368189941198 ], [ -110.875242639198035, 32.223373690985618 ], [ -110.875245420777134, 32.223444405307148 ], [ -110.875245978344282, 32.223458587320394 ], [ -110.875266911365756, 32.223990804833093 ], [ -110.875270370590741, 32.22407875659318 ], [ -110.875271846751019, 32.224116304057958 ], [ -110.875272358409134, 32.224129302511535 ], [ -110.875272387991529, 32.224130057573575 ], [ -110.875272760006453, 32.224140323281979 ], [ -110.875272767106466, 32.224140537972204 ], [ -110.875273935507764, 32.224172791056397 ], [ -110.875275183891176, 32.224207240716524 ], [ -110.875275435706996, 32.224214184955308 ], [ -110.875275839728033, 32.224225365366657 ], [ -110.875276284460554, 32.224237627388391 ], [ -110.875276897658253, 32.224254560390882 ], [ -110.875277363133975, 32.224267422289728 ], [ -110.875277823065829, 32.224280119110915 ], [ -110.875277899688598, 32.224282238103264 ], [ -110.875278681588398, 32.224303821346645 ], [ -110.875279034902192, 32.224313587295732 ], [ -110.87527926739773, 32.224319992992321 ], [ -110.875280216248314, 32.22434619399683 ], [ -110.875281271522226, 32.224375343006059 ], [ -110.875282939253538, 32.224421397054925 ], [ -110.875285575498324, 32.224494160892455 ], [ -110.875293183784009, 32.224704192014649 ], [ -110.875293828393282, 32.224721999132406 ], [ -110.875296115371754, 32.224785107974654 ], [ -110.87529662855971, 32.224799275190307 ], [ -110.875296687428587, 32.224800904351241 ], [ -110.875296812849044, 32.224804140191075 ], [ -110.875298108557345, 32.224837510766534 ], [ -110.875299708523187, 32.224878716102332 ], [ -110.875300669393923, 32.224903491435882 ], [ -110.875300701480427, 32.224904306038169 ], [ -110.875301360291161, 32.224919751421851 ], [ -110.875302029900382, 32.224935459322325 ], [ -110.875304028115693, 32.224982304275535 ], [ -110.875304439898798, 32.224991966996726 ], [ -110.875305818684126, 32.225024285838963 ], [ -110.875308283356006, 32.225082046582529 ], [ -110.875309626874113, 32.225113550795797 ], [ -110.875311903889738, 32.225166928078899 ], [ -110.875314168233913, 32.225220021185834 ], [ -110.875317148517041, 32.225289876793973 ], [ -110.875322675483631, 32.225419420091967 ], [ -110.875325993951975, 32.225497206329507 ], [ -110.875328968394584, 32.225566923909014 ], [ -110.875329220381261, 32.225572830160104 ], [ -110.875330091000791, 32.225593239968632 ], [ -110.875333175964897, 32.225665546663272 ], [ -110.875333254796388, 32.225667286009738 ], [ -110.875335625694134, 32.22571940963882 ], [ -110.875335721567396, 32.225721515262087 ], [ -110.87533614225606, 32.225730769533946 ], [ -110.875336734465463, 32.225743775862448 ], [ -110.875338239218763, 32.225776864985882 ], [ -110.875339077392084, 32.225795282419803 ], [ -110.875339484624703, 32.225804228160378 ], [ -110.875339614355298, 32.225807086175259 ], [ -110.875340370142965, 32.225823703811862 ], [ -110.875340935692151, 32.225836350096827 ], [ -110.87534103336165, 32.225838670366521 ], [ -110.875343903439344, 32.225914006283915 ], [ -110.875344968210598, 32.225941952344826 ], [ -110.875345910474763, 32.225966686037559 ], [ -110.875354811601341, 32.226200307487069 ], [ -110.875360841905874, 32.226358565956268 ], [ -110.875361297594253, 32.226370519643922 ], [ -110.875361444636951, 32.22637437159986 ], [ -110.875361660183074, 32.226380031354864 ], [ -110.875362220439882, 32.226394723810387 ], [ -110.875362632747439, 32.226405550775269 ], [ -110.875363190397778, 32.226420192707714 ], [ -110.875364093480655, 32.226443897106371 ], [ -110.875364375953765, 32.226451316851175 ], [ -110.87536438495971, 32.226451550495149 ], [ -110.875364582124192, 32.22645733364709 ], [ -110.875365074339641, 32.226471759506794 ], [ -110.875365083964283, 32.226472031933824 ], [ -110.875366874695729, 32.226524516010862 ], [ -110.875367012235927, 32.226528550054773 ], [ -110.875367228351692, 32.226534904210858 ], [ -110.875367467745875, 32.226541915079039 ], [ -110.875367774606872, 32.226550917707684 ], [ -110.87536801350582, 32.226557878972038 ], [ -110.875368282043098, 32.226565776563149 ], [ -110.875369533775483, 32.226602448306984 ], [ -110.8753697706249, 32.226609403241696 ], [ -110.87537108720791, 32.226648017124397 ], [ -110.875371615193131, 32.226663492989502 ], [ -110.875371672447514, 32.226665170834622 ], [ -110.875371673859689, 32.226665233071387 ], [ -110.875371750941156, 32.226668056383176 ], [ -110.875372021616613, 32.226677906418338 ], [ -110.87537232379853, 32.226688901114578 ], [ -110.875372936841174, 32.226711245893057 ], [ -110.87537378849612, 32.226742251851988 ], [ -110.875374812825214, 32.226779607099601 ], [ -110.875381608949624, 32.227027109927946 ], [ -110.875383525608413, 32.227096928797131 ], [ -110.875383535142319, 32.227097302226483 ], [ -110.875384214611231, 32.227122009400695 ], [ -110.875387182164644, 32.227230110797123 ], [ -110.875387248919154, 32.227232537225632 ], [ -110.875387266069225, 32.227233173145507 ], [ -110.875387268408559, 32.227233247113503 ], [ -110.875387281524254, 32.227233492514841 ], [ -110.875387902343746, 32.227245293351309 ], [ -110.87539130345796, 32.227309884009998 ], [ -110.875391400203611, 32.227311727212189 ], [ -110.875391607809789, 32.22731566443705 ], [ -110.875391824946405, 32.227319789317647 ], [ -110.875392149317165, 32.22732595408219 ], [ -110.875392743978139, 32.227337257803697 ], [ -110.8753930335657, 32.22734275133238 ], [ -110.875393314457483, 32.227348077052042 ], [ -110.87539365708551, 32.227354594576113 ], [ -110.875393807932483, 32.227357461782404 ], [ -110.875394009398249, 32.227361286229936 ], [ -110.875394499565701, 32.227370588867991 ], [ -110.875394543982267, 32.22737143874231 ], [ -110.875395948885924, 32.227398121453099 ], [ -110.875396965674071, 32.227417437658495 ], [ -110.875397975559295, 32.227436614927655 ], [ -110.875398667894359, 32.227449773582329 ], [ -110.875399752642466, 32.227470387155357 ], [ -110.875400566214068, 32.227485846433368 ], [ -110.8754012203147, 32.22749826438401 ], [ -110.875401586701997, 32.227505210465075 ], [ -110.875402766435272, 32.227527635662071 ], [ -110.875403980436488, 32.227550684294449 ], [ -110.875408036329034, 32.227627728076676 ], [ -110.875409111724522, 32.227648138663994 ], [ -110.875413237866312, 32.227682829352261 ], [ -110.875418104594388, 32.227723749556866 ], [ -110.87542290543054, 32.22776412181738 ], [ -110.875433595319322, 32.227854012477167 ], [ -110.87543782308741, 32.227889561625673 ], [ -110.875444860377627, 32.227948730772233 ], [ -110.875452914158103, 32.228016451171428 ], [ -110.875453436834434, 32.228093430667855 ], [ -110.875453631955111, 32.228122189303001 ], [ -110.875453663271699, 32.228126793318687 ], [ -110.875453686191378, 32.228130179817057 ], [ -110.875453736658557, 32.228137663480908 ], [ -110.875453984564984, 32.228173981551066 ], [ -110.875454424454844, 32.228238775060369 ], [ -110.875454513538187, 32.228251804293087 ], [ -110.875454579206561, 32.228261397423687 ], [ -110.875454632877108, 32.228269437532632 ], [ -110.875454728593652, 32.228283559817818 ], [ -110.875455056393804, 32.228331759035534 ], [ -110.875455612600234, 32.228413520219263 ], [ -110.875455780346471, 32.228437608135778 ], [ -110.875455820533574, 32.228442364630837 ], [ -110.875455972885746, 32.228458591312929 ], [ -110.87545613100697, 32.228475428570178 ], [ -110.875456499140583, 32.228514600966612 ], [ -110.875457564414603, 32.228627919890833 ], [ -110.875458508038975, 32.228728274243657 ], [ -110.875459169665447, 32.228798649995468 ], [ -110.875459315162914, 32.228814082122639 ], [ -110.875459741966367, 32.228859460378111 ], [ -110.875459809101088, 32.228866598783931 ], [ -110.875460245283151, 32.228913387552417 ], [ -110.875460294820869, 32.228918626594272 ], [ -110.875460302303907, 32.228919459029669 ], [ -110.875460335641293, 32.228925281411286 ], [ -110.875460397741449, 32.228936303885632 ], [ -110.87546039967134, 32.228936506809546 ], [ -110.87546064423897, 32.228979444157709 ], [ -110.875460740440744, 32.228996408059217 ], [ -110.875461082830881, 32.22905653928408 ], [ -110.875461138014714, 32.229066214392105 ], [ -110.8754618993257, 32.229199862183727 ], [ -110.875462566660957, 32.229317281068198 ], [ -110.875463103583854, 32.229411524980257 ], [ -110.875463608171003, 32.229500137702559 ], [ -110.87546401538107, 32.229571703547172 ], [ -110.875464422384525, 32.229643287425581 ], [ -110.875464430836033, 32.229644686207578 ], [ -110.875464499960188, 32.22965686035409 ], [ -110.875464911022803, 32.229729111606822 ], [ -110.875465316529372, 32.229800082238192 ], [ -110.875465316865416, 32.229800424930005 ], [ -110.875465326751439, 32.229801977032018 ], [ -110.875465819689964, 32.229877282497256 ], [ -110.875466390254942, 32.229964574600508 ], [ -110.875466508884614, 32.229982548715029 ], [ -110.875466556297084, 32.229989834854493 ], [ -110.875467168414502, 32.230083438187286 ], [ -110.875467735185183, 32.230170132354402 ], [ -110.875468054505802, 32.23021898079395 ], [ -110.875468408004934, 32.230273019449463 ], [ -110.875468733037167, 32.230322762533945 ], [ -110.875469240501189, 32.230400236071702 ], [ -110.87546966051886, 32.230464444118695 ], [ -110.875470125755513, 32.23053547926299 ], [ -110.87547046194986, 32.230586848406489 ], [ -110.875470827244087, 32.230642829661633 ], [ -110.875470974216142, 32.230665203052133 ], [ -110.875471420372961, 32.230733352235141 ], [ -110.875471457403705, 32.23074071133513 ], [ -110.875471853204573, 32.230817742059585 ], [ -110.875471904616575, 32.230828026759617 ], [ -110.875472524215297, 32.230951954508491 ], [ -110.875473108227155, 32.23106876846046 ], [ -110.875473665563092, 32.231180199268536 ], [ -110.87547433284125, 32.231313621691065 ], [ -110.875474694714029, 32.231386090759074 ], [ -110.87547506072984, 32.231459312874307 ], [ -110.875475289509311, 32.231505121448528 ], [ -110.875475496285887, 32.231546346827564 ], [ -110.875475846470167, 32.23161630514938 ], [ -110.875476023032419, 32.231651713585109 ], [ -110.875476025988803, 32.231652291671566 ], [ -110.875476125851549, 32.23166604965126 ], [ -110.875476297344719, 32.231689621749737 ], [ -110.875476354042362, 32.231697302957912 ], [ -110.875476445561986, 32.231709931798896 ], [ -110.875476534065214, 32.23172208085051 ], [ -110.875476584330741, 32.231728930534096 ], [ -110.875476967213189, 32.231781414693756 ], [ -110.875476983909493, 32.231783672069135 ], [ -110.875477009308739, 32.231787027022634 ], [ -110.875477193494177, 32.231812463272625 ], [ -110.875477402610869, 32.231841016393503 ], [ -110.875477885424942, 32.231907159332557 ], [ -110.875478458693095, 32.231985745329183 ], [ -110.875479068895231, 32.232069372763377 ], [ -110.875479873828951, 32.232179651273981 ], [ -110.875480518114898, 32.232268011700555 ], [ -110.875481176338226, 32.232358220055374 ], [ -110.875481658248901, 32.232424255666096 ], [ -110.875481931302161, 32.232461715614896 ], [ -110.875482330617587, 32.232516479687028 ], [ -110.875482543822017, 32.232545697474613 ], [ -110.875482561880546, 32.232548114481844 ], [ -110.875482571474492, 32.232549506058106 ], [ -110.875482571342516, 32.232549610667284 ], [ -110.875482578160174, 32.232556362596284 ], [ -110.875482606845864, 32.232585292988738 ], [ -110.875482611477082, 32.232590189870649 ], [ -110.875482630046733, 32.232608843120488 ], [ -110.875482640811697, 32.232620272785105 ], [ -110.875482647241995, 32.232626686531006 ], [ -110.875482658909831, 32.232639060401091 ], [ -110.875482672769365, 32.232652451534101 ], [ -110.875482697396649, 32.232678574549347 ], [ -110.875482732806105, 32.232714264985617 ], [ -110.875482759389598, 32.232742077112178 ], [ -110.875482781799604, 32.232764673118858 ], [ -110.875483277501147, 32.233273827174138 ], [ -110.875483315394973, 32.233312276272827 ], [ -110.875483439684459, 32.233440368974215 ], [ -110.875483455734468, 32.233457196030088 ], [ -110.875483461412458, 32.233463675601293 ], [ -110.875483462421627, 32.233464238340751 ], [ -110.875483481081432, 32.233466323485509 ], [ -110.87548353182531, 32.233471828568426 ], [ -110.875483532250271, 32.233471977371025 ], [ -110.875484167374694, 32.23354178831913 ], [ -110.87548477021582, 32.233608010687739 ], [ -110.875484861860954, 32.233618116254149 ], [ -110.87548573085175, 32.233713564956936 ], [ -110.875486261026836, 32.23377183183544 ], [ -110.875487009857039, 32.233854093241121 ], [ -110.875487642812104, 32.233923722001123 ], [ -110.875488230726674, 32.233988275889523 ], [ -110.87548866678911, 32.234036188279255 ], [ -110.875489226065469, 32.23409767125856 ], [ -110.875489692696036, 32.23414895036592 ], [ -110.875490047651141, 32.234187972919187 ], [ -110.875490440739384, 32.234231187411481 ], [ -110.875490795414805, 32.23427014142419 ], [ -110.875490807366674, 32.234271512277843 ], [ -110.875491201453713, 32.234314732188686 ], [ -110.875491742976791, 32.234374236442278 ], [ -110.87549175743591, 32.234375852609624 ], [ -110.875492008406653, 32.234412363658549 ], [ -110.875492286814051, 32.234452795112638 ], [ -110.87549238490783, 32.234467079730408 ], [ -110.875492934424386, 32.234547093971941 ], [ -110.875493393424634, 32.234613833687568 ], [ -110.875493935308043, 32.234692749456734 ], [ -110.875494368306079, 32.234755814972331 ], [ -110.875494849765587, 32.234825887970011 ], [ -110.875495338420265, 32.234896911536651 ], [ -110.875495879462065, 32.234975621682239 ], [ -110.875496495617909, 32.235065235358945 ], [ -110.875496879374069, 32.235121082358063 ], [ -110.875497107477841, 32.235154295286172 ], [ -110.875497246928362, 32.235174628699546 ], [ -110.87549765923545, 32.235234577376126 ], [ -110.875497939373275, 32.23527532176837 ], [ -110.875497975804734, 32.235280593162436 ], [ -110.875497989601655, 32.235282639488645 ], [ -110.875497994482998, 32.235284351168943 ], [ -110.875498012113297, 32.235290619812702 ], [ -110.875498081537827, 32.23531541842403 ], [ -110.875498129362143, 32.235332528906014 ], [ -110.875498206534346, 32.23535981117255 ], [ -110.875498286704527, 32.235388319026832 ], [ -110.875498330404497, 32.235404023549037 ], [ -110.875498350649025, 32.235411365371036 ], [ -110.875498379386798, 32.235421404584073 ], [ -110.87549842519762, 32.235437668247322 ], [ -110.875498469281169, 32.235453525178869 ], [ -110.875498507817071, 32.235467263707221 ], [ -110.875498550013106, 32.235481797664292 ], [ -110.875498601544464, 32.235500071514451 ], [ -110.875498663769733, 32.235522617338219 ], [ -110.875498736876722, 32.235548395347323 ], [ -110.87549883211571, 32.235582279930647 ], [ -110.875498894517534, 32.235604345089556 ], [ -110.875498956975534, 32.235626684399818 ], [ -110.875499024270198, 32.235650553223714 ], [ -110.875499637654102, 32.235868508300392 ], [ -110.875500030488539, 32.236008492658911 ], [ -110.875500290465624, 32.236100773653277 ], [ -110.875500490676714, 32.236172060864206 ], [ -110.875500564118553, 32.236249252998903 ], [ -110.875500576004583, 32.236261792797428 ], [ -110.875500650552851, 32.23633935287959 ], [ -110.875500721777726, 32.236414227336368 ], [ -110.875500766993667, 32.236461520550343 ], [ -110.875500933054582, 32.236635339024829 ], [ -110.875501214057437, 32.236929500778082 ], [ -110.875501360503009, 32.237083269087307 ], [ -110.875501396488062, 32.237111556527836 ], [ -110.875501496772515, 32.237188160891037 ], [ -110.875501497836609, 32.237188346673101 ], [ -110.87550149831759, 32.237188769627004 ], [ -110.875502663984065, 32.238003041658786 ], [ -110.87550267051418, 32.238007957490332 ], [ -110.875502672024183, 32.238008941379789 ], [ -110.875502668176395, 32.238009836847489 ], [ -110.875502559354402, 32.238037237511378 ], [ -110.875502365064833, 32.238086084366017 ], [ -110.875501980336281, 32.238182603044784 ], [ -110.875501898089937, 32.238203301659603 ], [ -110.875501805140189, 32.238226426962441 ], [ -110.87550172143446, 32.238247346509048 ], [ -110.87550129210203, 32.238355309714635 ], [ -110.875499131666672, 32.238898094367073 ], [ -110.875499094223315, 32.238907516190061 ], [ -110.875499082818919, 32.23890805087057 ], [ -110.875498864166559, 32.238918754478867 ], [ -110.875498490262402, 32.238937022108509 ], [ -110.875497507652653, 32.238985118465919 ], [ -110.875486322225726, 32.23953230980382 ], [ -110.87548517501331, 32.239588415595179 ], [ -110.875485064469842, 32.239593827359187 ], [ -110.875484802664815, 32.23960663904689 ], [ -110.875484536557025, 32.239619641883223 ], [ -110.875483794812567, 32.239655922877319 ], [ -110.875482944849423, 32.239697504731431 ], [ -110.875482034384461, 32.239742064771264 ], [ -110.875481032302233, 32.239791121391583 ], [ -110.875480830677063, 32.239800982846369 ], [ -110.875480809000535, 32.239802045903943 ], [ -110.875480799849967, 32.239802475992775 ], [ -110.875480800505386, 32.239802883617159 ], [ -110.875480809681093, 32.2398059859255 ], [ -110.875480819810505, 32.239809469708121 ], [ -110.875480878761863, 32.239830253349652 ], [ -110.875480944580175, 32.239853411518283 ], [ -110.875481018088308, 32.239879523183966 ], [ -110.875481149350946, 32.239925686209723 ], [ -110.875481432659157, 32.240025026723764 ], [ -110.87548172896679, 32.240129738534527 ], [ -110.875482159361823, 32.240281202273252 ], [ -110.87548260992358, 32.240439455013586 ], [ -110.875482663818204, 32.240458542303529 ], [ -110.875482707774992, 32.240473850018489 ], [ -110.875482754861565, 32.240490371597822 ], [ -110.875482812670526, 32.240510789994005 ], [ -110.875482887734876, 32.240537229929373 ], [ -110.875482956514304, 32.240561616387495 ], [ -110.875483406813586, 32.240719612102566 ], [ -110.875483412137243, 32.240721470780372 ], [ -110.875483413049736, 32.240721855861509 ], [ -110.875483417630122, 32.240722291474313 ], [ -110.875483444283674, 32.240724605742791 ], [ -110.875483539190526, 32.24073284277128 ], [ -110.875483557685484, 32.240734477006527 ], [ -110.875483616470845, 32.240739648479313 ], [ -110.875483696803315, 32.240746651709259 ], [ -110.875484295873449, 32.240798964430461 ], [ -110.875486375967597, 32.240980495523743 ], [ -110.87548758149174, 32.241085775738213 ], [ -110.875489610554723, 32.241262850551763 ], [ -110.875491516198338, 32.241429164829107 ], [ -110.875493323157258, 32.241586829014054 ], [ -110.875493663249301, 32.241616545606867 ], [ -110.875493743951708, 32.241623516373721 ], [ -110.875493762384835, 32.24162515601909 ], [ -110.87549376824964, 32.241625386029362 ], [ -110.875493802159994, 32.241626692131995 ], [ -110.875494428516973, 32.241651127369387 ], [ -110.875495740395237, 32.241702345746958 ], [ -110.875495897425438, 32.241708485672383 ], [ -110.875496140571784, 32.241717959403026 ], [ -110.875496524216402, 32.24173297592354 ], [ -110.875496896491484, 32.241747500863035 ], [ -110.875497254934146, 32.241761471074419 ], [ -110.87549762506535, 32.24177590491319 ], [ -110.875497820489528, 32.241783516009605 ], [ -110.875498203587725, 32.241798487434913 ], [ -110.875498822524719, 32.24182264304892 ], [ -110.87549948982344, 32.241848698276542 ], [ -110.875500474542534, 32.241887110938031 ], [ -110.875500832697639, 32.241901106397435 ], [ -110.875502858445998, 32.241980157854499 ], [ -110.875503133710637, 32.241990908814564 ], [ -110.87550430900194, 32.242036799965071 ], [ -110.875505803373713, 32.24209508914403 ], [ -110.875507190098475, 32.242149234513327 ], [ -110.875508654415881, 32.242206344776022 ], [ -110.87551021886982, 32.242267420226732 ], [ -110.875511388628581, 32.242313052509807 ], [ -110.875513252664476, 32.24238581700331 ], [ -110.875524765470814, 32.242835087025597 ], [ -110.875537076105729, 32.243315531996068 ], [ -110.875539128021629, 32.243395640574711 ], [ -110.875540373377007, 32.243444227806918 ], [ -110.875539723721829, 32.243472990235773 ], [ -110.875539275255861, 32.243492860658854 ], [ -110.875538634690386, 32.243521291295806 ], [ -110.875537523288344, 32.243570622941476 ], [ -110.875533841249165, 32.243734130673523 ], [ -110.875533133395194, 32.243765575510103 ], [ -110.875532903534236, 32.243775771298246 ], [ -110.875524226811464, 32.244161005883193 ], [ -110.875518334270325, 32.244422644008409 ], [ -110.875518149298514, 32.244430857984305 ], [ -110.875518125997672, 32.244431598179304 ], [ -110.875517744212218, 32.244443483610461 ], [ -110.87551683325681, 32.244471894880483 ], [ -110.875516246734691, 32.244490192305747 ], [ -110.875515674792354, 32.244508048865427 ], [ -110.875473841659698, 32.245812956674932 ], [ -110.875473393576129, 32.245826931053067 ], [ -110.875473203977805, 32.245832852585345 ], [ -110.875472986628864, 32.245839625198521 ], [ -110.875472844592451, 32.24584407536716 ], [ -110.875472805144597, 32.245845300603257 ], [ -110.875472761880843, 32.245846953266295 ], [ -110.875471950792019, 32.245878605559469 ], [ -110.875470831144895, 32.245922326951742 ], [ -110.875450760055756, 32.246705492567905 ], [ -110.875450754207591, 32.246705726088734 ], [ -110.875449867617519, 32.246733670410649 ], [ -110.875448299050774, 32.24678306589837 ], [ -110.875447871416895, 32.246796548955814 ], [ -110.875428870664862, 32.247395200168988 ], [ -110.875424675861012, 32.247527341298543 ], [ -110.875419651913987, 32.247685643434274 ], [ -110.875419224535335, 32.247699103044674 ], [ -110.875418735968466, 32.24771448390949 ], [ -110.875418258224613, 32.247729567265864 ], [ -110.875418246845669, 32.247729913467403 ], [ -110.875418223450964, 32.247730754664033 ], [ -110.875417817510723, 32.247745125279884 ], [ -110.875417151910554, 32.247768766173685 ], [ -110.87541666182257, 32.247786140027472 ], [ -110.875416078597709, 32.247806839893435 ], [ -110.875374937049784, 32.249266305865156 ], [ -110.875374658790435, 32.249276274890661 ], [ -110.875374150443434, 32.249294502604165 ], [ -110.875372789460499, 32.24934327212133 ], [ -110.875337735196368, 32.250599200605528 ], [ -110.8753355218618, 32.250678478544359 ], [ -110.875334935433642, 32.250755796731148 ], [ -110.875334920486026, 32.25075775714356 ], [ -110.87533433802875, 32.250834820149834 ], [ -110.875333455339799, 32.250951481875781 ], [ -110.875324868848679, 32.252086780232517 ], [ -110.875324706377896, 32.252108265421413 ], [ -110.875324701512213, 32.252108970596815 ], [ -110.875324689200028, 32.252109863287366 ], [ -110.875324526336101, 32.252122178867602 ], [ -110.875324522094473, 32.252122457491964 ], [ -110.875324264926661, 32.252142012026489 ], [ -110.875324078508498, 32.252156019208286 ], [ -110.875323905031294, 32.252169171580725 ], [ -110.875323770898277, 32.2521793419914 ], [ -110.875323682038299, 32.252186011046568 ], [ -110.8753178166683, 32.252629749754043 ], [ -110.875317660337601, 32.252641585624175 ], [ -110.875316373668312, 32.252738963288564 ], [ -110.875315978360959, 32.2527688523273 ], [ -110.875315555979014, 32.252800834243814 ], [ -110.8753152373029, 32.252824939704439 ], [ -110.875315048566776, 32.252838498666044 ], [ -110.875314822978737, 32.252855100030821 ], [ -110.875313975245305, 32.252915047176543 ], [ -110.875313968471389, 32.252915547625257 ], [ -110.875304976902854, 32.253551037609434 ], [ -110.875304706866658, 32.253570137521301 ], [ -110.875304615968673, 32.253576519782612 ], [ -110.875304607444619, 32.25357717352454 ], [ -110.875304575656486, 32.25357874962625 ], [ -110.875304406357586, 32.253587258610871 ], [ -110.875303656183362, 32.253624898482009 ], [ -110.875303071889064, 32.253654235854626 ], [ -110.875290210943476, 32.254299466780139 ], [ -110.87528993544008, 32.254313281137279 ], [ -110.875289932588615, 32.25431353091507 ], [ -110.875289208974522, 32.254370316423021 ], [ -110.875289041989888, 32.254383456219017 ], [ -110.875288953998137, 32.254390327284391 ], [ -110.875282365546951, 32.254907667390249 ], [ -110.875279244944281, 32.255152657954554 ], [ -110.875279193920392, 32.255156662470803 ], [ -110.875279043449112, 32.255167983451145 ], [ -110.875278804806072, 32.255186005052479 ], [ -110.875278560098536, 32.255204464883249 ], [ -110.875278381170233, 32.255217999571691 ], [ -110.875278236134875, 32.255228937327615 ], [ -110.875278174412273, 32.2552336000767 ], [ -110.875278172126059, 32.255233707373186 ], [ -110.875268827723701, 32.255939060109135 ], [ -110.875268252968368, 32.255982430608491 ], [ -110.875268067801301, 32.255996046406679 ], [ -110.875267204719506, 32.256059465362803 ], [ -110.875264829582221, 32.256234035211676 ], [ -110.875257652997206, 32.256761473289636 ], [ -110.875257246221011, 32.25679143075228 ], [ -110.875256980991253, 32.256810942820842 ], [ -110.875256930733286, 32.256814601047502 ], [ -110.875256928448437, 32.256814894116751 ], [ -110.875256882775076, 32.256819823932581 ], [ -110.87525682603561, 32.256825908875108 ], [ -110.87525675810646, 32.25683315976498 ], [ -110.875256757169581, 32.256833241821937 ], [ -110.875256492898572, 32.256861872093729 ], [ -110.875256365112364, 32.256875759807755 ], [ -110.875256282843679, 32.256884545459087 ], [ -110.875256217828678, 32.256891634047243 ], [ -110.875246685720555, 32.257923347143951 ], [ -110.875246637965276, 32.257928551993579 ], [ -110.87524663734753, 32.257928606097053 ], [ -110.875246594796522, 32.257929916075199 ], [ -110.875246155391665, 32.257943489191767 ], [ -110.875244141352468, 32.258005831799068 ], [ -110.875225284600276, 32.258589504944943 ], [ -110.875217574944898, 32.258828125026803 ], [ -110.875216704608576, 32.258855084651152 ], [ -110.87521646357213, 32.25886253070589 ], [ -110.875216456650193, 32.258862765119218 ], [ -110.87521625830172, 32.258869168132698 ], [ -110.875215892382698, 32.258880951761761 ], [ -110.875215570004286, 32.258891338847356 ], [ -110.875213999364931, 32.258941985028166 ], [ -110.87519863486871, 32.259437360986446 ], [ -110.875197952873236, 32.259459350487326 ], [ -110.875197795023681, 32.259464437192769 ], [ -110.875197749720712, 32.259465895044549 ], [ -110.875197746187595, 32.259466018563266 ], [ -110.875197709265834, 32.259466649525216 ], [ -110.8751972742606, 32.25947407323833 ], [ -110.875193112542632, 32.2595452006803 ], [ -110.875138134091472, 32.260484708315794 ], [ -110.875128026443704, 32.260657435011012 ], [ -110.875126746028272, 32.260679314061086 ], [ -110.875126196180645, 32.260688707277936 ], [ -110.875126082815484, 32.260690641625104 ], [ -110.875126064469782, 32.260691411618652 ], [ -110.875125491549142, 32.260715370662815 ], [ -110.875124218604256, 32.26076856328492 ], [ -110.875115556424277, 32.261130583454772 ], [ -110.875111093197731, 32.261317119177455 ], [ -110.875110560757903, 32.261339391268663 ], [ -110.875110520851521, 32.261341026820794 ], [ -110.875110516401563, 32.26134123059289 ], [ -110.875110468906371, 32.261345853775111 ], [ -110.875110426982303, 32.26134989623835 ], [ -110.875109723707624, 32.261418256565769 ], [ -110.875108526710491, 32.261534584540421 ], [ -110.875107804655613, 32.261604867367318 ], [ -110.875107781051653, 32.261607119891025 ], [ -110.875107781464507, 32.261607269594698 ], [ -110.875107791432725, 32.261610392640712 ], [ -110.875107854446696, 32.261629222025981 ], [ -110.87510791216728, 32.2616464704967 ], [ -110.875107952800732, 32.261658617294238 ], [ -110.875108040102802, 32.261684519765865 ], [ -110.875113363035325, 32.263271173363108 ], [ -110.875113381956169, 32.263276671845901 ], [ -110.875113398243656, 32.263278498142562 ], [ -110.875113424148751, 32.263281340856736 ], [ -110.875113722062466, 32.263314078062074 ], [ -110.875114083517616, 32.263353889577466 ], [ -110.875118090291451, 32.263794882633576 ], [ -110.875118161419536, 32.26380277945519 ], [ -110.875118172047635, 32.263803986162586 ], [ -110.875118174263633, 32.263804163837129 ], [ -110.875118165065317, 32.263804783303733 ], [ -110.875118099955216, 32.263808996917852 ], [ -110.875117861754788, 32.263824647643446 ], [ -110.875117511834318, 32.263847663419448 ], [ -110.875117247305283, 32.263865061632657 ], [ -110.875117001316966, 32.263881208288552 ], [ -110.875113328737783, 32.264122732809859 ], [ -110.875112958180495, 32.264147090305521 ], [ -110.875112919346876, 32.264149653826678 ], [ -110.875112901897523, 32.264150809801187 ], [ -110.875112901001444, 32.26415088825113 ], [ -110.875112906974252, 32.264152595423759 ], [ -110.875112954109838, 32.264166774044675 ], [ -110.87511304362495, 32.264193689255507 ], [ -110.875113156394391, 32.264227953494846 ], [ -110.875116083971221, 32.265110747023165 ], [ -110.875116262091026, 32.265164191455504 ], [ -110.875116288293611, 32.265172304339018 ], [ -110.875116288089401, 32.265172786804769 ], [ -110.875116279301594, 32.26517309154351 ], [ -110.875116193842842, 32.265175648367098 ], [ -110.875113692725463, 32.265250120713944 ], [ -110.875091034563127, 32.265924858870726 ], [ -110.875090071065642, 32.265953548265216 ], [ -110.875089138186951, 32.265981322576749 ], [ -110.875088629717425, 32.265996473270022 ], [ -110.875088588547669, 32.26599766151368 ], [ -110.875088575143636, 32.265997998679381 ], [ -110.87508820907108, 32.266006816246289 ], [ -110.875085381630768, 32.266074820828685 ], [ -110.875064649367744, 32.266573490431831 ], [ -110.875064186790254, 32.266584623045148 ], [ -110.875063680795336, 32.266596768932651 ], [ -110.875060975851, 32.266661850856309 ], [ -110.875060405594382, 32.266675533796459 ], [ -110.87506039666161, 32.266675758273017 ], [ -110.875059911589588, 32.266686908736773 ], [ -110.875057056688291, 32.266752573794292 ], [ -110.87505704088322, 32.266752935288999 ], [ -110.875033158716761, 32.267302080101324 ], [ -110.875032909973683, 32.267307780181788 ], [ -110.875032489123782, 32.267317489182958 ], [ -110.875029924250441, 32.267376437253709 ], [ -110.875029746867966, 32.267380536311663 ], [ -110.875029434820505, 32.267387689584432 ], [ -110.875029129470221, 32.267394721168351 ], [ -110.875028749379283, 32.267403463767359 ], [ -110.875028595447048, 32.267406996683306 ], [ -110.875028644044079, 32.267408781762079 ], [ -110.875030685244568, 32.267484022908391 ], [ -110.875038071950385, 32.26775638203317 ], [ -110.875039821677731, 32.267820903686349 ], [ -110.875041917100347, 32.267898181557442 ], [ -110.87504374251877, 32.267965461562056 ], [ -110.875044050868667, 32.267976841313555 ], [ -110.875044162314794, 32.267980929226077 ], [ -110.875044170898775, 32.267981292725466 ], [ -110.875044172722838, 32.267981411779147 ], [ -110.875044179720931, 32.267982192802499 ], [ -110.875044415827986, 32.268006863704748 ], [ -110.875044908747299, 32.268058388054861 ], [ -110.875047147189335, 32.268292418444226 ], [ -110.875050945587404, 32.268689614054772 ], [ -110.875051666456386, 32.268765222154791 ], [ -110.875052449749433, 32.268847350839032 ], [ -110.875052453635064, 32.268847846865363 ], [ -110.875302497804853, 32.268829924759501 ], [ -110.875305530634378, 32.268829707179982 ], [ -110.875745979414447, 32.268826159674425 ], [ -110.877434486680698, 32.268812540740242 ], [ -110.877433782603759, 32.268590490855871 ], [ -110.877595321298656, 32.268574382605195 ], [ -110.877756509404009, 32.268553547592063 ], [ -110.877916539170201, 32.268527891698604 ], [ -110.878075409576155, 32.268497502395881 ], [ -110.878233120608272, 32.268462378785976 ], [ -110.878592135680066, 32.268381494433207 ], [ -110.878953303289535, 32.268306897010042 ], [ -110.879156456387037, 32.268258574284445 ], [ -110.879361362986046, 32.268216105741892 ], [ -110.87956822271677, 32.268179580489111 ], [ -110.880026183508846, 32.2681101557394 ], [ -110.880056136527259, 32.26810482931144 ], [ -110.880261208723923, 32.268068363094635 ], [ -110.88049736774785, 32.268033536764406 ], [ -110.880734862282537, 32.268005678397529 ], [ -110.880973492767382, 32.267984700678895 ], [ -110.881212648197248, 32.267970856510871 ], [ -110.881360518567476, 32.267966615494885 ], [ -110.881452533293711, 32.267963975323667 ], [ -110.881692540060513, 32.267964138705224 ], [ -110.882248748580565, 32.267967578973902 ], [ -110.8824057839185, 32.267973933199357 ], [ -110.882563175028466, 32.267984670228245 ], [ -110.882719908452145, 32.267999869238189 ], [ -110.882876390534179, 32.268019360410669 ], [ -110.883031407327763, 32.268043306057365 ], [ -110.883185769525042, 32.268071540572166 ], [ -110.88333866638574, 32.268104143898086 ], [ -110.883490302581933, 32.268140946371339 ], [ -110.88389287888694, 32.268248088593154 ], [ -110.888223913412006, 32.269616127845126 ], [ -110.889399108638159, 32.269993247133364 ], [ -110.890873258459038, 32.270425306410559 ], [ -110.89248441362021, 32.270897494577575 ], [ -110.892740833668228, 32.270972642001077 ], [ -110.892744173460102, 32.271170108577145 ], [ -110.892763672169679, 32.272322855026296 ], [ -110.892768904197666, 32.27263214864881 ], [ -110.893060225991007, 32.272727622948679 ], [ -110.893347621404757, 32.272830623734059 ], [ -110.893631701544962, 32.27294089896688 ], [ -110.893911656559311, 32.273058354635616 ], [ -110.894187084225777, 32.273182988413232 ], [ -110.894830001794915, 32.273553599923275 ], [ -110.895457553689553, 32.273942465534432 ], [ -110.895729562895397, 32.274119981121387 ], [ -110.895982877460966, 32.27426951428977 ], [ -110.896235943383928, 32.274405301369079 ], [ -110.896389582616123, 32.274481359563254 ], [ -110.896513495297569, 32.274539482132155 ], [ -110.896704050613309, 32.274623482796663 ], [ -110.89686608973453, 32.274689902083274 ], [ -110.897098867594863, 32.274777593337035 ], [ -110.897238031459537, 32.274825095074334 ], [ -110.897317434538365, 32.274852198730031 ], [ -110.897521170074171, 32.27491508768545 ], [ -110.897680821310729, 32.274960011871627 ], [ -110.897691012753157, 32.275163105896922 ], [ -110.897729772430765, 32.275935428105861 ], [ -110.899015217513636, 32.275921226337687 ], [ -110.899021695522606, 32.276862370140492 ], [ -110.900452957291392, 32.276829658609927 ], [ -110.901149560569209, 32.276814990647651 ], [ -110.90115752933616, 32.277551710707684 ], [ -110.901154979733164, 32.277617144458915 ], [ -110.902535154185429, 32.277615179595713 ], [ -110.903780243575397, 32.277613318309214 ], [ -110.90482351461273, 32.277611804552862 ], [ -110.904824040794779, 32.277491552377228 ], [ -110.905277876810246, 32.27750480853453 ], [ -110.905470435977449, 32.277500680937202 ], [ -110.905472038185607, 32.277600532282449 ], [ -110.905472229748213, 32.277612447632038 ], [ -110.905528992157642, 32.277599760068703 ], [ -110.905584963849932, 32.277585433871955 ], [ -110.905640952670566, 32.277569562084416 ], [ -110.905696151728819, 32.277551965098603 ], [ -110.905750356368785, 32.277532814424752 ], [ -110.905754468480382, 32.277531207852562 ], [ -110.905803568609855, 32.277512023506468 ], [ -110.905856190943496, 32.27748976781249 ], [ -110.905907616119705, 32.277465956811085 ], [ -110.906548605362829, 32.277141841064022 ], [ -110.907369241809548, 32.276719086723958 ], [ -110.907415585059965, 32.276697639607129 ], [ -110.907461914030719, 32.276677480144464 ], [ -110.907509038463175, 32.276658530036698 ], [ -110.907557158141273, 32.276640961321661 ], [ -110.907605870656269, 32.27662468691441 ], [ -110.90765517602992, 32.276609705010763 ], [ -110.907705273913706, 32.276596103779148 ], [ -110.907755154891476, 32.276583876055767 ], [ -110.907806033133966, 32.276572944065364 ], [ -110.907857096875219, 32.27656347356767 ], [ -110.907908549796474, 32.276555380517571 ], [ -110.907934060271486, 32.276552577659928 ], [ -110.9079599846458, 32.27654891957944 ], [ -110.907985308543815, 32.276544655189483 ], [ -110.908010642053256, 32.276539618019399 ], [ -110.908035983060586, 32.276533807150457 ], [ -110.908060522972235, 32.276527389272132 ], [ -110.908084867753544, 32.276520282650729 ], [ -110.908109221092516, 32.276512402339279 ], [ -110.908133378342129, 32.276503919851088 ], [ -110.908157139852065, 32.276494747017964 ], [ -110.908180099099297, 32.276484880593607 ], [ -110.908202864285215, 32.276474324533652 ], [ -110.908225433483764, 32.276463252872269 ], [ -110.908247200428633, 32.276451486718827 ], [ -110.908351987596433, 32.27639322598521 ], [ -110.909327353330909, 32.275856247802935 ], [ -110.909359470606262, 32.275841129017465 ], [ -110.909391981834403, 32.275826957562074 ], [ -110.909425087727286, 32.275813821611209 ], [ -110.909458589582755, 32.275801547333721 ], [ -110.909492686094779, 32.275790309461698 ], [ -110.909527176563088, 32.275780018918425 ], [ -110.909562060032201, 32.275770762269737 ], [ -110.909597538170814, 32.27576254112364 ], [ -110.909632803238082, 32.275755349940212 ], [ -110.914003651145237, 32.275778790720459 ], [ -110.914003788647449, 32.274567812085564 ], [ -110.914003981771998, 32.272859385189328 ], [ -110.914004032451103, 32.272416848410501 ], [ -110.914185987110685, 32.271849822105352 ], [ -110.914193199718227, 32.271529074115271 ], [ -110.914211317616207, 32.27072327375231 ], [ -110.914254450327277, 32.268804951566125 ], [ -110.910643364589362, 32.268821593093335 ], [ -110.910316055355082, 32.268816666030986 ], [ -110.909825642652493, 32.268814257145181 ], [ -110.909726065515741, 32.268813767191382 ], [ -110.909640538862931, 32.268813428870132 ], [ -110.909639667854961, 32.268741031671851 ], [ -110.909617455215866, 32.266894206632806 ], [ -110.909840821313622, 32.266888151566143 ], [ -110.909872097368279, 32.266887303376542 ], [ -110.909899595906793, 32.266521083761063 ], [ -110.909900235105482, 32.266518082213793 ], [ -110.909900471009678, 32.266515077451821 ], [ -110.909901514563984, 32.266512079127658 ], [ -110.909902962579423, 32.266509170601502 ], [ -110.909903803540502, 32.266506256334623 ], [ -110.909904846138758, 32.266503344576819 ], [ -110.90990649485525, 32.266500523322541 ], [ -110.909907941934406, 32.266497699559181 ], [ -110.909909589704796, 32.266494963969492 ], [ -110.909911236519278, 32.266492314946156 ], [ -110.909913084990748, 32.266489666628395 ], [ -110.909914731814965, 32.266487016703273 ], [ -110.909916984747341, 32.266484458183349 ], [ -110.909919438390801, 32.266481986033625 ], [ -110.909921284014274, 32.266479595611358 ], [ -110.909923534098709, 32.266477294986942 ], [ -110.909926187487244, 32.266474996675377 ], [ -110.9099288409911, 32.266472784036829 ], [ -110.90993108812215, 32.266470654733084 ], [ -110.909934144079656, 32.266468617548476 ], [ -110.909936592027179, 32.266466661189661 ], [ -110.909939645021453, 32.266464796227453 ], [ -110.909942899778159, 32.266463018545529 ], [ -110.909945548542098, 32.266461235131523 ], [ -110.909948801396908, 32.266459629680448 ], [ -110.909952053315749, 32.266458108992211 ], [ -110.909955304278682, 32.266456674870263 ], [ -110.909958553349867, 32.266455412077462 ], [ -110.909961802420952, 32.266454149284591 ], [ -110.909965050536172, 32.266452973057994 ], [ -110.909968296759672, 32.266451968160595 ], [ -110.909994053928628, 32.266379453109685 ], [ -110.91002004982515, 32.266306269006463 ], [ -110.910014398345155, 32.266305364536322 ], [ -110.91000955841227, 32.266304209517536 ], [ -110.910004115209702, 32.266302706099879 ], [ -110.9099996862723, 32.266300952847594 ], [ -110.909994452418601, 32.266298849589234 ], [ -110.90999003012206, 32.266296494880692 ], [ -110.909985409026376, 32.266293880669124 ], [ -110.909981395824047, 32.26629109995821 ], [ -110.909977386415136, 32.266287975686858 ], [ -110.909973984899565, 32.266284684916258 ], [ -110.909970384584923, 32.266281134642654 ], [ -110.90996759488155, 32.266277418583805 ], [ -110.90996460542334, 32.266273529588354 ], [ -110.90996222386832, 32.266269473192018 ], [ -110.90995984325933, 32.266265331130988 ], [ -110.909958070553429, 32.266261021669067 ], [ -110.909956704199459, 32.266256630675642 ], [ -110.909955540448053, 32.266252154723048 ], [ -110.909954983653705, 32.266247597034301 ], [ -110.909954427910762, 32.266243040255731 ], [ -110.909954478168999, 32.266238488307373 ], [ -110.90995513442833, 32.266233941189149 ], [ -110.909955386448573, 32.266229476521104 ], [ -110.909956446116411, 32.26622501829047 ], [ -110.910004188184061, 32.265801665107723 ], [ -110.910022229608444, 32.265229730610315 ], [ -110.910296217964486, 32.265228134485525 ], [ -110.910891052055092, 32.265229694594318 ], [ -110.910896499944229, 32.265230768747884 ], [ -110.91090174418288, 32.265231926951742 ], [ -110.910907187221483, 32.265233344656849 ], [ -110.910912427660989, 32.265234847322468 ], [ -110.910917465521251, 32.265236433145155 ], [ -110.910922702181594, 32.265238278469049 ], [ -110.910927937887308, 32.265240210359195 ], [ -110.910932767353287, 32.265242310358701 ], [ -110.910937594929777, 32.265244581687384 ], [ -110.910942421551695, 32.265246939582298 ], [ -110.910946841933878, 32.265249465586713 ], [ -110.910951261361518, 32.265252078157395 ], [ -110.910955880544208, 32.265254863662896 ], [ -110.910960296193011, 32.265257818891961 ], [ -110.910964509242774, 32.265260859081728 ], [ -110.910968720286704, 32.265263984927579 ], [ -110.910972526142274, 32.265267279793228 ], [ -110.91097633000193, 32.265270659413254 ], [ -110.91098013396838, 32.265274125608045 ], [ -110.910983733329687, 32.265277762419828 ], [ -110.910987331746469, 32.265281484896121 ], [ -110.910990524868296, 32.26528528981752 ], [ -110.910993312695126, 32.265289177183945 ], [ -110.910996099577389, 32.265293150214994 ], [ -110.910999087149719, 32.265297211417945 ], [ -110.911001670488318, 32.265301355074435 ], [ -110.91100405017643, 32.265305582781558 ], [ -110.911006429854808, 32.265309811390395 ], [ -110.911008604947824, 32.265314208812846 ], [ -110.911010376741828, 32.265318603925948 ], [ -110.911011944885246, 32.265323083089733 ], [ -110.91101351302882, 32.265327562253511 ], [ -110.911015080227756, 32.265332127081933 ], [ -110.911016444710896, 32.265336691198122 ], [ -110.911017404969954, 32.265341336866214 ], [ -110.911073829229707, 32.265340839204079 ], [ -110.91118625210342, 32.265339846728395 ], [ -110.91118588753686, 32.265336235673665 ], [ -110.911185927311038, 32.265332628739628 ], [ -110.91118637144578, 32.265329024122771 ], [ -110.91118661298124, 32.265325504467107 ], [ -110.911187461456592, 32.265321903970886 ], [ -110.91118810629122, 32.265318386623953 ], [ -110.911188347826595, 32.265314866968254 ], [ -110.911189397001763, 32.265311353741971 ], [ -110.911190850644047, 32.265307929407697 ], [ -110.911191698174406, 32.265304414576086 ], [ -110.911193149810572, 32.265301075898044 ], [ -110.911194805097153, 32.265297653168936 ], [ -110.911196054143858, 32.265294398550274 ], [ -110.91119811188149, 32.265291151271107 ], [ -110.91119976527844, 32.265287899871261 ], [ -110.911201620426596, 32.265284736651523 ], [ -110.911204080624984, 32.265281663920483 ], [ -110.911206337172743, 32.265278675240403 ], [ -110.911208594771708, 32.265275687470506 ], [ -110.911211254724947, 32.265272787673894 ], [ -110.911213914784753, 32.265269974452067 ], [ -110.911216371193973, 32.265267245281251 ], [ -110.911219432653311, 32.265264606599047 ], [ -110.911222291513425, 32.265262052877993 ], [ -110.911225352144527, 32.265259585533499 ], [ -110.91122861346544, 32.265257206360459 ], [ -110.911231873831667, 32.265254913753772 ], [ -110.911235133263077, 32.265252705909937 ], [ -110.911238593384297, 32.265250586237627 ], [ -110.911241849971702, 32.265248636289385 ], [ -110.911245712660516, 32.265246777739833 ], [ -110.911249372653344, 32.265244916674831 ], [ -110.911253029802353, 32.265243313505515 ], [ -110.911256888585797, 32.265241712842936 ], [ -110.911260746551207, 32.265240282616325 ], [ -110.911264602500694, 32.26523893894759 ], [ -110.911268457612337, 32.265237767518265 ], [ -110.911272514378282, 32.265236596792185 ], [ -110.911276568290603, 32.265235684863519 ], [ -110.91128082385724, 32.265234773638063 ], [ -110.911284674235858, 32.265234031433394 ], [ -110.911288926014265, 32.265233463768148 ], [ -110.9112931779094, 32.265232981775888 ], [ -110.911297427788725, 32.265232586341455 ], [ -110.911900239220913, 32.26522587334631 ], [ -110.912471864488154, 32.265223460978696 ], [ -110.912477712964176, 32.265224881839835 ], [ -110.912483356837811, 32.26522647332029 ], [ -110.91248960387631, 32.265228326612537 ], [ -110.912495446672665, 32.265230263264641 ], [ -110.912500882170818, 32.265232368022779 ], [ -110.912506721194106, 32.265234647333251 ], [ -110.912512152909315, 32.265237095651528 ], [ -110.912517179438993, 32.265239712994536 ], [ -110.912522810077206, 32.265242506484512 ], [ -110.912527631071526, 32.265245379209738 ], [ -110.912532650870688, 32.265248511433761 ], [ -110.912537873376081, 32.265251645269103 ], [ -110.912542284340873, 32.265255030570941 ], [ -110.912547098713134, 32.265258504751948 ], [ -110.91255170955445, 32.265262148659161 ], [ -110.912555712386407, 32.26526587430665 ], [ -110.912560319327198, 32.265269776101007 ], [ -110.912564117675259, 32.265273758041076 ], [ -110.912567913075691, 32.265277911302057 ], [ -110.912571708594442, 32.265282150236075 ], [ -110.912574896113611, 32.265286470008746 ], [ -110.912578487030459, 32.265290879562286 ], [ -110.912581671710356, 32.265295457230728 ], [ -110.912584452029947, 32.265300032586353 ], [ -110.912587433061134, 32.265304694307936 ], [ -110.912590008906633, 32.265309525054604 ], [ -110.912592382046356, 32.265314354189798 ], [ -110.912594754243031, 32.265319268989671 ], [ -110.912596518429865, 32.265324265530147 ], [ -110.912598485332893, 32.265329262780256 ], [ -110.912599641637897, 32.265334425832712 ], [ -110.912601607588044, 32.26533950964923 ], [ -110.912602562248523, 32.265344671098703 ], [ -110.912603313259723, 32.26534991660143 ], [ -110.912604266859105, 32.26535507804244 ], [ -110.912604816215705, 32.265360322843939 ], [ -110.912604758525163, 32.265365561917903 ], [ -110.912689783704778, 32.265361992963896 ], [ -110.912792277748579, 32.265357689841721 ], [ -110.912791704851642, 32.265354678644265 ], [ -110.912790929248615, 32.265351665835681 ], [ -110.912790355290454, 32.265348654629769 ], [ -110.912790186734625, 32.265345647547825 ], [ -110.912789816425743, 32.265342552288288 ], [ -110.912789445173757, 32.265339542693532 ], [ -110.912789479215803, 32.265336450647794 ], [ -110.912789916665574, 32.265333447480572 ], [ -110.912790354115302, 32.265330444313349 ], [ -110.912790388157305, 32.265327352267626 ], [ -110.912791027241823, 32.265324351604818 ], [ -110.912791667397514, 32.265321350048708 ], [ -110.912792306491866, 32.265318348484151 ], [ -110.912793350045206, 32.265315436708249 ], [ -110.912793988196341, 32.265312520808422 ], [ -110.912795436100282, 32.26530961224627 ], [ -110.912796681308066, 32.265306701171305 ], [ -110.9127979255627, 32.26530387666277 ], [ -110.912799370518869, 32.265301139421609 ], [ -110.912801018180915, 32.265298403791519 ], [ -110.912802665842875, 32.265295668161407 ], [ -110.912804514324506, 32.265293105471805 ], [ -110.912806161033217, 32.265290456408081 ], [ -110.91280861456687, 32.265287984199531 ], [ -110.912810461033843, 32.265285508067876 ], [ -110.912812711969522, 32.265283120823057 ], [ -110.91281516454977, 32.265280735180838 ], [ -110.912817412527772, 32.265278520158674 ], [ -110.912820065927534, 32.265276307456865 ], [ -110.912822515668168, 32.265274179710396 ], [ -110.912825166110252, 32.265272139231243 ], [ -110.912827816670415, 32.265270184425177 ], [ -110.91283066792208, 32.265268317788106 ], [ -110.912833316477645, 32.265266448638222 ], [ -110.912836570193477, 32.265264756544134 ], [ -110.912839621321496, 32.265263148512091 ], [ -110.912842873141017, 32.265261628649043 ], [ -110.912845719666834, 32.265260191237005 ], [ -110.912848969600006, 32.265258842703219 ], [ -110.912852218590018, 32.265257579834106 ], [ -110.9128558709874, 32.265256405843203 ], [ -110.912859118081187, 32.265255315205074 ], [ -110.912862363288767, 32.265254395896342 ], [ -110.912865809187934, 32.26525356475652 ], [ -110.91286905345234, 32.265252731112334 ], [ -110.912872699218212, 32.265252159479218 ], [ -110.912876143349365, 32.265251585341773 ], [ -110.912879788182011, 32.265251098471424 ], [ -110.91288343111863, 32.265250783832229 ], [ -110.912887274746865, 32.265250557361867 ], [ -110.913502617488604, 32.265244278994302 ], [ -110.914123233660462, 32.265236408104776 ], [ -110.914127479872334, 32.265236441808838 ], [ -110.91413192584514, 32.265236648442794 ], [ -110.914136166266616, 32.265237112265424 ], [ -110.914140404923856, 32.265237833090616 ], [ -110.914144438991499, 32.265238723636266 ], [ -110.914148469271993, 32.265239958644294 ], [ -110.914152497668937, 32.265241364981726 ], [ -110.914156523240464, 32.265243028313321 ], [ -110.914159938910174, 32.265244945624239 ], [ -110.914163151051696, 32.265247032664128 ], [ -110.914166765660369, 32.265249294242807 ], [ -110.914169973073214, 32.26525181140979 ], [ -110.914172775203667, 32.265254410130382 ], [ -110.914175777204861, 32.265257268355782 ], [ -110.914177968491813, 32.265260206720562 ], [ -110.914180158956555, 32.26526331642323 ], [ -110.914182145773609, 32.265266510181725 ], [ -110.914183927991218, 32.265269874562605 ], [ -110.914185305977696, 32.265273321407314 ], [ -110.914186480316403, 32.265276852307899 ], [ -110.914187451949161, 32.265280381599609 ], [ -110.914188019340742, 32.265283994256933 ], [ -110.914188384036223, 32.265287604403625 ], [ -110.914188343429132, 32.265291297907517 ], [ -110.914187899413008, 32.265294902537335 ], [ -110.914187252700671, 32.265298504656535 ], [ -110.91425775734902, 32.265300119350677 ], [ -110.914422748923229, 32.265303895140995 ], [ -110.914423406835496, 32.265299176664776 ], [ -110.91442406581892, 32.265294457295269 ], [ -110.91442512715021, 32.265289826790621 ], [ -110.914426794586831, 32.265285287669499 ], [ -110.914428663787746, 32.265280835821613 ], [ -110.914431137090958, 32.26527656101355 ], [ -110.91443360946225, 32.265272370968468 ], [ -110.91443668592585, 32.265268358864901 ], [ -110.914439963221966, 32.26526451879753 ], [ -110.914443440379259, 32.265260939136311 ], [ -110.914447521648597, 32.26525753561301 ], [ -110.914451398328481, 32.265254301810664 ], [ -110.91445587827873, 32.265251417287672 ], [ -110.914460559051562, 32.265248705702469 ], [ -110.914465437692698, 32.265246339277866 ], [ -110.91447031349901, 32.265244230749168 ], [ -110.914475387183629, 32.265242466479314 ], [ -110.914480660729595, 32.265240962615472 ], [ -110.914486133215235, 32.265239803018822 ], [ -110.914491601795035, 32.265238902211337 ], [ -110.914497067669942, 32.265238344071108 ], [ -110.914502731413492, 32.265238131091408 ], [ -110.915802952885429, 32.265227138313151 ], [ -110.915805408066603, 32.26627442257211 ], [ -110.915816024486034, 32.266354741911094 ], [ -110.915827811155566, 32.266443904682475 ], [ -110.915829557602535, 32.267482164101658 ], [ -110.915833717565803, 32.267637327825611 ], [ -110.915847056580176, 32.26863255783919 ], [ -110.915937228047383, 32.268633272348467 ], [ -110.916034682349192, 32.268634044493751 ], [ -110.918059925980913, 32.268615371119957 ], [ -110.918146171237211, 32.268615120533362 ], [ -110.918171139815229, 32.268615048291451 ], [ -110.920108751338219, 32.268603551796041 ], [ -110.92028791658349, 32.268603392609627 ], [ -110.920402349424506, 32.268603290707546 ], [ -110.920403512436025, 32.268686756390508 ], [ -110.92042773534186, 32.270425038165406 ], [ -110.920432017591565, 32.270501056007525 ], [ -110.920435017210195, 32.270554285737219 ], [ -110.920432761739875, 32.270760680323313 ], [ -110.92030942429345, 32.270759964367684 ], [ -110.920309991404167, 32.270788295689933 ], [ -110.920323718938491, 32.271474066805901 ], [ -110.920326427587128, 32.271609369127532 ], [ -110.920440761895819, 32.271619891618158 ], [ -110.920935070645839, 32.271683489003401 ], [ -110.921114019763436, 32.271720976802847 ], [ -110.921291096273364, 32.271763259861608 ], [ -110.921466501986401, 32.271810425450312 ], [ -110.922488021682824, 32.272110179640464 ], [ -110.922492322633104, 32.272272044754004 ], [ -110.922592215498923, 32.272271885980906 ], [ -110.922591611128496, 32.272568314385616 ], [ -110.923782004627512, 32.272569604846893 ], [ -110.923809912357441, 32.272587862319192 ], [ -110.923836801241535, 32.272606885531445 ], [ -110.923863885376321, 32.272626597454597 ], [ -110.923889545229528, 32.272647071029525 ], [ -110.923914388841567, 32.272668225364548 ], [ -110.923938417155156, 32.27268997389352 ], [ -110.923961830879392, 32.27271240567044 ], [ -110.923984632018431, 32.27273543413731 ], [ -110.924006415263989, 32.27275914087916 ], [ -110.924038630104462, 32.272790402934881 ], [ -110.924069623514498, 32.272822514810422 ], [ -110.924099392438023, 32.272855562154831 ], [ -110.924128142544731, 32.272889373437287 ], [ -110.924155670148309, 32.272924035435359 ], [ -110.924181371094505, 32.272959369352002 ], [ -110.924206052150325, 32.272995468102359 ], [ -110.924228905465156, 32.273032240568206 ], [ -110.924250540161466, 32.273069604061213 ], [ -110.92427034805614, 32.273107554704666 ], [ -110.924289137921036, 32.273146098854717 ], [ -110.924315014284687, 32.273202478834143 ], [ -110.924505030723296, 32.273202500040277 ], [ -110.924614286045596, 32.273202511530776 ], [ -110.924677020864735, 32.275799261728523 ], [ -110.924679281063874, 32.275888870978868 ], [ -110.92468086708638, 32.27596610476602 ], [ -110.924680938068235, 32.276109197762388 ], [ -110.92468264018261, 32.279519017562386 ], [ -110.925342255092829, 32.279519340409294 ], [ -110.925782422260738, 32.279525157908488 ], [ -110.92577123703802, 32.280150348972839 ], [ -110.925766414022732, 32.280423252742928 ], [ -110.925768174024512, 32.280586979754801 ], [ -110.926127160562629, 32.280725794101627 ], [ -110.926124828133908, 32.281089208860699 ], [ -110.92608476417503, 32.281091299707015 ], [ -110.926090253044336, 32.281274647827424 ], [ -110.926221499171731, 32.281274733157424 ], [ -110.926291873488864, 32.281274854970505 ], [ -110.926280048988971, 32.281581331492077 ], [ -110.926876982561097, 32.281585754095239 ], [ -110.926872311207561, 32.282210012328044 ], [ -110.926873323974149, 32.282392573204184 ], [ -110.926880166365777, 32.2836260803127 ], [ -110.927093587485459, 32.283719047138732 ], [ -110.927145392149058, 32.283740183081136 ], [ -110.927309790078283, 32.283807255798138 ], [ -110.927413659224641, 32.283846835809271 ], [ -110.927528627215494, 32.283890645605908 ], [ -110.927749948723118, 32.283969161263336 ], [ -110.927837111222331, 32.283996961375991 ], [ -110.928020947268678, 32.284055594738035 ], [ -110.928180764966456, 32.284105308462813 ], [ -110.928393395899676, 32.284168585585796 ], [ -110.928520033435319, 32.284206273239974 ], [ -110.929496068383557, 32.284496798192031 ], [ -110.929665601947974, 32.284547342632941 ], [ -110.929991970099593, 32.284644466437022 ], [ -110.930145782253746, 32.284690163693028 ], [ -110.930598949394692, 32.284825126419911 ], [ -110.930714055730505, 32.284859353568237 ], [ -110.930692664365608, 32.28491124093739 ], [ -110.930814624024094, 32.284947583054063 ], [ -110.930836218079889, 32.284895697246313 ], [ -110.931533308060551, 32.28510358941341 ], [ -110.931534515477196, 32.285103948737053 ], [ -110.931573800342832, 32.285115648733985 ], [ -110.931616701140598, 32.285128423030855 ], [ -110.931671898346281, 32.285144857201182 ], [ -110.931738874476565, 32.285164800196952 ], [ -110.931801673895563, 32.285183498543226 ], [ -110.931878498848377, 32.285206373424167 ], [ -110.931962596925231, 32.285231413417627 ], [ -110.932001703236921, 32.285243044254045 ], [ -110.932037366129407, 32.285253650821616 ], [ -110.932075812143694, 32.285265084400081 ], [ -110.932391472742154, 32.285358964915375 ], [ -110.932655393108647, 32.285433653070854 ], [ -110.932707121132083, 32.2854470576221 ], [ -110.933099725146491, 32.285215802201577 ], [ -110.933047021937767, 32.285349672426918 ], [ -110.934831071534433, 32.28588474970406 ], [ -110.935121186077382, 32.285982666015308 ], [ -110.935359159972535, 32.286083100117601 ], [ -110.935546069036988, 32.286205126786697 ], [ -110.935673191762277, 32.286287136085008 ], [ -110.935848666083913, 32.286383199562032 ], [ -110.935909662028038, 32.286411699905699 ], [ -110.935971789129425, 32.286438380130001 ], [ -110.936099131356542, 32.286486152489623 ], [ -110.936164218969381, 32.286506860361214 ], [ -110.936174697043171, 32.286423524055976 ], [ -110.936195142216434, 32.286260920959187 ], [ -110.93629822469785, 32.285404391416549 ], [ -110.936352535711052, 32.2850557249403 ], [ -110.936781878390647, 32.285150452747587 ], [ -110.937114377495575, 32.285223812388104 ], [ -110.937215695917317, 32.284923011360775 ], [ -110.937309915816172, 32.284642942865275 ], [ -110.937409150708532, 32.284347708605161 ], [ -110.937501472264771, 32.284074754940328 ], [ -110.937592351490963, 32.28380428081428 ], [ -110.9377702479009, 32.283810813957778 ], [ -110.937770401054436, 32.283740035430476 ], [ -110.937769816598305, 32.283493246090629 ], [ -110.937769262288597, 32.283205999825768 ], [ -110.937768971598686, 32.28291308679313 ], [ -110.937768310849862, 32.282598094486161 ], [ -110.937767885988052, 32.282223491417525 ], [ -110.939576832241301, 32.282205806075602 ], [ -110.93957975256383, 32.283102772494537 ], [ -110.939582407423174, 32.284043287109931 ] ] ] } },
{ "type": "Feature", "properties": { "OBJECTID": 3, "INITIALS": "ODS", "DIVISION": "Operations Division South", "DATASOURCE": "TPD_DIVISIONS", "SUM_AREA_SQMI": 33.72145385, "SUM_AREA_SQFT": 940096418.44362342, "SUM_AREA_ACRE": 21581.730460070001, "SUM_PERIMETER": 87.84828036, "DIVISION_NO": "T1", "ShapeSTArea": 1627917796.507916, "ShapeSTLength": 463842.05160620675 }, "geometry": { "type": "MultiPolygon", "coordinates": [ [ [ [ -110.952150584889665, 32.212131767589391 ], [ -110.952192781684715, 32.21213543800328 ], [ -110.952376497089062, 32.212132630669075 ], [ -110.952542473202783, 32.212130331683035 ], [ -110.953160263573807, 32.212121770502442 ], [ -110.954694063134795, 32.212118249172008 ], [ -110.956312917984647, 32.212115782856635 ], [ -110.956634355025329, 32.212110751776805 ], [ -110.956695830290059, 32.212109790121907 ], [ -110.956787081979385, 32.212108361928898 ], [ -110.956813779542344, 32.212107944182819 ], [ -110.957280056460249, 32.212100644590514 ], [ -110.959786576747973, 32.21206137482406 ], [ -110.960866730452366, 32.212086736701451 ], [ -110.961626906466662, 32.212079074391291 ], [ -110.962400500676324, 32.21207501238942 ], [ -110.963171747101384, 32.212062644670446 ], [ -110.963922098039319, 32.212058854363853 ], [ -110.964690149335297, 32.21206266542611 ], [ -110.965456200550832, 32.212059102377928 ], [ -110.966236029329991, 32.2120438865674 ], [ -110.967014656076316, 32.212060820556928 ], [ -110.967750889720548, 32.212073651092133 ], [ -110.967958417278666, 32.212064384035173 ], [ -110.968498312666313, 32.212040274104801 ], [ -110.968547186240528, 32.212039485419879 ], [ -110.969308099305238, 32.212033960334622 ], [ -110.970068407937774, 32.212024624940597 ], [ -110.970830414383244, 32.212026804986067 ], [ -110.971600966679333, 32.212023634263304 ], [ -110.972377262335883, 32.212011911838431 ], [ -110.972437478763922, 32.212012245279134 ], [ -110.973134601977108, 32.212016106511918 ], [ -110.973897393733409, 32.212020852250753 ], [ -110.974321043063441, 32.212011471915744 ], [ -110.975603953486427, 32.211999038300988 ], [ -110.977017528997806, 32.211989838252457 ], [ -110.97758494707341, 32.211984713382428 ], [ -110.977812122446736, 32.21198266083973 ], [ -110.978102213673623, 32.21198003880837 ], [ -110.978544868346162, 32.211976037652235 ], [ -110.978630575496268, 32.211976437357137 ], [ -110.978834619345591, 32.211977727562918 ], [ -110.979104930500441, 32.211979436771117 ], [ -110.979104971099488, 32.211982613310234 ], [ -110.979340628459241, 32.211981795104549 ], [ -110.979553168962624, 32.211980100773381 ], [ -110.97958329623026, 32.211979860557371 ], [ -110.980055733883006, 32.211976092909538 ], [ -110.980329615737688, 32.211969615710281 ], [ -110.981372801240767, 32.211973765771219 ], [ -110.981719156160636, 32.211975142764693 ], [ -110.98238646913596, 32.211977790986367 ], [ -110.983914068190458, 32.211973153111508 ], [ -110.984634937161118, 32.21068047416761 ], [ -110.985036186350243, 32.210289859187014 ], [ -110.985701735392979, 32.20964193793727 ], [ -110.986630185433739, 32.209329657462341 ], [ -110.988209497929233, 32.208532348263404 ], [ -110.98856450472978, 32.207956097580755 ], [ -110.988722605343, 32.207111847827882 ], [ -110.988749088982459, 32.206970424279646 ], [ -110.988777650269583, 32.206677011663842 ], [ -110.988818316532232, 32.206259229035659 ], [ -110.98935114718617, 32.206121083804994 ], [ -110.989385150465779, 32.206112270710797 ], [ -110.989564102433704, 32.206065874462745 ], [ -110.990195918606915, 32.205905866919544 ], [ -110.991085499789705, 32.20568057338329 ], [ -110.991890105406796, 32.20552404604863 ], [ -110.99255682153796, 32.205478998297998 ], [ -110.992978394490663, 32.205473612539556 ], [ -110.993029994950945, 32.20547689430667 ], [ -110.993141901718715, 32.205484018278533 ], [ -110.993253935031376, 32.205492687009418 ], [ -110.993304458928634, 32.205496596592347 ], [ -110.993645123910724, 32.205522953729876 ], [ -110.993681131894334, 32.205525739021482 ], [ -110.99368135234819, 32.205525755961965 ], [ -110.99368299133539, 32.205526050199886 ], [ -110.993729906860366, 32.20553446857663 ], [ -110.994278831193256, 32.205632959233284 ], [ -110.994329429776187, 32.205646087464224 ], [ -110.994705531125206, 32.205743664404572 ], [ -110.994919868006875, 32.205799273004892 ], [ -110.994952292495967, 32.205808744135425 ], [ -110.994968322304103, 32.205813426963275 ], [ -110.995756374186058, 32.206043616179798 ], [ -110.995775329372748, 32.206049153505617 ], [ -110.99578421525986, 32.206051747862602 ], [ -110.995784741924808, 32.206051903206195 ], [ -110.995790567946017, 32.206053629358564 ], [ -110.995831741333092, 32.206065834308852 ], [ -110.996036672517789, 32.206126580595807 ], [ -110.996076558941425, 32.206138403639642 ], [ -110.996088377016463, 32.206141907628876 ], [ -110.9960989218131, 32.206145033497293 ], [ -110.9961138935045, 32.20614947129512 ], [ -110.996127870045171, 32.206153614161572 ], [ -110.996149383720791, 32.206159991627622 ], [ -110.996178583665213, 32.206168646259464 ], [ -110.996201976614657, 32.20617558030083 ], [ -110.996219012638846, 32.206180631029078 ], [ -110.996245199634103, 32.206188393444087 ], [ -110.996266594881405, 32.206194735758615 ], [ -110.996291018959326, 32.206201974894206 ], [ -110.996310724252638, 32.206207816106819 ], [ -110.996324371910035, 32.206211861865341 ], [ -110.996341340276814, 32.206216891342642 ], [ -110.996353748495693, 32.206220569147206 ], [ -110.996358861746444, 32.206222084467804 ], [ -110.996367168784943, 32.206224547412475 ], [ -110.996381862366221, 32.206228902891475 ], [ -110.996386001622056, 32.20623012884834 ], [ -110.996387789940314, 32.206230658614317 ], [ -110.996388430837328, 32.206230846350955 ], [ -110.996396971994699, 32.206233338954547 ], [ -110.996405998591371, 32.206235973071088 ], [ -110.996414790401147, 32.206238538742568 ], [ -110.996425417143286, 32.206241639929125 ], [ -110.9964358154443, 32.206244674520327 ], [ -110.9964541224671, 32.206250016741116 ], [ -110.996475668916219, 32.206256304207528 ], [ -110.996498439001314, 32.206262949584435 ], [ -110.996515499110117, 32.206267929203705 ], [ -110.996532462994224, 32.206272879261824 ], [ -110.996557615865129, 32.20628021924432 ], [ -110.996585814625419, 32.20628844804714 ], [ -110.996608750764494, 32.206295142409793 ], [ -110.996627040892506, 32.206300479071807 ], [ -110.996653298967757, 32.206308141816926 ], [ -110.996679966339855, 32.206315923871053 ], [ -110.996711270233291, 32.20632505903496 ], [ -110.996736742526892, 32.206332492391212 ], [ -110.996755861816169, 32.206338072249288 ], [ -110.996784778729022, 32.206346510047105 ], [ -110.996805772095115, 32.206352636514985 ], [ -110.996824764489688, 32.206358178464427 ], [ -110.996844613536794, 32.206363971039572 ], [ -110.996850493800039, 32.206365686716126 ], [ -110.996854080129339, 32.206366732778093 ], [ -110.996854382634353, 32.206366817947298 ], [ -110.99685815238908, 32.206367871656404 ], [ -110.996864504070217, 32.206369646675476 ], [ -110.996880083407049, 32.20637400042451 ], [ -110.996902288377839, 32.206380206033742 ], [ -110.996993779068305, 32.206405774735323 ], [ -110.99709725605382, 32.206434692473536 ], [ -110.997219994443427, 32.206468993448659 ], [ -110.997351294245505, 32.206505685987239 ], [ -110.99750415398529, 32.206548404249908 ], [ -110.997597587028551, 32.206574515111448 ], [ -110.997642892020238, 32.206587176076162 ], [ -110.997705779803368, 32.206604749940944 ], [ -110.997723992979829, 32.206609840588079 ], [ -110.997725547875064, 32.20661027304461 ], [ -110.997725828190084, 32.206610349933996 ], [ -110.997728691841544, 32.206611114758395 ], [ -110.997742987862637, 32.206614935110579 ], [ -110.997773614164643, 32.206623121773433 ], [ -110.997780109475727, 32.206624857208311 ], [ -110.99778534380421, 32.206626256113609 ], [ -110.997793417436228, 32.206628415155528 ], [ -110.997806565677436, 32.206631928652712 ], [ -110.997814630852631, 32.206634084926336 ], [ -110.997828335528681, 32.206637747660004 ], [ -110.997839339472861, 32.206640688238537 ], [ -110.997855723725934, 32.206645067558149 ], [ -110.997873554094454, 32.206649832546468 ], [ -110.997890793103153, 32.20665444082546 ], [ -110.997910148919487, 32.206659613699721 ], [ -110.997941221688237, 32.206667918099164 ], [ -110.997956641174, 32.206672039686175 ], [ -110.997987827140122, 32.206680374657211 ], [ -110.998021534020779, 32.206689382666852 ], [ -110.998057985012977, 32.206699124855604 ], [ -110.998100757846103, 32.206710556100546 ], [ -110.998127976821991, 32.206717831422779 ], [ -110.998154277582941, 32.206724860181353 ], [ -110.998185424442468, 32.20673318489974 ], [ -110.998220781629684, 32.206742635018927 ], [ -110.998252312524144, 32.206751060810312 ], [ -110.998288357343725, 32.206760694468329 ], [ -110.998299440648523, 32.206763657227519 ], [ -110.998324627497269, 32.206770388371915 ], [ -110.998351545026466, 32.206777582095611 ], [ -110.998376521369551, 32.206784256689055 ], [ -110.998390677805162, 32.206788039881374 ], [ -110.998439429274001, 32.206797216571076 ], [ -110.998679925938674, 32.206842486266204 ], [ -110.998881248389253, 32.206880381844002 ], [ -110.998959403579491, 32.206895092581995 ], [ -110.999006621526775, 32.20689907780627 ], [ -110.999078161186318, 32.206905115343304 ], [ -110.999253255456395, 32.206919891823979 ], [ -110.99949894521616, 32.206940625463986 ], [ -110.999500101474922, 32.206940723133165 ], [ -110.99950024670072, 32.206940732303167 ], [ -110.999507035422141, 32.206940928549322 ], [ -110.999544149718417, 32.206941994099417 ], [ -110.999604198519151, 32.206943719298806 ], [ -110.99964387264383, 32.206944858399162 ], [ -110.999725683153116, 32.206947208530153 ], [ -110.99986757324028, 32.206951283905809 ], [ -110.999946806977562, 32.206953559294931 ], [ -110.999950272397683, 32.206953658372228 ], [ -110.999955108974959, 32.206953686226591 ], [ -110.99996361541973, 32.206953734377159 ], [ -110.999971261678823, 32.206953777192069 ], [ -110.999985190181661, 32.206953856538 ], [ -110.999995913394159, 32.206953917151793 ], [ -111.00026161572471, 32.206955419473744 ], [ -111.000467846147359, 32.206956584065509 ], [ -111.000724522350367, 32.206958034433704 ], [ -111.00096759992563, 32.206959407433708 ], [ -111.000995259670859, 32.20695956357401 ], [ -111.000998535009572, 32.206959578277441 ], [ -111.001025092667888, 32.206959629031537 ], [ -111.001044711283939, 32.206959664698047 ], [ -111.001866040595445, 32.206961139846982 ], [ -111.001890771768998, 32.206961184418006 ], [ -111.00190464248648, 32.206961209024492 ], [ -111.001909599108259, 32.206961218734172 ], [ -111.001911782017999, 32.206961222804381 ], [ -111.001914078425017, 32.206961226793943 ], [ -111.001919446556172, 32.206961241284283 ], [ -111.00196188972555, 32.20696137340822 ], [ -111.005517819568993, 32.206972302541132 ], [ -111.005761157707312, 32.206962883197413 ], [ -111.005777458701616, 32.206962252122267 ], [ -111.005804773108608, 32.206961194464071 ], [ -111.005879197188818, 32.206958313590384 ], [ -111.005954161382235, 32.20695541131218 ], [ -111.006046248935931, 32.206951845925943 ], [ -111.006156986806872, 32.206947558048022 ], [ -111.006229112484391, 32.206944765028084 ], [ -111.006321416490806, 32.206941191079679 ], [ -111.006435174294097, 32.20693678672221 ], [ -111.006531955170601, 32.206933039233427 ], [ -111.006706887811305, 32.206926265792525 ], [ -111.006724895083792, 32.206925568416374 ], [ -111.006725394869093, 32.206925549467641 ], [ -111.006725673888923, 32.206925544261139 ], [ -111.006732707351219, 32.206925451491003 ], [ -111.006768548329859, 32.20692497624978 ], [ -111.006828023039091, 32.206924186794716 ], [ -111.006917666341721, 32.206922996644394 ], [ -111.007044425769465, 32.206921314132508 ], [ -111.007183811494116, 32.206919463496696 ], [ -111.007324266547272, 32.206917599656073 ], [ -111.007484650823528, 32.206915470446198 ], [ -111.007596538125924, 32.206913984348333 ], [ -111.007598899583385, 32.206913953530851 ], [ -111.007602241277468, 32.206913909019384 ], [ -111.007602757916217, 32.206913901912166 ], [ -111.007602865049705, 32.206913901780659 ], [ -111.007603882292059, 32.206913900076579 ], [ -111.00760913187807, 32.206913889123442 ], [ -111.007615885584528, 32.206913875457481 ], [ -111.007620181566537, 32.206913866665644 ], [ -111.007647114723241, 32.206913811410139 ], [ -111.007653770841983, 32.206913797942356 ], [ -111.007765852475146, 32.206913569343477 ], [ -111.007891001313723, 32.206913314629155 ], [ -111.008054766266511, 32.206912980193593 ], [ -111.008265728685927, 32.206912549084784 ], [ -111.008466586541317, 32.206912137927482 ], [ -111.008684957158778, 32.206911690795792 ], [ -111.008908539178663, 32.206911232907366 ], [ -111.009166964281576, 32.206910702774188 ], [ -111.00937743031318, 32.206910270755898 ], [ -111.009635494781548, 32.20690974068404 ], [ -111.009831593142721, 32.206909338303426 ], [ -111.010006361168848, 32.206908978352608 ], [ -111.010140850901053, 32.206908701820211 ], [ -111.01031988415177, 32.206908333239468 ], [ -111.010489938279321, 32.206907982114984 ], [ -111.010730042395764, 32.206907487014512 ], [ -111.010941227654214, 32.206907051232903 ], [ -111.011199520239984, 32.206906517798075 ], [ -111.011400153303484, 32.206906103074196 ], [ -111.011586237305323, 32.206905718252528 ], [ -111.0117235549952, 32.206905434127428 ], [ -111.011775556567969, 32.206905325650176 ], [ -111.0117935095424, 32.206905288205853 ], [ -111.011795166413819, 32.206905284733125 ], [ -111.01179547619212, 32.206905279735558 ], [ -111.011798146447958, 32.206905235718551 ], [ -111.011839907274407, 32.206904545287223 ], [ -111.011900096807651, 32.206903549335628 ], [ -111.012036626840484, 32.206901290533786 ], [ -111.012153896434782, 32.206899350118746 ], [ -111.012296041741351, 32.206896998640246 ], [ -111.012350495050995, 32.206896096716747 ], [ -111.012356733068842, 32.206895994336648 ], [ -111.012357002542785, 32.206895989049464 ], [ -111.012357343124236, 32.206895979761704 ], [ -111.012364351060853, 32.206895786392117 ], [ -111.012396468759491, 32.206894897840968 ], [ -111.012419305845157, 32.206894265761527 ], [ -111.012464263834005, 32.206893021719537 ], [ -111.012516389977307, 32.20689157911648 ], [ -111.012567975014676, 32.206890150659099 ], [ -111.012625084685766, 32.206888571398252 ], [ -111.012669280872643, 32.206887347989102 ], [ -111.012720597466739, 32.20688592747014 ], [ -111.012770522018457, 32.206884545677028 ], [ -111.012857545687865, 32.206882136754139 ], [ -111.012916140774379, 32.206880514772337 ], [ -111.012976175638414, 32.206878853453752 ], [ -111.013025668352839, 32.206877483804242 ], [ -111.013069707504272, 32.206876264543553 ], [ -111.013116666543681, 32.2068749642279 ], [ -111.013119465474915, 32.206874886832942 ], [ -111.01312031428111, 32.206874863138559 ], [ -111.013121898021708, 32.206874853714815 ], [ -111.013167096698439, 32.206874583318012 ], [ -111.013231041448549, 32.20687419975895 ], [ -111.013318569405968, 32.20687367534434 ], [ -111.013394451081382, 32.206873220974934 ], [ -111.013480939478796, 32.206872702548253 ], [ -111.013587568861482, 32.206872063692508 ], [ -111.013634786205074, 32.206871780492627 ], [ -111.013697836721718, 32.206871402034096 ], [ -111.013795844109083, 32.206870814152687 ], [ -111.013882635896451, 32.206870293108516 ], [ -111.013985729713923, 32.206869674664254 ], [ -111.014072824872216, 32.206869152949956 ], [ -111.014171271429404, 32.206868561599855 ], [ -111.014287366138873, 32.206867865266759 ], [ -111.014413295327444, 32.206867109146152 ], [ -111.014521979444098, 32.206866457110394 ], [ -111.014617729509354, 32.206865881343013 ], [ -111.014715568225284, 32.206865295152234 ], [ -111.014816203172572, 32.206864690052981 ], [ -111.01485046841897, 32.206864484454698 ], [ -111.014854308435517, 32.206864461342604 ], [ -111.014860104522128, 32.206864426931411 ], [ -111.014864526910344, 32.20686439985645 ], [ -111.014866076701722, 32.206864391070503 ], [ -111.014866168995226, 32.206864389925158 ], [ -111.01486816406873, 32.206864403253782 ], [ -111.01487578585737, 32.206864454912633 ], [ -111.014909569500347, 32.206864683251993 ], [ -111.015138383390564, 32.206866227573165 ], [ -111.015422155665519, 32.206868141613803 ], [ -111.015695240908016, 32.206869983368705 ], [ -111.015919744398317, 32.206871497362251 ], [ -111.016111200342266, 32.2068727872891 ], [ -111.016192124370363, 32.20687333211729 ], [ -111.016198220960888, 32.206873372833485 ], [ -111.016198505212628, 32.206873374858013 ], [ -111.016203762388642, 32.206873347368933 ], [ -111.016245808138592, 32.206873126463655 ], [ -111.016316713203608, 32.206872753938626 ], [ -111.016410523487082, 32.206872260397205 ], [ -111.01653005957138, 32.206871631600237 ], [ -111.016652474582841, 32.206870988012938 ], [ -111.016776550763623, 32.206870335388579 ], [ -111.016876869934308, 32.206869807565923 ], [ -111.017004983414438, 32.206869132947638 ], [ -111.017127354944407, 32.206868488590921 ], [ -111.017257673766352, 32.20686780235232 ], [ -111.017412190882013, 32.206866988687402 ], [ -111.017599179244499, 32.206866003529264 ], [ -111.017741216403408, 32.206865254927614 ], [ -111.017914508103345, 32.206864341462676 ], [ -111.01809996790314, 32.206863363635975 ], [ -111.018190995801149, 32.206862883267469 ], [ -111.018287811259455, 32.20686237271358 ], [ -111.018431688860758, 32.206861613867744 ], [ -111.018578397661372, 32.206860839797898 ], [ -111.018739569012794, 32.206859988809157 ], [ -111.018906031484036, 32.206859110254442 ], [ -111.019069444241069, 32.206858247705846 ], [ -111.019242377427446, 32.20685733348212 ], [ -111.019429186542794, 32.206856347049452 ], [ -111.019597224270953, 32.206855458923059 ], [ -111.019775276732304, 32.206854518066727 ], [ -111.019923015555904, 32.2068537371172 ], [ -111.020120558625138, 32.206852692324524 ], [ -111.020238167329367, 32.206852069800313 ], [ -111.020271279288536, 32.206851894235761 ], [ -111.020281873209882, 32.206851837679032 ], [ -111.020298607254745, 32.206852250319258 ], [ -111.020327103931649, 32.206852951066296 ], [ -111.020413258891153, 32.206855067902715 ], [ -111.020458644471034, 32.206856182340729 ], [ -111.020864023516296, 32.206866135537815 ], [ -111.021332256206591, 32.206877630090148 ], [ -111.021722594986272, 32.206887211591315 ], [ -111.02198409310742, 32.206893629236745 ], [ -111.022323716547163, 32.206901964385324 ], [ -111.022623043580282, 32.206909309342642 ], [ -111.022804716644458, 32.206913766553328 ], [ -111.022841133969209, 32.206914660713323 ], [ -111.022856281622992, 32.206915031137477 ], [ -111.022870591884384, 32.206915125991664 ], [ -111.022893848725232, 32.206915278679659 ], [ -111.022941593805584, 32.206915593649285 ], [ -111.022984792960415, 32.206915877369546 ], [ -111.023039683640789, 32.206916238302064 ], [ -111.023093416099599, 32.206916591024729 ], [ -111.023146502618701, 32.206916940061376 ], [ -111.023184205495824, 32.206917187575009 ], [ -111.023228590453598, 32.206917479592036 ], [ -111.023277231791923, 32.206917799866616 ], [ -111.023326410894938, 32.206918122118594 ], [ -111.02338527583052, 32.206918509178941 ], [ -111.023444450475225, 32.206918898399977 ], [ -111.023517850542959, 32.206919380873039 ], [ -111.023569765058582, 32.206919721452458 ], [ -111.023621396374452, 32.20692006091199 ], [ -111.023701395806469, 32.206920586285932 ], [ -111.023758724937565, 32.206920962325128 ], [ -111.023812605899593, 32.206921315790922 ], [ -111.023853434510983, 32.206921584277147 ], [ -111.023892996714352, 32.206921843807578 ], [ -111.023938283238763, 32.206922141039925 ], [ -111.023986735803035, 32.206922458806751 ], [ -111.024037721194176, 32.206922793535597 ], [ -111.024067961357972, 32.206922991704118 ], [ -111.024113800480492, 32.206923292774945 ], [ -111.024173743054718, 32.206923686174072 ], [ -111.024251062245995, 32.206924193181678 ], [ -111.024311288014928, 32.206924588514546 ], [ -111.024361801425158, 32.206924919781407 ], [ -111.02439977372137, 32.206925168834005 ], [ -111.024434635131897, 32.20692539772498 ], [ -111.024462989466102, 32.206925583392319 ], [ -111.024507738252822, 32.206925876625917 ], [ -111.024541454169196, 32.206926097404235 ], [ -111.024574792487897, 32.206926316411071 ], [ -111.024603484108212, 32.206926504426768 ], [ -111.024625265598189, 32.206926647288313 ], [ -111.024648057890815, 32.206926796375917 ], [ -111.024664502194213, 32.206926904279939 ], [ -111.024669008896865, 32.206926933370475 ], [ -111.024669100103452, 32.206926934915813 ], [ -111.024672168476073, 32.206926963778621 ], [ -111.024716929813394, 32.206927384185263 ], [ -111.025134049345226, 32.206931301109044 ], [ -111.025453285377509, 32.206934297642221 ], [ -111.025748325523438, 32.206937066054358 ], [ -111.025753502414531, 32.206937114258224 ], [ -111.025757013200263, 32.206937133586557 ], [ -111.025774363494108, 32.20693722789008 ], [ -111.025793853143014, 32.206937333658608 ], [ -111.025796973602851, 32.206937351137313 ], [ -111.026071399523659, 32.206938841737575 ], [ -111.026085069321198, 32.206938916385212 ], [ -111.026095791552478, 32.206938973876134 ], [ -111.026106949708719, 32.206939034436758 ], [ -111.026114063565856, 32.206939072821932 ], [ -111.026122213690314, 32.206939116702273 ], [ -111.026131968587549, 32.206939170081952 ], [ -111.026142679151889, 32.206939227486721 ], [ -111.026153446982306, 32.206939286195791 ], [ -111.026162188955297, 32.206939333340422 ], [ -111.026174308073308, 32.206939398859916 ], [ -111.026184103283967, 32.206939451617671 ], [ -111.026193114660771, 32.206939500657676 ], [ -111.0262009974942, 32.206939543552167 ], [ -111.026209838098481, 32.206939592289984 ], [ -111.026217572441723, 32.206939634137655 ], [ -111.026229886718525, 32.206939701026329 ], [ -111.02624001179862, 32.206939755201176 ], [ -111.026251951659191, 32.206939820352588 ], [ -111.026265352053798, 32.20693989308338 ], [ -111.02627908125703, 32.206939967226553 ], [ -111.02629275318553, 32.206940040964916 ], [ -111.026307041348616, 32.206940119041498 ], [ -111.026319835045925, 32.206940188395791 ], [ -111.026331958407113, 32.20694025393005 ], [ -111.026345790501964, 32.206940327888752 ], [ -111.026357071693852, 32.206940389293706 ], [ -111.026377061979375, 32.206940497595888 ], [ -111.026395888720273, 32.206940599505401 ], [ -111.026416912091491, 32.206940713272218 ], [ -111.026434146778669, 32.206940806671142 ], [ -111.026454631325095, 32.206940918441305 ], [ -111.026471274172735, 32.206941007667936 ], [ -111.026491813872909, 32.206941119820449 ], [ -111.026509242667245, 32.206941213673979 ], [ -111.026524836511257, 32.206941298213337 ], [ -111.02654068491006, 32.206941384542972 ], [ -111.026558813738944, 32.206941482416383 ], [ -111.0265717601701, 32.206941552820517 ], [ -111.026587496149588, 32.206941637450988 ], [ -111.026601476727009, 32.206941713328845 ], [ -111.026615409575498, 32.206941788869159 ], [ -111.026632089537785, 32.206941879237782 ], [ -111.026646930307066, 32.206941960264309 ], [ -111.02666212640996, 32.206942041986771 ], [ -111.026678944256304, 32.206942133319842 ], [ -111.026692452838446, 32.206942206766932 ], [ -111.026707237402618, 32.206942286488911 ], [ -111.026723345669069, 32.206942373723038 ], [ -111.026735087190886, 32.206942437432701 ], [ -111.026745640773058, 32.206942494583238 ], [ -111.026759322249376, 32.206942568338334 ], [ -111.026771960033713, 32.206942636549456 ], [ -111.02678368882799, 32.206942700165015 ], [ -111.026786042433869, 32.206942713123595 ], [ -111.026786313967705, 32.206942714132971 ], [ -111.026789691989592, 32.206942751436685 ], [ -111.026801644999651, 32.206942882462592 ], [ -111.026835335099392, 32.206943251250031 ], [ -111.026843898420609, 32.206943344887335 ], [ -111.02686325974517, 32.206943557807882 ], [ -111.026882475779104, 32.206943767899283 ], [ -111.026898837723351, 32.206943947079793 ], [ -111.026918202239088, 32.206944159112503 ], [ -111.026940741142056, 32.206944406107127 ], [ -111.026963486862243, 32.206944655454947 ], [ -111.026982856681741, 32.206944867515126 ], [ -111.026991312887148, 32.206944959486833 ], [ -111.027013600426798, 32.206945203797794 ], [ -111.027034315091768, 32.206945430724382 ], [ -111.027058200962216, 32.206945692587048 ], [ -111.027086689865016, 32.206946003967708 ], [ -111.027115027095931, 32.206946314274802 ], [ -111.027150445981263, 32.206946702356539 ], [ -111.027176140199884, 32.206946982330763 ], [ -111.027191993054188, 32.206947156087985 ], [ -111.027218402104097, 32.206947445591886 ], [ -111.027245924796404, 32.206947746531938 ], [ -111.027285040951739, 32.206948175015064 ], [ -111.027319891360307, 32.206948556344827 ], [ -111.027350135563623, 32.206948887228094 ], [ -111.027385192790163, 32.206949270896452 ], [ -111.027427972284215, 32.206949738629959 ], [ -111.027474666470837, 32.206950249212525 ], [ -111.02752372367911, 32.20695078631644 ], [ -111.027575869372939, 32.206951356844236 ], [ -111.027620301285438, 32.206951843347582 ], [ -111.027673146980916, 32.206952421463122 ], [ -111.027714669659659, 32.206952875753153 ], [ -111.027745273409337, 32.206953210873586 ], [ -111.027794850321996, 32.206953753329969 ], [ -111.027835187245444, 32.206954194734749 ], [ -111.027869355693753, 32.206954568413195 ], [ -111.027913078075343, 32.206955046218368 ], [ -111.027948306065582, 32.206955431832846 ], [ -111.027990582841781, 32.206955894038536 ], [ -111.028017065085351, 32.206956183890078 ], [ -111.028052714144607, 32.206956573336882 ], [ -111.028090959558909, 32.206956991843384 ], [ -111.028128629069755, 32.206957403585413 ], [ -111.028156682069294, 32.206957710759625 ], [ -111.028188470530651, 32.206958057705918 ], [ -111.028225162154342, 32.206958459841651 ], [ -111.028261134696109, 32.20695885330651 ], [ -111.028285623008344, 32.206959120974211 ], [ -111.028321866015659, 32.206959516322264 ], [ -111.028360424316062, 32.206959937847543 ], [ -111.028401444278799, 32.206960386576242 ], [ -111.028428994562006, 32.2069606874526 ], [ -111.028459597260522, 32.206961022392782 ], [ -111.028525465089871, 32.206961742138247 ], [ -111.028574426862434, 32.206962278164063 ], [ -111.028662855897224, 32.206963243792167 ], [ -111.028741181602271, 32.20696409962374 ], [ -111.028764635833966, 32.20696435542709 ], [ -111.028765527915752, 32.20696435357555 ], [ -111.028808299104909, 32.206964258941071 ], [ -111.02892654307152, 32.206963996233739 ], [ -111.029025659760876, 32.206963775887814 ], [ -111.029177683023491, 32.20696343806415 ], [ -111.029324521389043, 32.206963111465072 ], [ -111.029440476280868, 32.206962853855138 ], [ -111.029538009293418, 32.206962636423299 ], [ -111.029634969506091, 32.206962420308429 ], [ -111.02973708386213, 32.20696219247931 ], [ -111.029848323778737, 32.206961943804977 ], [ -111.030006848344584, 32.206961590162948 ], [ -111.030175039446718, 32.206961214819835 ], [ -111.030335179532628, 32.206960856762365 ], [ -111.030469388743143, 32.206960556633156 ], [ -111.030862524872077, 32.206959677270582 ], [ -111.031338740402774, 32.206958610113396 ], [ -111.031747273242985, 32.206957693323538 ], [ -111.031759214004495, 32.206957666875816 ], [ -111.03176898024887, 32.206957645047652 ], [ -111.031780743873725, 32.206957618259935 ], [ -111.031785058976126, 32.206957607878742 ], [ -111.031786456266516, 32.206957574370286 ], [ -111.031818096344992, 32.206956816421858 ], [ -111.031830632705692, 32.206956515468988 ], [ -111.031965173633438, 32.20695328781671 ], [ -111.032108600122001, 32.206949848030803 ], [ -111.032234920679457, 32.206946817796947 ], [ -111.032373635419802, 32.206943489944706 ], [ -111.032455646903614, 32.206941523064565 ], [ -111.032479348845769, 32.206940954732559 ], [ -111.032479724428001, 32.206940945635338 ], [ -111.032480036449968, 32.206940927977094 ], [ -111.032482087918311, 32.206940814263476 ], [ -111.032485603977278, 32.206940617903385 ], [ -111.032491123749281, 32.20694031020097 ], [ -111.03249904203031, 32.206939869567378 ], [ -111.032505430995073, 32.206939513832786 ], [ -111.032512413218825, 32.206939125271475 ], [ -111.032520629724516, 32.206938667783525 ], [ -111.032568542724334, 32.206935998826708 ], [ -111.032631964341405, 32.206932467017317 ], [ -111.032690560273593, 32.206929203550459 ], [ -111.032744270021297, 32.206926212519058 ], [ -111.03274559557093, 32.206926138817707 ], [ -111.032785198403587, 32.206922314146304 ], [ -111.032889813951442, 32.206912210836471 ], [ -111.032924368351829, 32.206908872993729 ], [ -111.032939486538083, 32.206908786577479 ], [ -111.032994330805849, 32.206908472799881 ], [ -111.03305298538568, 32.206908136929464 ], [ -111.033069125105115, 32.206908044109646 ], [ -111.033070330138671, 32.206908038102029 ], [ -111.033071814528924, 32.206908101684363 ], [ -111.033076735305173, 32.206908310128568 ], [ -111.033115973186625, 32.206909975876883 ], [ -111.033168886603761, 32.206912221463782 ], [ -111.03317422512697, 32.206912448154633 ], [ -111.033174815706431, 32.206912473023792 ], [ -111.033175379874351, 32.206912486886367 ], [ -111.033186184881274, 32.206912760794552 ], [ -111.033207278465227, 32.206913294177482 ], [ -111.033253273534669, 32.206914478625286 ], [ -111.03330529419577, 32.206915808867947 ], [ -111.033313972563661, 32.2069174991179 ], [ -111.033332949134689, 32.206921196655372 ], [ -111.033353379342728, 32.206925176699954 ], [ -111.033426956462634, 32.206939512246123 ], [ -111.03344026145993, 32.20694210417745 ], [ -111.033487885632653, 32.20695658845306 ], [ -111.033497589207727, 32.206959539402128 ], [ -111.033541970254731, 32.206976273625955 ], [ -111.033546637393925, 32.206978032337545 ], [ -111.033585952748993, 32.206997810926993 ], [ -111.03368007321717, 32.207045160783146 ], [ -111.033680992632938, 32.207045623532629 ], [ -111.03372101531923, 32.207063998354833 ], [ -111.033826970631381, 32.207112640112946 ], [ -111.03382848182541, 32.20711333335413 ], [ -111.033907459944317, 32.207155934660925 ], [ -111.033960657984238, 32.207184628204516 ], [ -111.034002853370509, 32.207202210965697 ], [ -111.034069127835181, 32.20722982788007 ], [ -111.034117221110264, 32.207242333864755 ], [ -111.034208177687418, 32.207265985382136 ], [ -111.034254922678272, 32.207269058634218 ], [ -111.034409597657557, 32.207279228581932 ], [ -111.034470096801144, 32.207283206679378 ], [ -111.034615546227741, 32.207292769096973 ], [ -111.034790267326713, 32.207291345563426 ], [ -111.035024353259857, 32.207289436646946 ], [ -111.035295478300981, 32.207287224569619 ], [ -111.035447223417449, 32.207285986259059 ], [ -111.035580524608989, 32.207279365142995 ], [ -111.035591327932707, 32.207278828986773 ], [ -111.035709607392675, 32.2072729534787 ], [ -111.035713186924923, 32.207272775507889 ], [ -111.035755236257444, 32.207267915414086 ], [ -111.035924697241697, 32.207248325880322 ], [ -111.036073086745446, 32.207219727025112 ], [ -111.036208567340893, 32.207174375797422 ], [ -111.036306831491132, 32.207131652957031 ], [ -111.036309181282775, 32.207130631307258 ], [ -111.036327919682734, 32.207119760301936 ], [ -111.036356826752311, 32.207102989950201 ], [ -111.036385053269299, 32.207086614366105 ], [ -111.036464944436659, 32.207040265257938 ], [ -111.036466890063892, 32.20703913617853 ], [ -111.03659307349848, 32.206953417706579 ], [ -111.036668105253028, 32.20690244610455 ], [ -111.036734169287513, 32.206857567968548 ], [ -111.036741677356943, 32.206852468040175 ], [ -111.036746782038975, 32.2068489999387 ], [ -111.036747527293116, 32.206848493785053 ], [ -111.036749086490218, 32.206847398085152 ], [ -111.036759488259619, 32.206840088057106 ], [ -111.036776883977396, 32.206827863904984 ], [ -111.036796709260145, 32.206813932350116 ], [ -111.036824074196389, 32.206794703576534 ], [ -111.036855486626706, 32.206772629716703 ], [ -111.036909084437312, 32.20673496599116 ], [ -111.036922700667589, 32.206725398478056 ], [ -111.03692384337036, 32.20672459477786 ], [ -111.036925586367346, 32.206723467888565 ], [ -111.036929760808832, 32.206720768884679 ], [ -111.036946587717637, 32.206709889895656 ], [ -111.036969116461989, 32.206695323293559 ], [ -111.036989252174337, 32.206682304720843 ], [ -111.03701341288992, 32.206666683496543 ], [ -111.037046771016804, 32.206645115526968 ], [ -111.037109249807031, 32.206604720518605 ], [ -111.037139682341234, 32.206592421071484 ], [ -111.037176328298472, 32.206577610842658 ], [ -111.03719086358177, 32.206571736394565 ], [ -111.037202973120031, 32.206566842500671 ], [ -111.037209551799194, 32.206564183659026 ], [ -111.037210475726454, 32.206563848290415 ], [ -111.037245870702492, 32.206550951149687 ], [ -111.037316263556349, 32.206525304682671 ], [ -111.037335243686755, 32.206518388850469 ], [ -111.037362838353317, 32.206508335922813 ], [ -111.037435364535156, 32.20649192007776 ], [ -111.037537464123233, 32.20646881079211 ], [ -111.037578402993958, 32.206464994806204 ], [ -111.037689360791759, 32.206454652041138 ], [ -111.037765623359292, 32.206447543668155 ], [ -111.037812872989193, 32.206449401632291 ], [ -111.037839389274566, 32.206450444497278 ], [ -111.037858927693861, 32.206451207984934 ], [ -111.03787160156196, 32.206451710922792 ], [ -111.03787188465806, 32.206451722810712 ], [ -111.037874977563021, 32.206451847117918 ], [ -111.03791763361447, 32.206453556777369 ], [ -111.037949673889727, 32.206454841827828 ], [ -111.037979068713113, 32.206456020104696 ], [ -111.038027939271075, 32.206464813543811 ], [ -111.03806827419055, 32.206472071344372 ], [ -111.038116928655185, 32.206484256853109 ], [ -111.038194297535739, 32.206503633788188 ], [ -111.038195023437879, 32.206503815591617 ], [ -111.038199176182218, 32.206505244995633 ], [ -111.038215550339643, 32.206510881603464 ], [ -111.03824047632277, 32.206519461695038 ], [ -111.038314701386952, 32.206545010517772 ], [ -111.038358949334466, 32.206563747815231 ], [ -111.038425522545751, 32.206591938099727 ], [ -111.038462653443347, 32.206612851652295 ], [ -111.038542658741918, 32.206657913818397 ], [ -111.038620872717658, 32.206701966966079 ], [ -111.038637030177483, 32.206711065061782 ], [ -111.038637271835086, 32.206711194800647 ], [ -111.038676793483802, 32.206731908453605 ], [ -111.038689411878153, 32.20673852175959 ], [ -111.038709120461448, 32.206748852063562 ], [ -111.038726983153083, 32.206758214503125 ], [ -111.038739230052443, 32.206764633133631 ], [ -111.038742609453294, 32.206766404356443 ], [ -111.038744963211485, 32.206767726557999 ], [ -111.038778963442198, 32.206786829038599 ], [ -111.038821766810415, 32.206810876972348 ], [ -111.038862793465682, 32.206810853398032 ], [ -111.038968480753027, 32.206810792620246 ], [ -111.038996092440115, 32.206810776879053 ], [ -111.039063086669032, 32.206810737803416 ], [ -111.039072328751033, 32.206810732514583 ], [ -111.039080098551423, 32.20681072782763 ], [ -111.039089782957788, 32.206810722000455 ], [ -111.039099165053884, 32.206810716779692 ], [ -111.039110621930917, 32.206810709726277 ], [ -111.039123988102062, 32.20681070239651 ], [ -111.039141858108493, 32.206810692055733 ], [ -111.039156622316071, 32.206810683603912 ], [ -111.039179096919369, 32.206810670946894 ], [ -111.039198240858028, 32.206810659519618 ], [ -111.039212096030838, 32.206810651065204 ], [ -111.039234694738695, 32.206810638357773 ], [ -111.039254034905866, 32.20681062738204 ], [ -111.039268642129372, 32.206810618729513 ], [ -111.03929325303163, 32.206810604644538 ], [ -111.039310256429559, 32.20681059457889 ], [ -111.039326146061782, 32.206810585800582 ], [ -111.03934555730126, 32.206810574402184 ], [ -111.0393685643933, 32.20681056089731 ], [ -111.039388439170239, 32.20681054910149 ], [ -111.039419406988429, 32.206810531303937 ], [ -111.039440563113487, 32.206810519372262 ], [ -111.039463096062164, 32.206810506167699 ], [ -111.039484488728959, 32.206810494066197 ], [ -111.039514592059888, 32.206810476560285 ], [ -111.039546434973033, 32.206810458490004 ], [ -111.039572980634958, 32.206810443343684 ], [ -111.039591554964304, 32.206810432414422 ], [ -111.039611528390836, 32.206810420366054 ], [ -111.039637907522845, 32.206810404952684 ], [ -111.039667717029431, 32.206810388077635 ], [ -111.039689128797335, 32.206810375172111 ], [ -111.039712041484563, 32.206810361851723 ], [ -111.039736489040493, 32.206810347449277 ], [ -111.03976942026523, 32.206810327853056 ], [ -111.039790822479034, 32.206810315765892 ], [ -111.039818152020786, 32.206810299691909 ], [ -111.039842756561598, 32.206810285455809 ], [ -111.039865708493409, 32.206810272379734 ], [ -111.039902269512424, 32.206810250866525 ], [ -111.03992978785854, 32.206810235175887 ], [ -111.039954419976667, 32.206810221109279 ], [ -111.039979738385426, 32.206810206385697 ], [ -111.040006852599461, 32.206810190581507 ], [ -111.040045545675639, 32.206810167577295 ], [ -111.040072838095995, 32.206810151190865 ], [ -111.040107061277297, 32.206810131445927 ], [ -111.040150099075902, 32.206810106066079 ], [ -111.040184443180081, 32.206810086236693 ], [ -111.040213316077697, 32.20681006905275 ], [ -111.040237604521465, 32.206810055254024 ], [ -111.040273645782634, 32.206810034539537 ], [ -111.040303353470506, 32.206810016808774 ], [ -111.04033993782663, 32.206809995330715 ], [ -111.0403746436386, 32.20680997525124 ], [ -111.040402602190198, 32.20680995890141 ], [ -111.040432390487922, 32.206809941699007 ], [ -111.040461017299378, 32.20680992455663 ], [ -111.040487928914857, 32.206809909048808 ], [ -111.040515868375365, 32.2068098925416 ], [ -111.040544945988231, 32.20680987579874 ], [ -111.040582533787344, 32.206809853989284 ], [ -111.040622317290627, 32.206809830247948 ], [ -111.04064849912973, 32.206809815060303 ], [ -111.04068256108755, 32.206809794944313 ], [ -111.04071288611749, 32.206809776885422 ], [ -111.040761111918002, 32.206809748462639 ], [ -111.040806061146228, 32.206809721672329 ], [ -111.040854681534242, 32.206809693241894 ], [ -111.040922496778322, 32.206809653457 ], [ -111.040986193236023, 32.206809615770837 ], [ -111.041053656320855, 32.206809576181989 ], [ -111.041115444537269, 32.20680953964424 ], [ -111.041176418116734, 32.206809503748019 ], [ -111.04123124586549, 32.206809471261039 ], [ -111.041278321842341, 32.206809443697658 ], [ -111.04132221034962, 32.206809417496004 ], [ -111.041383217880693, 32.206809380833292 ], [ -111.041442849649087, 32.206809345439353 ], [ -111.041489601052334, 32.206809317354057 ], [ -111.041540027858403, 32.206809287636808 ], [ -111.041606563883633, 32.206809247648764 ], [ -111.041674465057909, 32.206809207153363 ], [ -111.041724235281691, 32.206809177327791 ], [ -111.041774454194339, 32.206809146980177 ], [ -111.041820975422581, 32.20680911898318 ], [ -111.041872817239053, 32.206809088102389 ], [ -111.04191850686, 32.206809060628323 ], [ -111.041974765533197, 32.206809026897041 ], [ -111.0420327086361, 32.206808992167737 ], [ -111.042080222701685, 32.206808963728975 ], [ -111.042144441045693, 32.2068089254619 ], [ -111.042207143621425, 32.206808887500422 ], [ -111.042259855232928, 32.206808856163967 ], [ -111.042319926153311, 32.206808819786126 ], [ -111.042387365919993, 32.206808779324149 ], [ -111.042446639174273, 32.206808743683006 ], [ -111.042522156352746, 32.206808698578065 ], [ -111.042555986022847, 32.206808678154822 ], [ -111.042629825137325, 32.206808634009533 ], [ -111.04267595284648, 32.206808605682909 ], [ -111.042738133546337, 32.206808568359563 ], [ -111.042822490805548, 32.206808517444408 ], [ -111.042895011452075, 32.206808473049776 ], [ -111.042988215154622, 32.206808416426242 ], [ -111.043051327175718, 32.206808378169875 ], [ -111.043107334469482, 32.206808344001161 ], [ -111.043173842927828, 32.206808303899457 ], [ -111.043242871667388, 32.206808262235164 ], [ -111.043325242202712, 32.206808211688887 ], [ -111.046010119128979, 32.20680654631952 ], [ -111.054359331800299, 32.206801002614064 ], [ -111.05437090646592, 32.206800992275269 ], [ -111.054383146227821, 32.206800979256819 ], [ -111.054402109992253, 32.206800955279576 ], [ -111.054419214299472, 32.206800933047568 ], [ -111.058731389068342, 32.206795393169628 ], [ -111.058748045818163, 32.205860309054792 ], [ -111.05879679231839, 32.203116143460015 ], [ -111.054630901453422, 32.203101552950692 ], [ -111.054630676604503, 32.203101551417717 ], [ -111.054410060209307, 32.203100648629949 ], [ -111.054409835360403, 32.203100647096576 ], [ -111.054447075730863, 32.199580975950695 ], [ -111.046021513500321, 32.199523671735214 ], [ -111.046021288660711, 32.19952367018707 ], [ -111.046018078332935, 32.199523648082327 ], [ -111.046017853493325, 32.199523646534168 ], [ -111.046099102203456, 32.192200456301578 ], [ -111.046089040589379, 32.191708093525236 ], [ -111.046069725969446, 32.190808329285936 ], [ -111.046043408429085, 32.189434606102211 ], [ -111.046037877841457, 32.1892302971359 ], [ -111.046035473934822, 32.189143264007463 ], [ -111.04602149986556, 32.188361648161958 ], [ -111.046003055371656, 32.187540316040575 ], [ -111.046000776606434, 32.187440141257177 ], [ -111.045950967555186, 32.185011400880526 ], [ -111.042820569912351, 32.184983970930077 ], [ -111.042820345117292, 32.184983968475102 ], [ -111.04037383721338, 32.185014114776209 ], [ -111.040373612366579, 32.18501411772754 ], [ -111.038012424432893, 32.185037074366967 ], [ -111.038012199603401, 32.185037075510557 ], [ -111.03682689053845, 32.185046356309925 ], [ -111.036826665708958, 32.185046357451419 ], [ -111.036200993133093, 32.185050934278792 ], [ -111.036200768303615, 32.18505093541912 ], [ -111.034871011989054, 32.185060566627705 ], [ -111.034870787159576, 32.185060567765703 ], [ -111.03386124399988, 32.185068812227748 ], [ -111.033861019153022, 32.185068815167504 ], [ -111.033087031940198, 32.185076806256198 ], [ -111.033086807093341, 32.185076809194584 ], [ -111.032231803992673, 32.185085517758772 ], [ -111.032231579145801, 32.185085520695623 ], [ -111.031189845384318, 32.185098585235849 ], [ -111.028893992461221, 32.185131196334794 ], [ -111.028865930761086, 32.185131600883672 ], [ -111.028865705949158, 32.185131600207441 ], [ -111.020237514065158, 32.185132501472559 ], [ -111.020237289253643, 32.185132500781002 ], [ -111.019829638295448, 32.185132530038523 ], [ -111.019829413475151, 32.185132530247998 ], [ -111.019229442101775, 32.1851325680827 ], [ -111.019229217290317, 32.185132567389324 ], [ -111.018602377208936, 32.185132583843462 ], [ -111.018602152397506, 32.18513258314897 ], [ -111.017953291726982, 32.185132611370939 ], [ -111.017953066906742, 32.185132611577103 ], [ -111.017303803370993, 32.185132633603359 ], [ -111.017303578559634, 32.185132632906573 ], [ -111.016600779271897, 32.185132699895242 ], [ -111.016600554451699, 32.185132700098968 ], [ -111.015968865753351, 32.185132754666363 ], [ -111.015968640950945, 32.185132753065446 ], [ -111.015967650031911, 32.185012720689649 ], [ -111.015959054217191, 32.183972693066607 ], [ -111.015953772957459, 32.183339572940632 ], [ -111.01592962337925, 32.17973985151103 ], [ -111.01591641457135, 32.177860109904344 ], [ -111.014912817197015, 32.177988236543342 ], [ -111.01390484305513, 32.178088851302164 ], [ -111.012893503250439, 32.178161773729705 ], [ -111.011880237427874, 32.178206917557311 ], [ -111.011880013587117, 32.178206927680058 ], [ -111.011876008227617, 32.177908330799035 ], [ -111.011875992008541, 32.17790546735278 ], [ -111.011873850364495, 32.177747489091296 ], [ -111.011630101419144, 32.177742998324206 ], [ -111.011629876635183, 32.177742996715914 ], [ -111.011634064199527, 32.176604938935164 ], [ -111.011635272423192, 32.175910961846363 ], [ -111.011644794302967, 32.174172159005415 ], [ -111.007394559252376, 32.17414210720505 ], [ -111.00739433447751, 32.174142105589361 ], [ -111.007366282150556, 32.174141903946158 ], [ -111.007366057375705, 32.174141902330419 ], [ -111.005047286454555, 32.174172973572787 ], [ -111.005047061652803, 32.174172974658234 ], [ -111.004164945360586, 32.174176232637819 ], [ -111.004164720558862, 32.17417623372171 ], [ -111.003130712612332, 32.174178732318602 ], [ -111.003130487837652, 32.174178730695346 ], [ -111.002768309647848, 32.174192722837432 ], [ -111.002768040225234, 32.17419273261482 ], [ -111.002542257710701, 32.174201455205562 ], [ -111.002315036807047, 32.174201530114608 ], [ -111.002314812032338, 32.17420152848991 ], [ -111.002315621036004, 32.174198666499763 ], [ -111.002732961846206, 32.172722777024532 ], [ -111.00310277696758, 32.172017547516006 ], [ -111.003497132692416, 32.171321942473028 ], [ -111.003916223381964, 32.170636736842241 ], [ -111.004096400467276, 32.17037277773796 ], [ -111.004156451304596, 32.170305865364519 ], [ -111.004235729414305, 32.170194595926247 ], [ -111.004372655378873, 32.170014162772084 ], [ -111.004478545437436, 32.169887536512057 ], [ -111.004597316444048, 32.169745284012009 ], [ -111.004742145678819, 32.169578656810849 ], [ -111.004742222912085, 32.169578567183912 ], [ -111.004743851082324, 32.16957669408179 ], [ -111.004825548090949, 32.169482701033544 ], [ -111.004825667741329, 32.169482823643904 ], [ -111.004968949703084, 32.169630248750359 ], [ -111.004970102086403, 32.169631433952048 ], [ -111.004970223830625, 32.169631559282855 ], [ -111.005147643265531, 32.169814104225537 ], [ -111.005199448793917, 32.16988543129176 ], [ -111.00521677048539, 32.169930911261204 ], [ -111.005223460822549, 32.16996892678727 ], [ -111.005227216311596, 32.170261185896763 ], [ -111.005231006480628, 32.170509292224985 ], [ -111.005231231246441, 32.17050929384434 ], [ -111.006390843861183, 32.170505704635673 ], [ -111.006391068644987, 32.170505704449411 ], [ -111.006768140496348, 32.170502493842271 ], [ -111.0067683652981, 32.170502491851813 ], [ -111.006866560912584, 32.170501655945927 ], [ -111.006866785723304, 32.170501653053542 ], [ -111.007386520260454, 32.170496804291531 ], [ -111.007386745071159, 32.170496801398201 ], [ -111.007432981336123, 32.170496364451751 ], [ -111.00743320613789, 32.170496362460106 ], [ -111.009031846969222, 32.170481302938072 ], [ -111.009032071770946, 32.170481300943571 ], [ -111.009077500150141, 32.170480857599429 ], [ -111.009077724951879, 32.170480855604893 ], [ -111.01064788833159, 32.170465571341886 ], [ -111.010648113142253, 32.170465568442772 ], [ -111.011667407567757, 32.170455774536613 ], [ -111.011667427398052, 32.170452911345002 ], [ -111.011670537507896, 32.169873648290519 ], [ -111.011676629278256, 32.168685609373505 ], [ -111.011679076702038, 32.168213433736078 ], [ -111.011686658582477, 32.166854120018748 ], [ -111.009808382375113, 32.166844707930537 ], [ -111.009808157626964, 32.166844705417667 ], [ -111.008633583537403, 32.166834048520492 ], [ -111.008633358789353, 32.166834046005576 ], [ -111.008633920451146, 32.166831187604622 ], [ -111.008648939534496, 32.166754704145895 ], [ -111.00864895740078, 32.166754613188544 ], [ -111.008649543628792, 32.16675162960837 ], [ -111.008666521253261, 32.166665176861841 ], [ -111.008666543601734, 32.166665061587032 ], [ -111.008666203832291, 32.166665217871916 ], [ -111.008630020717462, 32.166681893785338 ], [ -111.008592701052507, 32.1666976028772 ], [ -111.00855478709191, 32.166712191217272 ], [ -111.008516277776721, 32.16672565879739 ], [ -111.008477376451154, 32.166737921402195 ], [ -111.008437879782434, 32.16674906234438 ], [ -111.008397992166238, 32.166758998318073 ], [ -111.008357710606745, 32.166767817681496 ], [ -111.007668737644039, 32.166772916694619 ], [ -111.00766851292309, 32.166772911472648 ], [ -111.007663487455403, 32.166772793297604 ], [ -111.007663262707595, 32.166772790780989 ], [ -111.007658216713637, 32.166772497501796 ], [ -111.007652969946037, 32.166772029627076 ], [ -111.007647925453284, 32.166771478432793 ], [ -111.00764288458204, 32.166770669338824 ], [ -111.00763784351048, 32.166769773666807 ], [ -111.007632804349953, 32.166768792333826 ], [ -111.007627766681765, 32.166767553987683 ], [ -111.007622932366573, 32.166766230526093 ], [ -111.007617898320191, 32.166764734280093 ], [ -111.007613267999631, 32.166763154358449 ], [ -111.007608437947923, 32.166761401652366 ], [ -111.007603812091119, 32.166759479064218 ], [ -111.007599186034128, 32.166757469898059 ], [ -111.007594764172069, 32.16675529084992 ], [ -111.007590344020841, 32.166752939562947 ], [ -111.007585924720686, 32.166750502607421 ], [ -111.007581910197572, 32.166747982885738 ], [ -111.007577695952406, 32.166745289477866 ], [ -111.007573683991239, 32.166742511848852 ], [ -111.00756987516489, 32.166739564330307 ], [ -111.007566068258768, 32.166736530249025 ], [ -111.007562463636631, 32.166733411946659 ], [ -111.007559061298451, 32.166730209423221 ], [ -111.007555661731359, 32.166726834668644 ], [ -111.007552464448224, 32.166723375693024 ], [ -111.007549267165345, 32.166719916717327 ], [ -111.00754647551922, 32.166716288405475 ], [ -111.00754368471523, 32.166712575326905 ], [ -111.007541096204136, 32.166708777125542 ], [ -111.007538509613227, 32.166704892361537 ], [ -111.007536124446389, 32.166701009946742 ], [ -111.007534144916221, 32.166696958195878 ], [ -111.00753216537727, 32.16669290734675 ], [ -111.007530185847443, 32.166688855595837 ], [ -111.007528611945261, 32.16668463541064 ], [ -111.00752703805216, 32.166680414323629 ], [ -111.00752586807593, 32.166676197041014 ], [ -111.007524698950661, 32.16667189408998 ], [ -111.007523731267213, 32.166667591684629 ], [ -111.007522966067768, 32.166663291636219 ], [ -111.007522201728236, 32.166658905017563 ], [ -111.007521841314343, 32.166654521301531 ], [ -111.007521683393321, 32.166650139040676 ], [ -111.007521524403202, 32.166645757673955 ], [ -111.007521568765767, 32.166641291192143 ], [ -111.007521814770271, 32.166636911833898 ], [ -111.00752618630348, 32.166054371597248 ], [ -111.007427099760477, 32.166054653348638 ], [ -111.007426914213667, 32.166054653818826 ], [ -111.007355130706785, 32.166054857573009 ], [ -111.007354905951786, 32.166054855957618 ], [ -111.00735243889558, 32.166059219352356 ], [ -111.007349569627209, 32.166063407605272 ], [ -111.007346298137676, 32.166067421618031 ], [ -111.007342826927456, 32.16607126194431 ], [ -111.007339154927479, 32.16607492947815 ], [ -111.007335082417313, 32.166078250533175 ], [ -111.00733080827527, 32.166081483562444 ], [ -111.007326336105706, 32.166084372469975 ], [ -111.007321462574936, 32.166087000567018 ], [ -111.006443302624334, 32.166408826374706 ], [ -111.006183428717605, 32.166410261654903 ], [ -111.006183160459003, 32.166410263331699 ], [ -111.005964008560213, 32.166411472659959 ], [ -111.005963783804432, 32.166411471042082 ], [ -111.005964074161099, 32.166408608897044 ], [ -111.006007257773888, 32.166007171972645 ], [ -111.00600755353608, 32.166004299044182 ], [ -111.006316132694067, 32.163135639023963 ], [ -111.006316187122465, 32.163135283189696 ], [ -111.00633556728323, 32.163030839213171 ], [ -111.007404391824679, 32.163036133257052 ], [ -111.00740008612884, 32.161109699659022 ], [ -111.006625903499383, 32.161125440536402 ], [ -111.006895474769578, 32.159375523244663 ], [ -111.00694785148454, 32.159124733339688 ], [ -111.007176067957602, 32.158128301198097 ], [ -111.007207535935493, 32.157997485729211 ], [ -111.007237579568667, 32.157872588698545 ], [ -111.007343810736586, 32.157404766738722 ], [ -111.007373597792792, 32.157275881689294 ], [ -111.00740184174083, 32.157153668165492 ], [ -111.007765126208056, 32.155573182140635 ], [ -111.007765179372527, 32.155572952553555 ], [ -111.008066072140608, 32.154263861981875 ], [ -111.008107908770768, 32.154118046389605 ], [ -111.008155790532655, 32.153973562006676 ], [ -111.008209311813431, 32.153830579067275 ], [ -111.008268673153083, 32.153689183776528 ], [ -111.008333469153257, 32.153549632043976 ], [ -111.008404101970342, 32.153412097195229 ], [ -111.008479964184247, 32.153276575762902 ], [ -111.008550237816436, 32.153161749265323 ], [ -111.008550466268645, 32.153161374837744 ], [ -111.008561458356496, 32.153143414227145 ], [ -111.008648177634441, 32.153012695332365 ], [ -111.008739919962125, 32.152884588967652 ], [ -111.00883688587092, 32.152759183137228 ], [ -111.008938871399309, 32.152636733390281 ], [ -111.009045673006995, 32.152517239156737 ], [ -111.009157289401571, 32.152401044016081 ], [ -111.009273517913911, 32.15228805992578 ], [ -111.009394154592897, 32.152178542435337 ], [ -111.009519198570601, 32.152072579004496 ], [ -111.009648244289068, 32.151970338063052 ], [ -111.009781492303262, 32.151871906710994 ], [ -111.009918538120388, 32.151777453386458 ], [ -111.010059381738287, 32.1516869789792 ], [ -111.010203616549376, 32.151600651913697 ], [ -111.010351241716563, 32.151518557847488 ], [ -111.010502256616562, 32.151440868114051 ], [ -111.01069763848264, 32.151328449435617 ], [ -111.010889031414976, 32.151210933556683 ], [ -111.011076231447333, 32.151088576961499 ], [ -111.011258832802199, 32.150961462439824 ], [ -111.011436834613676, 32.150829676581694 ], [ -111.011610034842477, 32.150693389310774 ], [ -111.011721622264588, 32.150599954952774 ], [ -111.011829201467705, 32.150503398521799 ], [ -111.011932973832373, 32.150403723271324 ], [ -111.012032535728736, 32.150301011098215 ], [ -111.012127885459577, 32.150195434251685 ], [ -111.012178018591243, 32.15012879036221 ], [ -111.012243550262909, 32.150036572093107 ], [ -111.012305245733316, 32.149944326372776 ], [ -111.012370494550822, 32.149839822946788 ], [ -111.01243376975421, 32.149730666315506 ], [ -111.012491577028001, 32.149623016336321 ], [ -111.012549072085775, 32.149506173442148 ], [ -111.012599240683926, 32.149394947147279 ], [ -111.012633162601318, 32.149313498974536 ], [ -111.012648676265485, 32.149276242943699 ], [ -111.012685414168601, 32.14917540095248 ], [ -111.012719532592811, 32.149074024384788 ], [ -111.012756492630999, 32.148950763300007 ], [ -111.012785236384758, 32.148841446394151 ], [ -111.012800206655328, 32.148777385564856 ], [ -111.012819696460241, 32.148685010362342 ], [ -111.012831425520204, 32.148621871507089 ], [ -111.012838024691519, 32.148587558515736 ], [ -111.011593634774599, 32.148592752719907 ], [ -111.011592169324501, 32.148414069627528 ], [ -111.011592196152023, 32.148411783654062 ], [ -111.011593525812188, 32.148297168349352 ], [ -111.011602555301593, 32.147444672647083 ], [ -111.011608421930205, 32.146891774519375 ], [ -111.011614496581302, 32.146338190628512 ], [ -111.011620267010059, 32.145794998228219 ], [ -111.011631010636648, 32.144789267333998 ], [ -111.011744807128707, 32.13410544373081 ], [ -111.011747054085191, 32.133898267817031 ], [ -111.011746721741829, 32.13387664557311 ], [ -111.011744237329097, 32.133692773707061 ], [ -111.011744269551784, 32.133689510169638 ], [ -111.011778517063718, 32.127807200931407 ], [ -111.011751898465931, 32.127807163977408 ], [ -111.011750777251365, 32.127807158668475 ], [ -111.011589006482197, 32.127806936533418 ], [ -111.011587885258791, 32.127806932124798 ], [ -111.010285347292395, 32.127805109294883 ], [ -111.009758821580789, 32.127804344328723 ], [ -111.009446702323089, 32.127803826007188 ], [ -111.008348409384112, 32.127804111403044 ], [ -111.007628291034379, 32.127801262114815 ], [ -111.007626384250713, 32.127932418752209 ], [ -111.007620201234985, 32.128393058179391 ], [ -111.007615324419902, 32.128742380788267 ], [ -111.007697085826834, 32.128742882199781 ], [ -111.007692952366, 32.129123822423018 ], [ -111.007681969537316, 32.130136153822029 ], [ -111.007678311443712, 32.130473298495154 ], [ -111.007675345370743, 32.130846992576799 ], [ -111.007668664653778, 32.131688331933084 ], [ -111.007667773394715, 32.131800643674005 ], [ -111.007535897861345, 32.131799592024954 ], [ -111.007534776634913, 32.131799583070688 ], [ -111.007452160903028, 32.131798922976778 ], [ -111.005368515930741, 32.131781964186139 ], [ -111.005373439639882, 32.131185249846972 ], [ -111.004481919216133, 32.131179976862406 ], [ -111.003172909731916, 32.131171252718921 ], [ -111.003171788496616, 32.131171245529707 ], [ -111.003054010347881, 32.131170459594109 ], [ -111.003065774823227, 32.129803830105814 ], [ -111.003067580477932, 32.129642865234892 ], [ -111.003074232304243, 32.129481936235514 ], [ -111.003085928014855, 32.12932130065667 ], [ -111.003092226123897, 32.129256576709899 ], [ -111.003100944203084, 32.129192129054587 ], [ -111.003112083128158, 32.129127869315951 ], [ -111.003125842509462, 32.129063972989286 ], [ -111.003141818797616, 32.129000521934756 ], [ -111.003160415747089, 32.128937519064998 ], [ -111.003181226818157, 32.128875133697157 ], [ -111.00320465661872, 32.128813283074592 ], [ -111.003230300747376, 32.128752134726057 ], [ -111.003310721859052, 32.128563046735614 ], [ -111.003327017187942, 32.128528289161132 ], [ -111.00334190331715, 32.128493176913707 ], [ -111.003355381083622, 32.128457626128665 ], [ -111.003367247038881, 32.128421633534984 ], [ -111.003377702936419, 32.128385372840519 ], [ -111.003386749631332, 32.12834875837676 ], [ -111.003394181941559, 32.128311960915717 ], [ -111.003400203345549, 32.128274981023715 ], [ -111.003404611428223, 32.128237818142651 ], [ -111.003407607754696, 32.128200558499898 ], [ -111.003408988841372, 32.128163202431388 ], [ -111.003408957321994, 32.128125835270332 ], [ -111.003407310781853, 32.128088456458336 ], [ -111.003404047507047, 32.128051238234896 ], [ -111.003399370769202, 32.128014095489462 ], [ -111.003393076249665, 32.127977112422911 ], [ -111.003385367408242, 32.127940291404684 ], [ -111.003376242539588, 32.127903803772298 ], [ -111.003365499032185, 32.127867562388751 ], [ -111.003353339500947, 32.127831654390398 ], [ -111.003339560687124, 32.127796163985451 ], [ -111.003324566346095, 32.127761094086353 ], [ -111.003182055575579, 32.127454775982308 ], [ -111.003158088523008, 32.127408388129396 ], [ -111.00313614901448, 32.127361242023767 ], [ -111.003116233211514, 32.127313509890698 ], [ -111.003098140834112, 32.127265189383905 ], [ -111.003082072371711, 32.127216367626062 ], [ -111.003068229363947, 32.127167132649078 ], [ -111.003056206996845, 32.127117481532316 ], [ -111.003046206827989, 32.127067500504012 ], [ -111.003038429327674, 32.12701727849003 ], [ -111.003032674206821, 32.126966814045318 ], [ -111.003028938506887, 32.126916191020058 ], [ -111.003027222609433, 32.126865583472821 ], [ -111.003025954348971, 32.12658768599821 ], [ -111.003016144532083, 32.124654853772491 ], [ -111.003013283839735, 32.123057770449371 ], [ -111.003096917629634, 32.123057667820305 ], [ -111.003098039888272, 32.123057668703566 ], [ -111.003207091890587, 32.12305753747907 ], [ -111.005090113114932, 32.12307007857104 ], [ -111.006252871761021, 32.123077757976482 ], [ -111.007056319999108, 32.123081642671579 ], [ -111.006934673321624, 32.121546756303353 ], [ -111.006376176574463, 32.121516456059737 ], [ -111.005971025446655, 32.121494386427003 ], [ -111.005243649973195, 32.121454878721607 ], [ -111.005197065956196, 32.12092178746321 ], [ -111.005182933569515, 32.120759419727271 ], [ -111.005076263682398, 32.119711437308609 ], [ -111.00486227927351, 32.119711270896815 ], [ -111.004648558770938, 32.119704921180784 ], [ -111.004435101158194, 32.119692388155002 ], [ -111.004222108014687, 32.119673758949098 ], [ -111.004035395957175, 32.119651367845798 ], [ -111.00384802830456, 32.119633953525188 ], [ -111.003660207613294, 32.119621604021631 ], [ -111.003471932586422, 32.119614233648342 ], [ -111.003273506682135, 32.119612716682504 ], [ -111.003268052540292, 32.119613020938509 ], [ -111.003262393647105, 32.11961366731957 ], [ -111.003256934582566, 32.119614572167336 ], [ -111.003251673415704, 32.119615822946749 ], [ -111.003246409679747, 32.119617331634622 ], [ -111.003241343859315, 32.119619184450627 ], [ -111.003236275666993, 32.119621381753504 ], [ -111.003231607572545, 32.119623838968018 ], [ -111.003226937968464, 32.119626554098666 ], [ -111.003222668453233, 32.119629530042786 ], [ -111.003218599619743, 32.119632678784832 ], [ -111.003214729752287, 32.119636172564519 ], [ -111.003211260827058, 32.119639841488826 ], [ -111.003207992583583, 32.119643683211066 ], [ -111.003205126341996, 32.119647700085601 ], [ -111.003202661257959, 32.119651976879624 ], [ -111.003200398553503, 32.119656256035526 ], [ -111.003198536800383, 32.119660709434328 ], [ -111.003195026365532, 32.119665247435741 ], [ -111.003195297612749, 32.119570359227758 ], [ -111.003195299995397, 32.119569481751256 ], [ -111.003195986129498, 32.119329114751018 ], [ -110.995085207678741, 32.119309838840415 ], [ -110.995084085486013, 32.119309836083403 ], [ -110.994711885039706, 32.11930893911812 ], [ -110.990725341317855, 32.1193355285587 ], [ -110.990724222241056, 32.11933553209871 ], [ -110.989269629726451, 32.119345205553479 ], [ -110.989268504282961, 32.11934520993583 ], [ -110.988871069648852, 32.119347852703761 ], [ -110.988869942086154, 32.119347857067048 ], [ -110.988856161876342, 32.119347951787965 ], [ -110.986879055931368, 32.119361046544647 ], [ -110.977606781926639, 32.119422119620921 ], [ -110.967814862913357, 32.119490972610279 ], [ -110.963086173631467, 32.119523950730624 ], [ -110.962136573479881, 32.119530551947229 ], [ -110.960748996757431, 32.119540184542558 ], [ -110.960512013500804, 32.119541828415691 ], [ -110.960474464654425, 32.119541888449518 ], [ -110.95997543302218, 32.119542241940337 ], [ -110.943407997079731, 32.119553413765956 ], [ -110.9400682218035, 32.119554853257505 ], [ -110.92619900916381, 32.10872881604179 ], [ -110.909161709572288, 32.108565661420933 ], [ -110.909082342666977, 32.118073429778534 ], [ -110.907276008003592, 32.118040370763246 ], [ -110.902514970133979, 32.113907330616776 ], [ -110.900663202064152, 32.113880885630032 ], [ -110.900679275768027, 32.119354242758526 ], [ -110.896486768778075, 32.119280995489945 ], [ -110.895103061079695, 32.119256790958644 ], [ -110.895102532546872, 32.11937709815296 ], [ -110.893067449028109, 32.119344873399953 ], [ -110.892888020233443, 32.134620367131447 ], [ -110.896307358135502, 32.134623031210637 ], [ -110.896307682412996, 32.134648165993774 ], [ -110.898160602225218, 32.135872483156831 ], [ -110.900934749749894, 32.137576967942991 ], [ -110.901188461501548, 32.137731427241029 ], [ -110.90120535839732, 32.14028792319489 ], [ -110.901208027261404, 32.140466099975832 ], [ -110.902997336245292, 32.140454844689536 ], [ -110.904037732745195, 32.140443845790237 ], [ -110.905805283301021, 32.140428082187697 ], [ -110.9058057776586, 32.141023883247414 ], [ -110.905802761626205, 32.142797935562818 ], [ -110.905768215199771, 32.142797865249854 ], [ -110.905621459937336, 32.142797565948271 ], [ -110.905066167006879, 32.142796431259697 ], [ -110.904882421948827, 32.142796078933365 ], [ -110.903452847331636, 32.142793146571385 ], [ -110.904378419922651, 32.143381317199626 ], [ -110.904489102080248, 32.143451866899568 ], [ -110.905422708409432, 32.14404516252128 ], [ -110.90561059123867, 32.144164775226351 ], [ -110.906082813398953, 32.144464984267543 ], [ -110.906497089091118, 32.144728223033603 ], [ -110.906937634979514, 32.14500816180238 ], [ -110.907484866355887, 32.145355608504737 ], [ -110.907721488213127, 32.145505671028133 ], [ -110.90817987795792, 32.145797945922659 ], [ -110.907991267162984, 32.145958126277336 ], [ -110.907720636610179, 32.146187961748076 ], [ -110.908661331069325, 32.146783866857525 ], [ -110.908651829213625, 32.147353732504932 ], [ -110.909000042590762, 32.147493085763472 ], [ -110.90899940674683, 32.148799091782777 ], [ -110.909004728815859, 32.148898464260071 ], [ -110.909019007182522, 32.14916500604955 ], [ -110.909011429598451, 32.151685614465826 ], [ -110.909009364552162, 32.152372575490297 ], [ -110.908905978719815, 32.152371752184919 ], [ -110.908905360486543, 32.152538047955474 ], [ -110.909089515895161, 32.15253960008323 ], [ -110.90908408431504, 32.154299715686079 ], [ -110.909280039244322, 32.154322534648152 ], [ -110.909500572853347, 32.15434821384283 ], [ -110.90990109932406, 32.154342296303781 ], [ -110.910750880035138, 32.154876818643089 ], [ -110.911261142264536, 32.15519517816081 ], [ -110.911288017240423, 32.155212142247507 ], [ -110.912694867865341, 32.156089862717728 ], [ -110.913139582791914, 32.156088236525527 ], [ -110.913428396289774, 32.156086145655429 ], [ -110.91392435074583, 32.156089647627645 ], [ -110.91434599358422, 32.156092559030952 ], [ -110.914601240983728, 32.1560943227488 ], [ -110.914820340739112, 32.156095886330583 ], [ -110.915009959212085, 32.156097215258406 ], [ -110.915207048718699, 32.156098603933714 ], [ -110.915418678439679, 32.156100020781871 ], [ -110.91562101827239, 32.156101449455434 ], [ -110.915849409898968, 32.156102826842229 ], [ -110.916054373555298, 32.156104447824923 ], [ -110.916063862931139, 32.155790475554184 ], [ -110.916241611369372, 32.155722564674072 ], [ -110.916447351925044, 32.155643957275849 ], [ -110.916145802181759, 32.154982039034444 ], [ -110.916116326662262, 32.154885157004209 ], [ -110.916080494223252, 32.154767376226886 ], [ -110.916378068730481, 32.154425101434384 ], [ -110.91665539524486, 32.154105944787339 ], [ -110.916944991210343, 32.153772624711173 ], [ -110.91715277972591, 32.153533404818724 ], [ -110.917194553904309, 32.153486053281732 ], [ -110.917261151614227, 32.153410565930663 ], [ -110.916523652205086, 32.152947669661593 ], [ -110.917261567458127, 32.15209553842238 ], [ -110.912309711569691, 32.149003561685156 ], [ -110.912126341212399, 32.148887182573084 ], [ -110.909500599532464, 32.147220646375722 ], [ -110.909500981924936, 32.146951789894253 ], [ -110.909502525348671, 32.14587006829926 ], [ -110.909503823694536, 32.14586217590427 ], [ -110.909505087092356, 32.145857462178363 ], [ -110.909505925907311, 32.145854633503461 ], [ -110.90950779734375, 32.14584966669333 ], [ -110.909509862724548, 32.145845474294077 ], [ -110.909512535320147, 32.14584120015153 ], [ -110.90951500168724, 32.145837268866373 ], [ -110.909518273814754, 32.145833515341046 ], [ -110.909520318424612, 32.145831212108092 ], [ -110.909523175397752, 32.145828486069348 ], [ -110.909525827094271, 32.145826016320015 ], [ -110.909529084111938, 32.145823637061547 ], [ -110.909532138806512, 32.145821341866693 ], [ -110.90953701866664, 32.145818288328904 ], [ -110.909539861471885, 32.145816850890654 ], [ -110.909543109050844, 32.145815330097953 ], [ -110.909549195657505, 32.145812715433479 ], [ -110.909554869935732, 32.145810871256806 ], [ -110.909558109959988, 32.145810037597272 ], [ -110.909564587163075, 32.145808629080264 ], [ -110.909567824351853, 32.145808053321019 ], [ -110.9095738873432, 32.145807586624151 ], [ -110.909577725957945, 32.145807359247478 ], [ -110.909580957476081, 32.145807299288983 ], [ -110.90958640772007, 32.14580751400738 ], [ -110.909591651736207, 32.145808071583176 ], [ -110.909597699629444, 32.145808978250614 ], [ -110.909600922651919, 32.145809691091472 ], [ -110.909605151864454, 32.145810669862058 ], [ -110.909610584165804, 32.145812516747164 ], [ -110.909614203456755, 32.145813919934682 ], [ -110.909620631559648, 32.145816977783241 ], [ -110.909627652593812, 32.14582115681393 ], [ -110.910157683965963, 32.146154882702994 ], [ -110.910293709519692, 32.146155429672099 ], [ -110.910462987865245, 32.146156108313519 ], [ -110.910622119875995, 32.146155053920261 ], [ -110.910800638259246, 32.146153895488659 ], [ -110.910979965223063, 32.146152658458654 ], [ -110.911231183201238, 32.14615104632356 ], [ -110.911475118216373, 32.146150664557219 ], [ -110.911475418203707, 32.145828888861871 ], [ -110.911475850928724, 32.145642233482441 ], [ -110.911476277687768, 32.145474474981363 ], [ -110.91147680696038, 32.145315823962612 ], [ -110.911476992012808, 32.145246794005118 ], [ -110.911477265858053, 32.145145231258738 ], [ -110.912567771359548, 32.1451362788344 ], [ -110.912563039610134, 32.144333598583103 ], [ -110.912558648523941, 32.143610463217001 ], [ -110.912556040694582, 32.14318515586735 ], [ -110.912554511311541, 32.142937753794051 ], [ -110.912553386786655, 32.142690354923474 ], [ -110.912551857381771, 32.142442952831395 ], [ -110.912549924281009, 32.142195633201069 ], [ -110.912548223633053, 32.1419086303802 ], [ -110.912547359694955, 32.14163735308113 ], [ -110.912546619909392, 32.141557461310384 ], [ -110.913192815005701, 32.141552622010138 ], [ -110.914859796830626, 32.141540143601176 ], [ -110.915253168507959, 32.141537157583073 ], [ -110.915702072087939, 32.141533750995706 ], [ -110.917407623469629, 32.141520942517275 ], [ -110.917733479563722, 32.141519438524256 ], [ -110.917929409605449, 32.141518532698441 ], [ -110.926177963348664, 32.141405425229124 ], [ -110.926212368960094, 32.141404952271245 ], [ -110.926227774241511, 32.142466442889805 ], [ -110.926319761184956, 32.148804395345792 ], [ -110.926319756288834, 32.148807299202048 ], [ -110.926313252399581, 32.152956077229099 ], [ -110.926308306381429, 32.156109285579298 ], [ -110.926306161718998, 32.157475655928721 ], [ -110.92630253807441, 32.159782973036023 ], [ -110.926301746693767, 32.160287272355347 ], [ -110.926297183574817, 32.163191417629918 ], [ -110.926301775898949, 32.164020428820763 ], [ -110.926302789426146, 32.164203392504305 ], [ -110.926312799889516, 32.166012098452676 ], [ -110.926312820999726, 32.166014557001681 ], [ -110.9263172060366, 32.166806342355997 ], [ -110.926316139724463, 32.166877653281652 ], [ -110.926318642862213, 32.167065804137771 ], [ -110.926318642771051, 32.167065910552765 ], [ -110.926318679955202, 32.167068745289519 ], [ -110.92631960683741, 32.167236875843727 ], [ -110.926319611910429, 32.167236994924743 ], [ -110.926321369825871, 32.167553598124634 ], [ -110.921953373506682, 32.165104019290332 ], [ -110.921953051815549, 32.16691786193465 ], [ -110.917633657954596, 32.166908263265967 ], [ -110.917385283907208, 32.166907720244893 ], [ -110.917385270649561, 32.166989734094429 ], [ -110.917385274591723, 32.166989858577708 ], [ -110.917385072049129, 32.168740116328877 ], [ -110.917655605455607, 32.1687385960672 ], [ -110.92081529711615, 32.168720950931814 ], [ -110.920815332718561, 32.169645826344379 ], [ -110.920815469520591, 32.169893130945475 ], [ -110.921300162741375, 32.1698990070986 ], [ -110.92131577505566, 32.170654861903117 ], [ -110.921315782183768, 32.170654986411328 ], [ -110.921317497868543, 32.170738032924909 ], [ -110.922161379866978, 32.170739577275405 ], [ -110.926340008871946, 32.170747205548395 ], [ -110.92635972341813, 32.172677390558611 ], [ -110.926359729492987, 32.172677515058361 ], [ -110.926380891916764, 32.174751747045441 ], [ -110.926380897991692, 32.174751871545126 ], [ -110.926413952859093, 32.177991494010627 ], [ -110.926413959994449, 32.177991618518561 ], [ -110.926465983895213, 32.183090085577547 ], [ -110.926465989970524, 32.183090210077076 ], [ -110.926469913041473, 32.183475245580212 ], [ -110.926469920167364, 32.183475370989775 ], [ -110.926470884787193, 32.183569937684943 ], [ -110.926425280828738, 32.183575034882672 ], [ -110.925494495910542, 32.183575861274946 ], [ -110.924836737761197, 32.183576374628807 ], [ -110.924115142686404, 32.183576984219606 ], [ -110.923877573924401, 32.183577181201322 ], [ -110.923800812941195, 32.183576836558764 ], [ -110.923723420147141, 32.183578719829299 ], [ -110.923646411223984, 32.18358275241102 ], [ -110.923570183755587, 32.183588941033648 ], [ -110.92349353216639, 32.183597272624333 ], [ -110.923417460705892, 32.183607842545875 ], [ -110.923341567258234, 32.183620474490624 ], [ -110.923266864686155, 32.18363534956476 ], [ -110.923192341037392, 32.183652201899363 ], [ -110.923118601092398, 32.183671293265846 ], [ -110.923045444051894, 32.183692365067728 ], [ -110.92297347881798, 32.183715592534909 ], [ -110.922911813700154, 32.183738903596982 ], [ -110.922850937889621, 32.183763937004308 ], [ -110.922791659346458, 32.183790700910812 ], [ -110.922733171016716, 32.183819103302838 ], [ -110.922675471966969, 32.183849229847553 ], [ -110.922619371108908, 32.183881001230262 ], [ -110.922564665795477, 32.183914329285031 ], [ -110.922510955204615, 32.183949211764791 ], [ -110.922458843742035, 32.183985652520143 ], [ -110.922408332328246, 32.184023566788625 ], [ -110.92235901792111, 32.184062863926556 ], [ -110.922311508079616, 32.184103550515538 ], [ -110.922265800573783, 32.18414553906306 ], [ -110.922221290063973, 32.184188911386613 ], [ -110.92217919132338, 32.184233420019119 ], [ -110.9211770087649, 32.185253573032846 ], [ -110.921129209122213, 32.185302072991973 ], [ -110.919781074712247, 32.186643844646746 ], [ -110.919328085849429, 32.187094162384575 ], [ -110.918755115701771, 32.18765339649606 ], [ -110.918712848870456, 32.187694637980563 ], [ -110.918668776434885, 32.187734576494719 ], [ -110.918623101999287, 32.187773212741575 ], [ -110.91857582645919, 32.18781046466048 ], [ -110.91852695079902, 32.187846242075025 ], [ -110.918477283017239, 32.187880553164412 ], [ -110.918425407493629, 32.187913386753905 ], [ -110.918372340902835, 32.18794457861771 ], [ -110.918322384327681, 32.187968321591967 ], [ -110.918271027116106, 32.18799067820683 ], [ -110.918219082310259, 32.188011486238402 ], [ -110.918166549006713, 32.188030828646617 ], [ -110.918112617897862, 32.188048525890551 ], [ -110.91805890309422, 32.188064767471253 ], [ -110.918003793661342, 32.188079364812403 ], [ -110.91794870109949, 32.188092415634088 ], [ -110.917892617923187, 32.188103825404575 ], [ -110.917899699082483, 32.188435709325873 ], [ -110.917912444918016, 32.189044488934861 ], [ -110.917916738574249, 32.189243292073861 ], [ -110.917949240835171, 32.190799518752804 ], [ -110.917950002425414, 32.190959631857638 ], [ -110.917950008518872, 32.190959753651967 ], [ -110.917950287986855, 32.191017965878252 ], [ -110.917951303848255, 32.191202571813363 ], [ -110.918567290318762, 32.191480249358108 ], [ -110.920920497386177, 32.192540923859625 ], [ -110.919898259136346, 32.192545897327612 ], [ -110.919898483762779, 32.192546013629794 ], [ -110.920023597197172, 32.192610051652728 ], [ -110.920850603754459, 32.192997166219151 ], [ -110.922740310016053, 32.194149301650356 ], [ -110.925694278399845, 32.195930490348104 ], [ -110.935266327114178, 32.201875749079491 ], [ -110.939917535415788, 32.204605069513917 ], [ -110.941781245588743, 32.206896072825749 ], [ -110.94178137173752, 32.206896179311954 ], [ -110.941799637139212, 32.206918647522926 ], [ -110.941822158910895, 32.206932886035815 ], [ -110.942545445714472, 32.207390174025967 ], [ -110.943392538400815, 32.207925723599629 ], [ -110.943910870442295, 32.208253420935741 ], [ -110.943911095843987, 32.208253570569276 ], [ -110.945100733015451, 32.209040915414363 ], [ -110.945123290385553, 32.209058089058793 ], [ -110.945673224380045, 32.209476770003889 ], [ -110.946165601204228, 32.209870882948657 ], [ -110.946480030188823, 32.210124857565972 ], [ -110.946694548304293, 32.2103002689908 ], [ -110.946828049274117, 32.210409432791039 ], [ -110.947194721625792, 32.210705712409016 ], [ -110.94720965310519, 32.210717776988531 ], [ -110.947659129251164, 32.211054276720965 ], [ -110.94830395802596, 32.211512490938922 ], [ -110.948629443085053, 32.211695391015837 ], [ -110.948686477040923, 32.211727438488673 ], [ -110.948712076760913, 32.211741826514761 ], [ -110.948716081693405, 32.211744077471494 ], [ -110.948723046493924, 32.211747998724299 ], [ -110.948723177244119, 32.211748072773197 ], [ -110.948728420314524, 32.211751003265185 ], [ -110.948976164654553, 32.211781959403758 ], [ -110.952150584889665, 32.212131767589391 ] ], [ [ -110.960965864534344, 32.203222611114157 ], [ -110.960965657692583, 32.203222612256148 ], [ -110.960965552676114, 32.203222613266007 ], [ -110.960914476167559, 32.203222830503385 ], [ -110.960913800414048, 32.202765967885483 ], [ -110.960913186233938, 32.20269496689879 ], [ -110.960904179117762, 32.201647208222631 ], [ -110.960895452395448, 32.2006320660889 ], [ -110.96088790754051, 32.19975423688426 ], [ -110.960886577094669, 32.19960758966117 ], [ -110.960885563909841, 32.199495318894506 ], [ -110.960884572035411, 32.199203684688555 ], [ -110.960882512317951, 32.199053647381398 ], [ -110.960882512256788, 32.199053551787195 ], [ -110.960882507887703, 32.199053259562014 ], [ -110.960913289996469, 32.199052668868006 ], [ -110.96091463937222, 32.199052642994346 ], [ -110.960933115965872, 32.197150032375028 ], [ -110.960982395090369, 32.196649354609839 ], [ -110.961063069431489, 32.196063703008605 ], [ -110.961232654875488, 32.195124356913148 ], [ -110.961503765763197, 32.193622600768379 ], [ -110.961534540286124, 32.193364877789726 ], [ -110.961582345523567, 32.192908083910829 ], [ -110.96160776379557, 32.192544149041233 ], [ -110.961619785182876, 32.192423097184353 ], [ -110.961628083104813, 32.192339604521919 ], [ -110.961639386572969, 32.190696352177042 ], [ -110.961611308663208, 32.188742104729869 ], [ -110.961611222725509, 32.188730937631817 ], [ -110.961596276577239, 32.186215609127899 ], [ -110.961594716117844, 32.185963795709043 ], [ -110.961594711045549, 32.185963672120081 ], [ -110.961594496809738, 32.185928535221876 ], [ -110.961594487591, 32.185927590034858 ], [ -110.961594431275486, 32.185917952658677 ], [ -110.961594409530463, 32.185914347881628 ], [ -110.961594373137558, 32.185912044334003 ], [ -110.961594374446406, 32.185911918989618 ], [ -110.962511308192802, 32.186197213160185 ], [ -110.962653956500574, 32.186241598741596 ], [ -110.963320314567056, 32.186426901066781 ], [ -110.963318586828777, 32.18626647868885 ], [ -110.963318560819545, 32.186264090447665 ], [ -110.963318496884995, 32.186258117147418 ], [ -110.963318393496564, 32.186248501961288 ], [ -110.963318389693569, 32.186247544189463 ], [ -110.963318179807743, 32.186226272051172 ], [ -110.963318180345723, 32.186223880402792 ], [ -110.96331830517984, 32.186223909300502 ], [ -110.96331852952099, 32.186223955181255 ], [ -110.963318519355681, 32.186222997361419 ], [ -110.963318415254577, 32.186213348802191 ], [ -110.96331837744205, 32.186209752921989 ], [ -110.963318352624768, 32.186207352064123 ], [ -110.963596299764063, 32.186268169571392 ], [ -110.963838375940171, 32.186321137250324 ], [ -110.965130680030171, 32.186672058761836 ], [ -110.96524707370088, 32.1867060838863 ], [ -110.965368341414973, 32.186741535286295 ], [ -110.966019181433509, 32.186884382971343 ], [ -110.966641817267259, 32.187350427027276 ], [ -110.966932216271303, 32.187497004640022 ], [ -110.967347753760421, 32.187693827637837 ], [ -110.967350001163041, 32.187691864088897 ], [ -110.967352238918977, 32.187689910387633 ], [ -110.967356922886239, 32.187686251651122 ], [ -110.967362009250394, 32.18768285385827 ], [ -110.967367293524745, 32.187679801147972 ], [ -110.967372776598538, 32.187677007853083 ], [ -110.967375622501621, 32.187675824369855 ], [ -110.967378457753824, 32.187674645315809 ], [ -110.967384338778373, 32.187672541300067 ], [ -110.967390417703953, 32.18767078326853 ], [ -110.967393461691302, 32.187670132449597 ], [ -110.967396693650826, 32.187669455986644 ], [ -110.967402967091928, 32.187668472282823 ], [ -110.967406004397461, 32.187668158697861 ], [ -110.967409235906558, 32.187667832141223 ], [ -110.967412469794738, 32.187667685066522 ], [ -110.967415702803123, 32.187667622757147 ], [ -110.967422166124379, 32.187667757844984 ], [ -110.967428424412475, 32.187668234088939 ], [ -110.96743165206739, 32.187668687585756 ], [ -110.967437903052655, 32.18766976529507 ], [ -110.967444151532646, 32.187671186582492 ], [ -110.967449990483772, 32.187673034066982 ], [ -110.967456029295548, 32.187675140974626 ], [ -110.96746165962962, 32.187677674989125 ], [ -110.967464473463124, 32.187679070497033 ], [ -110.967469695338394, 32.187682029814731 ], [ -110.967474913638952, 32.187685333604506 ], [ -110.967479725258812, 32.187688891363344 ], [ -110.967481906919431, 32.187690809696775 ], [ -110.967484129299507, 32.187692789660233 ], [ -110.967488329187262, 32.187696944348168 ], [ -110.967492122213613, 32.187701268231912 ], [ -110.967493898490929, 32.187703519905256 ], [ -110.967495711096348, 32.187705847604974 ], [ -110.967498692701255, 32.187710594669767 ], [ -110.967500080371437, 32.187713095938882 ], [ -110.967501469102089, 32.187715597215956 ], [ -110.967503638053643, 32.187720681778806 ], [ -110.967505403162761, 32.187725848984599 ], [ -110.967506183555059, 32.187728517945523 ], [ -110.967506962915067, 32.187731184193169 ], [ -110.967507918208995, 32.187736517570706 ], [ -110.96750829369833, 32.187739269166642 ], [ -110.967508465474836, 32.187741928148881 ], [ -110.967508641542665, 32.187744684560933 ], [ -110.967508617849816, 32.187747069723478 ], [ -110.967508615194888, 32.187747427730059 ], [ -110.967584220289325, 32.187748674206318 ], [ -110.96808985044828, 32.187757009294664 ], [ -110.968091955089818, 32.187757050331676 ], [ -110.968334463894223, 32.187760346221722 ], [ -110.96861350454293, 32.187764139160549 ], [ -110.969840414823793, 32.187761733891804 ], [ -110.970156755275383, 32.187761202433038 ], [ -110.970515384458366, 32.187760601482182 ], [ -110.970898196759364, 32.187921543971001 ], [ -110.97124032438866, 32.188065380978642 ], [ -110.971581719590276, 32.188243768835306 ], [ -110.972378057346162, 32.188678183250978 ], [ -110.972823848998502, 32.188681834799972 ], [ -110.973087092404683, 32.188683985827673 ], [ -110.973087588679846, 32.188683989530411 ], [ -110.973087403657289, 32.188657210096721 ], [ -110.973087407057591, 32.188654824780379 ], [ -110.973087512066741, 32.188654822858375 ], [ -110.973087697695476, 32.188654818832376 ], [ -110.973087690572271, 32.188653864642525 ], [ -110.973087621014557, 32.188644263235958 ], [ -110.973087595358251, 32.188640685482881 ], [ -110.973087577596729, 32.188638295499516 ], [ -110.973117098504929, 32.188637901606484 ], [ -110.973173114292308, 32.188637155254391 ], [ -110.974409405152286, 32.188620663916382 ], [ -110.974496612412622, 32.188619494639767 ], [ -110.974496619606811, 32.188621884544638 ], [ -110.974496629727895, 32.18862543152008 ], [ -110.974496657742904, 32.188635065084014 ], [ -110.974496659578747, 32.188636019234536 ], [ -110.97481625302882, 32.188631737046634 ], [ -110.974828607421458, 32.18863157113028 ], [ -110.974848499813206, 32.188631304430785 ], [ -110.974850475806448, 32.188631276760205 ], [ -110.975098729230425, 32.18862794967982 ], [ -110.97511319218664, 32.188627755244475 ], [ -110.975136477566707, 32.188627444319557 ], [ -110.975138790856064, 32.188627411039086 ], [ -110.975136487416634, 32.188626487550465 ], [ -110.97511330090046, 32.188617195615855 ], [ -110.975104660602625, 32.188613734091902 ], [ -110.975098889862153, 32.18861142031826 ], [ -110.975410374624715, 32.188607243997133 ], [ -110.975937269988123, 32.188605839100035 ], [ -110.976144539634873, 32.188606606936453 ], [ -110.977455670018742, 32.1885880892656 ], [ -110.977453461724465, 32.189052297576438 ], [ -110.977453434894812, 32.18905325782714 ], [ -110.977453389370396, 32.189062853872137 ], [ -110.977453362070634, 32.18906881657562 ], [ -110.977453323789959, 32.189071201634171 ], [ -110.977452929635731, 32.18916647985089 ], [ -110.977452876341715, 32.189167435395881 ], [ -110.977452832854382, 32.189177039572328 ], [ -110.977452804456902, 32.189183005874831 ], [ -110.977452793747119, 32.189185391138103 ], [ -110.977451924037169, 32.189373339769141 ], [ -110.977451917401737, 32.18937429566062 ], [ -110.977451873913637, 32.189383899836727 ], [ -110.977451845534205, 32.189389864335553 ], [ -110.977451834824222, 32.189392249598711 ], [ -110.977451487172075, 32.189467509314042 ], [ -110.977445291962468, 32.190306786435023 ], [ -110.97744545704299, 32.190383543379319 ], [ -110.97744545570005, 32.190384500211785 ], [ -110.97744547583433, 32.190394104858896 ], [ -110.977445488818802, 32.190400068762138 ], [ -110.977445492944739, 32.19040245503696 ], [ -110.977449592156574, 32.19233312628419 ], [ -110.977449590794606, 32.192334084919878 ], [ -110.977449611799628, 32.192343707607179 ], [ -110.977449624633138, 32.19234968593684 ], [ -110.97744962976283, 32.192352077629359 ], [ -110.977449926240524, 32.192491413541909 ], [ -110.977453754137329, 32.192885804307018 ], [ -110.977454535390891, 32.192944591415511 ], [ -110.977454535330082, 32.192945526613187 ], [ -110.977454533171851, 32.192945943242819 ], [ -110.977454531740747, 32.192946185824553 ], [ -110.977454530740417, 32.192946283214809 ], [ -110.977454187216651, 32.192977146710824 ], [ -110.977454183109003, 32.192977236863349 ], [ -110.977454174189376, 32.192978105259769 ], [ -110.97745415626693, 32.192979643649345 ], [ -110.977454065297451, 32.1929877774839 ], [ -110.977453996187037, 32.192993783161064 ], [ -110.977453969557985, 32.192996169206538 ], [ -110.977450351388327, 32.193316209149032 ], [ -110.977450348831709, 32.193316664554352 ], [ -110.977450345858131, 32.193317367058128 ], [ -110.977450344523675, 32.193318322988382 ], [ -110.977450236116837, 32.193327225052471 ], [ -110.977450174220664, 32.193332734776206 ], [ -110.977450149712126, 32.193335120837283 ], [ -110.9774505603351, 32.193511558876267 ], [ -110.977460539571126, 32.194349497342962 ], [ -110.977461034422973, 32.194406636471079 ], [ -110.977461037117209, 32.19440761317319 ], [ -110.977461121890585, 32.194417532131361 ], [ -110.977461175279188, 32.19442369202816 ], [ -110.977461196625356, 32.19442615688866 ], [ -110.977462008278323, 32.194521218524827 ], [ -110.977461073091177, 32.194681128614953 ], [ -110.977461104947395, 32.194681228052886 ], [ -110.97746104205352, 32.194682085226248 ], [ -110.97746098402196, 32.1946917614329 ], [ -110.977460947736631, 32.194697771861428 ], [ -110.977460933655948, 32.194700175134244 ], [ -110.977459442890591, 32.194948035684597 ], [ -110.977459547294799, 32.194984539837989 ], [ -110.977459589100434, 32.194986871379371 ], [ -110.977459593750609, 32.194990238847581 ], [ -110.97745960573819, 32.194995886196821 ], [ -110.977459750122748, 32.194995665419 ], [ -110.977459828853966, 32.194995537943875 ], [ -110.97745984525001, 32.195001375612037 ], [ -110.977459871709584, 32.195010776485717 ], [ -110.977459874811231, 32.19501171351024 ], [ -110.97746015648444, 32.195109944741759 ], [ -110.977460837003207, 32.195346210340965 ], [ -110.977463441893136, 32.196249703734118 ], [ -110.977466029412199, 32.197147436885956 ], [ -110.977465790745939, 32.197146923775755 ], [ -110.97746577405988, 32.197149786961511 ], [ -110.977465775170458, 32.197150298307264 ], [ -110.977466328784033, 32.197256949205773 ], [ -110.977466345775312, 32.197257050336916 ], [ -110.977466358765355, 32.197257127990753 ], [ -110.977466359833812, 32.197260534209896 ], [ -110.977466358842591, 32.19726063069831 ], [ -110.977466432264833, 32.197286520973705 ], [ -110.97746645269703, 32.197286596879174 ], [ -110.977466443748995, 32.197287054942237 ], [ -110.977466542859091, 32.197321181819888 ], [ -110.977466543998162, 32.197321277422304 ], [ -110.977468723895342, 32.198077585173351 ], [ -110.977468725034413, 32.198077680775747 ], [ -110.977472065407525, 32.19895206458731 ], [ -110.977472065486054, 32.198952160181825 ], [ -110.977475601427329, 32.19950542459533 ], [ -110.977475601441, 32.199505526502165 ], [ -110.977476179733387, 32.199594698286496 ], [ -110.977476181636533, 32.199594822753113 ], [ -110.977585869254767, 32.199595356962789 ], [ -110.977596372484015, 32.201309995686721 ], [ -110.977599295756917, 32.201788106830698 ], [ -110.977607363405497, 32.203108339941586 ], [ -110.977607351936101, 32.203109456320725 ], [ -110.976013506087114, 32.203131024098475 ], [ -110.975913431624292, 32.203129120684608 ], [ -110.975851690808483, 32.203127929904191 ], [ -110.974731616819682, 32.203134880997339 ], [ -110.974670159332007, 32.203134091260779 ], [ -110.974665706186087, 32.203134033733946 ], [ -110.974651184300654, 32.203133857000779 ], [ -110.974477462831572, 32.203131612947594 ], [ -110.97320598696156, 32.203144551158914 ], [ -110.973069884929885, 32.20314500999369 ], [ -110.972279726398781, 32.203147600392022 ], [ -110.971666449794981, 32.203150920915661 ], [ -110.971533601034366, 32.203152796637802 ], [ -110.971418893586602, 32.203154395711429 ], [ -110.969992291527419, 32.203174223944011 ], [ -110.969974287305433, 32.203174474219622 ], [ -110.969900217738541, 32.203175503213636 ], [ -110.96927680959223, 32.203180457863446 ], [ -110.969125324417803, 32.203181661134472 ], [ -110.968592599065587, 32.203185891432192 ], [ -110.96858725464854, 32.203186273412911 ], [ -110.968585734639106, 32.203186382860132 ], [ -110.968459249531207, 32.203195442839224 ], [ -110.968344700510769, 32.20320364349412 ], [ -110.968008904846727, 32.203202141716346 ], [ -110.967070939677427, 32.203203353280486 ], [ -110.966937304284045, 32.203201916670302 ], [ -110.96686492190554, 32.203201137571625 ], [ -110.96685997127048, 32.203201084149057 ], [ -110.966806278994497, 32.203200499527426 ], [ -110.965540059008802, 32.203212720108468 ], [ -110.965403330491696, 32.203211206302335 ], [ -110.965270738191364, 32.20320972978498 ], [ -110.964154290383405, 32.203201100274704 ], [ -110.963985961430936, 32.203199797782958 ], [ -110.963926242819937, 32.203202641271574 ], [ -110.963862838537125, 32.203205674297834 ], [ -110.963848198467247, 32.203206357580036 ], [ -110.963800804544206, 32.203208613908998 ], [ -110.963727402911843, 32.20321210811089 ], [ -110.963419338577509, 32.203214676494667 ], [ -110.963075036614384, 32.203217547093757 ], [ -110.962450494026214, 32.203222749900242 ], [ -110.962353650035155, 32.203220605817748 ], [ -110.962205860651892, 32.203217296105272 ], [ -110.960965864534344, 32.203222611114157 ] ] ], [ [ [ -110.936662782265671, 32.107002870954958 ], [ -110.938543998594255, 32.108609456109271 ], [ -110.941246479650218, 32.110916871927408 ], [ -110.957089578642353, 32.110931563292723 ], [ -110.959553694964725, 32.110927785691473 ], [ -110.959333398467365, 32.1064244307737 ], [ -110.957506400341472, 32.106427993082271 ], [ -110.956192351058931, 32.106431161005339 ], [ -110.956215929291645, 32.105465958825924 ], [ -110.959275592820632, 32.105455152942113 ], [ -110.959257285022858, 32.105154611468663 ], [ -110.958463841639997, 32.092357958540376 ], [ -110.958237313803366, 32.092360715193792 ], [ -110.958075109607535, 32.089865178608079 ], [ -110.957605775597202, 32.089868756123707 ], [ -110.956411729854878, 32.089878693272304 ], [ -110.956393606978409, 32.089878844481667 ], [ -110.956397107158978, 32.088191179342886 ], [ -110.956399289514707, 32.087182664396309 ], [ -110.956400198537523, 32.086762105057311 ], [ -110.956400767710733, 32.086498824496303 ], [ -110.956401039927087, 32.086373126811111 ], [ -110.956411827336282, 32.086268148403029 ], [ -110.956417228212871, 32.086156780189327 ], [ -110.956383326726524, 32.086118124551433 ], [ -110.956349386628318, 32.086083163461922 ], [ -110.956330971361609, 32.085991625701844 ], [ -110.956343005020599, 32.085863812159836 ], [ -110.956327743869281, 32.085682791303277 ], [ -110.956325873160409, 32.085611586547074 ], [ -110.956316571789316, 32.085257362326566 ], [ -110.956321985619084, 32.085093912767924 ], [ -110.956363861679478, 32.083187503931491 ], [ -110.956366291827194, 32.083076873401708 ], [ -110.95672301274513, 32.083062726770891 ], [ -110.956580383650476, 32.081227496718959 ], [ -110.956559729495382, 32.08096414077103 ], [ -110.956299677171231, 32.080882196117983 ], [ -110.956516748183191, 32.080230911100209 ], [ -110.958052527297653, 32.080193147388719 ], [ -110.957812372364458, 32.076153278093628 ], [ -110.957812294059408, 32.076151951789825 ], [ -110.957733199822954, 32.076106185237698 ], [ -110.957733197055418, 32.076107464933905 ], [ -110.957731237358871, 32.077221388326954 ], [ -110.956176744849856, 32.077220179794963 ], [ -110.956116601623435, 32.075744454766713 ], [ -110.956111803964546, 32.075670367063964 ], [ -110.95541969833603, 32.075670438318419 ], [ -110.942247341175189, 32.075655537058175 ], [ -110.941493879536111, 32.075658674037776 ], [ -110.941467919817811, 32.075658783571726 ], [ -110.940736180655946, 32.075661859573223 ], [ -110.939986754328928, 32.075665018667785 ], [ -110.939960184497096, 32.075665130404523 ], [ -110.93923571400272, 32.075668160876972 ], [ -110.938492932504644, 32.075672565448698 ], [ -110.938491540742007, 32.075672564624476 ], [ -110.937681914924966, 32.075671711904725 ], [ -110.937681604589599, 32.075671711310619 ], [ -110.937032376243138, 32.07566385802064 ], [ -110.936706222001689, 32.075671901893195 ], [ -110.936322041982564, 32.075671936743056 ], [ -110.936275346579151, 32.075671947002093 ], [ -110.93557627989469, 32.075672091349851 ], [ -110.934775506002396, 32.075672232822114 ], [ -110.934773818723528, 32.075672232372511 ], [ -110.933974788117808, 32.075672394015925 ], [ -110.933171117729174, 32.075672515506469 ], [ -110.933122294455217, 32.075672524319593 ], [ -110.932770593224873, 32.075672584066425 ], [ -110.932368052232547, 32.075672635694971 ], [ -110.931968537116745, 32.075672709560038 ], [ -110.931569626769857, 32.075672787768752 ], [ -110.930864426701618, 32.075672542781447 ], [ -110.93054360655475, 32.075672365843005 ], [ -110.930536407280798, 32.07567236482457 ], [ -110.930202405584978, 32.075672286443506 ], [ -110.929849907244233, 32.075672119040192 ], [ -110.92950668874785, 32.075672022053524 ], [ -110.92916710390044, 32.075671866781477 ], [ -110.928540425352267, 32.075672541857308 ], [ -110.927811766291228, 32.07567332252637 ], [ -110.927472807577971, 32.075671192566986 ], [ -110.927474692742905, 32.074540586424646 ], [ -110.927475485299851, 32.074167184423153 ], [ -110.927475583646483, 32.073783295783009 ], [ -110.927476570339849, 32.073391855724424 ], [ -110.927477669576461, 32.072633879372418 ], [ -110.927478519236615, 32.072255151432202 ], [ -110.927479068278942, 32.071904338525272 ], [ -110.927479913222072, 32.071526039782228 ], [ -110.927481860517005, 32.070445685821582 ], [ -110.927481922061517, 32.070416065314852 ], [ -110.927485018598531, 32.068934292330709 ], [ -110.927488933152432, 32.066883965389088 ], [ -110.927491434304869, 32.06665162349131 ], [ -110.92749100112502, 32.06588590380052 ], [ -110.92748981494465, 32.06390329962818 ], [ -110.92748981163048, 32.063897212165458 ], [ -110.927494007114674, 32.063826119299925 ], [ -110.927495444682307, 32.063130250766989 ], [ -110.927493420459342, 32.062268652363528 ], [ -110.927493414666017, 32.062256104078642 ], [ -110.927493083612575, 32.061343930802686 ], [ -110.927492676853063, 32.060463270809336 ], [ -110.927492668671775, 32.060445236591548 ], [ -110.92749193635251, 32.059519823579521 ], [ -110.944900579773829, 32.059736018897134 ], [ -110.951271118538401, 32.059679991030961 ], [ -110.95138192698208, 32.059679025922549 ], [ -110.951492044906402, 32.059678065378932 ], [ -110.953277813388524, 32.059662274486243 ], [ -110.953268224028079, 32.058998874796828 ], [ -110.953255681663308, 32.058136077820627 ], [ -110.953237127257125, 32.056865204512675 ], [ -110.953215847631014, 32.055411599712123 ], [ -110.950973685185758, 32.048836002064938 ], [ -110.950012434625663, 32.048842763281172 ], [ -110.94988123400492, 32.048841675240531 ], [ -110.949755470270233, 32.048840631240722 ], [ -110.948945970866461, 32.048841756290059 ], [ -110.948947821246676, 32.048033356412667 ], [ -110.948949299000645, 32.047317898878269 ], [ -110.94896251975544, 32.047087091710239 ], [ -110.948975740295424, 32.046856297156076 ], [ -110.948962045947766, 32.046566620235417 ], [ -110.948939924780689, 32.046119422715321 ], [ -110.948896816593191, 32.045251321487747 ], [ -110.947753657569933, 32.045258653144515 ], [ -110.947664578759216, 32.045259243885447 ], [ -110.947524904108207, 32.045260169254583 ], [ -110.944673360371709, 32.045278366964268 ], [ -110.944627318920993, 32.033764588945992 ], [ -110.944624036337672, 32.032943818285744 ], [ -110.944614938300191, 32.030669418016615 ], [ -110.944618022608708, 32.029747464100559 ], [ -110.944601449087997, 32.028610987056155 ], [ -110.944639336860646, 32.023358375917319 ], [ -110.942581703400208, 32.023360944174733 ], [ -110.941802144433353, 32.023359970972244 ], [ -110.941593426957823, 32.023359826451916 ], [ -110.940505144476873, 32.023353880171399 ], [ -110.940496864880487, 32.020217391833704 ], [ -110.940432740602333, 32.019532695224946 ], [ -110.940341001345686, 32.016083480855421 ], [ -110.940113385039382, 32.016084630677206 ], [ -110.939784109097118, 32.016084200801942 ], [ -110.927456633451513, 32.016062419787239 ], [ -110.927551033406289, 32.001565070350971 ], [ -110.910377042492485, 32.001277897352331 ], [ -110.902652201275615, 32.0012843516622 ], [ -110.891639563561554, 32.001287153187519 ], [ -110.891303264085821, 32.030575218909078 ], [ -110.893264753066305, 32.030551851233795 ], [ -110.910326595111499, 32.03072414321209 ], [ -110.910281608253072, 32.045160849541958 ], [ -110.910283569579391, 32.04895798833136 ], [ -110.910288933947498, 32.059382071803249 ], [ -110.910289196329074, 32.059597683335419 ], [ -110.910288783744235, 32.059633430840826 ], [ -110.910267661003218, 32.061467628213776 ], [ -110.909243361047359, 32.061462209194183 ], [ -110.908339605509411, 32.061457341509652 ], [ -110.907454005531605, 32.061452611956426 ], [ -110.906417108068155, 32.061447013859919 ], [ -110.905290440951333, 32.061440947951304 ], [ -110.904404640577567, 32.061436109812192 ], [ -110.903513192294071, 32.061431305103113 ], [ -110.902615691461605, 32.061426446596016 ], [ -110.901712139268213, 32.061421618944756 ], [ -110.899907053797861, 32.061411789161212 ], [ -110.898090469667139, 32.061401926021652 ], [ -110.897089282249112, 32.061396452920064 ], [ -110.896129650329726, 32.061391219965209 ], [ -110.895174255469342, 32.061386013893937 ], [ -110.894226122990048, 32.061380860110923 ], [ -110.893338309800754, 32.061375927471971 ], [ -110.893347986221698, 32.059576228418116 ], [ -110.893348106653207, 32.059553806968815 ], [ -110.893052299585591, 32.059553544743622 ], [ -110.892846186370036, 32.05955336070754 ], [ -110.891053728252942, 32.059554416801546 ], [ -110.88885032728588, 32.059555722016974 ], [ -110.887529740343311, 32.059556430917816 ], [ -110.886170015317447, 32.059557236205066 ], [ -110.884546012696674, 32.059558108828732 ], [ -110.876279378652299, 32.059562381067224 ], [ -110.876134755434933, 32.067408436311091 ], [ -110.880164721368132, 32.067441383594378 ], [ -110.880033995355333, 32.075930366124183 ], [ -110.89244162281706, 32.075922521686678 ], [ -110.892441917367037, 32.075849465384373 ], [ -110.892442834800008, 32.075621851045696 ], [ -110.892446752502138, 32.075379735068815 ], [ -110.892447748517839, 32.075302376356895 ], [ -110.892448794943832, 32.075221066203234 ], [ -110.89244994749869, 32.075131567327453 ], [ -110.892451002627084, 32.075049570944209 ], [ -110.892452110510789, 32.074963507702812 ], [ -110.892452995921772, 32.0748947371847 ], [ -110.89245413100825, 32.074806613464112 ], [ -110.892455061784958, 32.074734248589742 ], [ -110.892455139006017, 32.074728272741851 ], [ -110.892455155337643, 32.074726618003432 ], [ -110.892455149653316, 32.07472532291996 ], [ -110.892455027839645, 32.074701765057632 ], [ -110.892454835558453, 32.074664198395418 ], [ -110.892454585287467, 32.074615493580261 ], [ -110.89245436700719, 32.074572944059234 ], [ -110.892454096967469, 32.074520312486335 ], [ -110.892453750989432, 32.074453022745928 ], [ -110.892453577629681, 32.074419173606472 ], [ -110.892453568057391, 32.074417182273478 ], [ -110.892453626081192, 32.074414828046635 ], [ -110.892454125706792, 32.074396615883991 ], [ -110.892455448774612, 32.07434843783161 ], [ -110.892456366338408, 32.074314969968427 ], [ -110.892457438557045, 32.07427589573394 ], [ -110.892458415854762, 32.07424030001831 ], [ -110.892459275887859, 32.07420895190787 ], [ -110.892460128979252, 32.074177846335225 ], [ -110.89246127290356, 32.074136140217753 ], [ -110.892461956219648, 32.074111237007983 ], [ -110.892462068509261, 32.074107245483994 ], [ -110.892463234097761, 32.074087820321992 ], [ -110.892463625356328, 32.07408132214286 ], [ -110.892463901164035, 32.074076724102575 ], [ -110.892464223724446, 32.074071352664205 ], [ -110.892464352410101, 32.074069215449256 ], [ -110.892464738828977, 32.074062771341211 ], [ -110.89246528908339, 32.074053602304694 ], [ -110.89246566616832, 32.074047330372025 ], [ -110.892466142281776, 32.074039396252687 ], [ -110.892466798934237, 32.074028474003519 ], [ -110.892467445364574, 32.074017708591299 ], [ -110.892468370272994, 32.074002295559289 ], [ -110.892469298790544, 32.073986843777405 ], [ -110.892470175484348, 32.073972240205038 ], [ -110.892471135169544, 32.073956272824347 ], [ -110.892472067938883, 32.073940724580169 ], [ -110.892473044618399, 32.073924467847078 ], [ -110.892474073422363, 32.073907335851672 ], [ -110.892475134714672, 32.073889664820378 ], [ -110.892476141471931, 32.073872895185062 ], [ -110.892477499314637, 32.073850285386492 ], [ -110.892478583911142, 32.073832233968211 ], [ -110.892479463202008, 32.073817587128232 ], [ -110.892480720255548, 32.073797082303848 ], [ -110.892481239698512, 32.073791436494488 ], [ -110.892481717955604, 32.073786254798193 ], [ -110.892482102436006, 32.073782074284658 ], [ -110.892482473517319, 32.073778050582476 ], [ -110.892482843519446, 32.073774028675203 ], [ -110.892483120643121, 32.073771022387376 ], [ -110.892483397696424, 32.073768022411819 ], [ -110.89248379663475, 32.073763685095543 ], [ -110.892484188263538, 32.073759433394677 ], [ -110.892484531638331, 32.073755709780173 ], [ -110.89248492437639, 32.073751453579064 ], [ -110.892485229316847, 32.073748137284191 ], [ -110.892485551024492, 32.073744647070264 ], [ -110.892485913696703, 32.073740712581923 ], [ -110.892486288417302, 32.073736647424596 ], [ -110.892486734318965, 32.073731802753713 ], [ -110.892487106700159, 32.073727757417878 ], [ -110.892487612703007, 32.073722272026743 ], [ -110.892488199485356, 32.073715906193911 ], [ -110.892488796026967, 32.073709425004843 ], [ -110.892489245457398, 32.073704548798162 ], [ -110.892489752689912, 32.073699048085722 ], [ -110.892490127430207, 32.073694981124824 ], [ -110.892490525107661, 32.073690661835009 ], [ -110.892490923894414, 32.073686338044965 ], [ -110.892491310703107, 32.073682138611595 ], [ -110.892491728827508, 32.073677600340659 ], [ -110.892492189065933, 32.073672609688032 ], [ -110.892492484397238, 32.073669395222964 ], [ -110.89249293858623, 32.073664472159173 ], [ -110.892493342202116, 32.073660095199763 ], [ -110.8924937170828, 32.073656015614254 ], [ -110.892494149634842, 32.073651323245805 ], [ -110.892494576238036, 32.073646689448687 ], [ -110.892494940089051, 32.073642744147705 ], [ -110.89249538225954, 32.07363794904758 ], [ -110.892495655792899, 32.073634979705943 ], [ -110.892496027003546, 32.073630944280758 ], [ -110.892496335331387, 32.073627609074563 ], [ -110.892496811327618, 32.07362243998552 ], [ -110.892497172889406, 32.073618509997246 ], [ -110.89249764635521, 32.073613377863047 ], [ -110.892498006888019, 32.07360944516094 ], [ -110.892498293448185, 32.073606352372892 ], [ -110.892498556162934, 32.073603498378922 ], [ -110.892498824796292, 32.073600588518886 ], [ -110.892499110357647, 32.073597490311769 ], [ -110.892499398469411, 32.073594353346266 ], [ -110.892499649095498, 32.073591633628226 ], [ -110.892500040581865, 32.07358739455178 ], [ -110.892500461135057, 32.073582828343412 ], [ -110.89250074430673, 32.073579754466557 ], [ -110.892501008281442, 32.073576882445984 ], [ -110.892501280463748, 32.07357393924665 ], [ -110.892501586622771, 32.073570608532066 ], [ -110.892501997527049, 32.073566147760623 ], [ -110.892502293886437, 32.073562936009317 ], [ -110.892502597525095, 32.073559641347828 ], [ -110.892502862598931, 32.073556765728782 ], [ -110.892503140971186, 32.073553742315958 ], [ -110.892503476005857, 32.073550101602876 ], [ -110.892503784393384, 32.07354676098609 ], [ -110.892504059146034, 32.073543777224835 ], [ -110.892504356825711, 32.073540542036383 ], [ -110.892505049691152, 32.073533020905813 ], [ -110.89250561961309, 32.073526837107451 ], [ -110.892506531768177, 32.07351693689985 ], [ -110.89250719452744, 32.073509741088998 ], [ -110.892508162054213, 32.073499244312856 ], [ -110.892508933238133, 32.073490873383001 ], [ -110.892509110343596, 32.07348895300003 ], [ -110.892509376446526, 32.073486650055692 ], [ -110.89253526438732, 32.073262429961602 ], [ -110.892535646584719, 32.073259118799911 ], [ -110.89253611794615, 32.073255030073597 ], [ -110.892536921039408, 32.073248071677781 ], [ -110.892537464918377, 32.073243368484746 ], [ -110.89253815196578, 32.073237413797337 ], [ -110.892538882279695, 32.073231093313822 ], [ -110.892539656121457, 32.073224383588531 ], [ -110.892540328992141, 32.073218560454706 ], [ -110.892541157836831, 32.073211382218751 ], [ -110.892541728777857, 32.073206436650274 ], [ -110.892542595121114, 32.073198934957865 ], [ -110.892543076465756, 32.0731948057295 ], [ -110.892544480434609, 32.073185631867503 ], [ -110.892545834145452, 32.073176785867894 ], [ -110.892546878373651, 32.07316995387437 ], [ -110.892548146361705, 32.073161671731818 ], [ -110.892549511466555, 32.073152753677292 ], [ -110.892550756724845, 32.073144610233868 ], [ -110.892551926536086, 32.073136963994635 ], [ -110.892553881098451, 32.073124194449306 ], [ -110.892556053963844, 32.073109989140178 ], [ -110.892558035912614, 32.073097043056002 ], [ -110.892560212185003, 32.073082817032002 ], [ -110.892561710998066, 32.073073020766799 ], [ -110.892564009434381, 32.073058002113498 ], [ -110.892566428975968, 32.073042190822342 ], [ -110.892567700499242, 32.073033876241823 ], [ -110.89256941858234, 32.073022652336988 ], [ -110.892571041927766, 32.073012040915572 ], [ -110.892572532711725, 32.07300229959727 ], [ -110.892573967520391, 32.072992923972357 ], [ -110.89257531210923, 32.072984135615961 ], [ -110.892577384472588, 32.072970584227448 ], [ -110.89257905002674, 32.072959701694032 ], [ -110.89258110854432, 32.072946252101069 ], [ -110.892582629082924, 32.072936311717022 ], [ -110.892583999907984, 32.072927354928972 ], [ -110.892585381028212, 32.072918329684477 ], [ -110.89258693921866, 32.07290814701048 ], [ -110.892587870300758, 32.072902058117329 ], [ -110.892589425368016, 32.072893865772308 ], [ -110.892643396348532, 32.072610336920441 ], [ -110.892644988730126, 32.072603356944803 ], [ -110.892647591012775, 32.072591958012588 ], [ -110.892650643203865, 32.072578584085711 ], [ -110.892706371771155, 32.072334412036277 ], [ -110.892762285882327, 32.072122789653115 ], [ -110.89278481552779, 32.072038338796169 ], [ -110.892818924280192, 32.071888729065613 ], [ -110.892824165616489, 32.071865569850786 ], [ -110.892830673487069, 32.071836820460277 ], [ -110.892837517825456, 32.071806580345495 ], [ -110.892843030953458, 32.071782221176534 ], [ -110.892851532835266, 32.071744662516934 ], [ -110.892860746618055, 32.071703952276359 ], [ -110.892871915375821, 32.071654609211329 ], [ -110.892880756588937, 32.071615586001215 ], [ -110.892889017997248, 32.071582210821404 ], [ -110.892900347068078, 32.071536442126977 ], [ -110.892908811399366, 32.071502248814738 ], [ -110.892917010666523, 32.07146912564464 ], [ -110.892929757053807, 32.071417633614146 ], [ -110.892939342620039, 32.07137891041063 ], [ -110.892949350721466, 32.071338480736223 ], [ -110.892961243119899, 32.071290436740362 ], [ -110.892968050489685, 32.071262936097938 ], [ -110.892979051182877, 32.071218494950323 ], [ -110.89298629550423, 32.071189229333584 ], [ -110.893081057978605, 32.070760580495339 ], [ -110.893077248607398, 32.075734283722511 ], [ -110.893077104167361, 32.075923657433933 ], [ -110.900672655940085, 32.075936596061851 ], [ -110.90064868296956, 32.083083282416553 ], [ -110.89644405976243, 32.083057824497011 ], [ -110.896373108300722, 32.090387344673445 ], [ -110.900619208174319, 32.090447161751534 ], [ -110.909066996047869, 32.090565746066005 ], [ -110.909082687642879, 32.092353792347801 ], [ -110.909085797421341, 32.092715773601775 ], [ -110.909089169556879, 32.093105293590781 ], [ -110.909093001862232, 32.093540812666497 ], [ -110.909096226992844, 32.09390723992329 ], [ -110.909098869227236, 32.094207382981544 ], [ -110.909101012104728, 32.094456312195341 ], [ -110.909103747815863, 32.094774188773812 ], [ -110.909111503006798, 32.095654233130183 ], [ -110.909113702250664, 32.095908060608387 ], [ -110.908846324747444, 32.095905160552228 ], [ -110.90885291386121, 32.097565743240885 ], [ -110.908853829977289, 32.097813142067459 ], [ -110.908858791425843, 32.098174734628707 ], [ -110.908877928040823, 32.099569332784 ], [ -110.908891320926841, 32.10054535677029 ], [ -110.908910908318347, 32.101972901143959 ], [ -110.908926811867119, 32.103131864818522 ], [ -110.908947930723272, 32.104682266029457 ], [ -110.908951013046732, 32.10488956100896 ], [ -110.909192294640889, 32.10489011170943 ], [ -110.909392165154117, 32.104890929601282 ], [ -110.909837341689837, 32.104892750710029 ], [ -110.921255463867496, 32.104938859710018 ], [ -110.915259127231494, 32.099733214377643 ], [ -110.919937388434903, 32.095908300235038 ], [ -110.924453437856343, 32.099813098163715 ], [ -110.931145177886037, 32.105357555521785 ], [ -110.936862389307095, 32.1053414464754 ], [ -110.937734666828391, 32.106086416775362 ], [ -110.936662782265671, 32.107002870954958 ] ] ], [ [ [ -110.892975213932019, 32.148930077003811 ], [ -110.893016748996118, 32.148952079369423 ], [ -110.893134106347816, 32.149014246406011 ], [ -110.893223622485536, 32.149014344517219 ], [ -110.893694408003924, 32.149014858473585 ], [ -110.895029596841383, 32.149016305265214 ], [ -110.89501422776128, 32.14845176835091 ], [ -110.895454638504745, 32.148441942662103 ], [ -110.895883247158466, 32.148432379168113 ], [ -110.896238455414917, 32.148424451699704 ], [ -110.895796233690518, 32.147915884520458 ], [ -110.895450727363027, 32.147517274191166 ], [ -110.895110399546695, 32.14708924114079 ], [ -110.894533610775127, 32.146249600246449 ], [ -110.894418512143474, 32.146082329476258 ], [ -110.893997762418223, 32.145442933725093 ], [ -110.89359934450377, 32.144793409228051 ], [ -110.893195548468512, 32.144083452735075 ], [ -110.892805883656365, 32.143338305441098 ], [ -110.892429042788791, 32.142548335290194 ], [ -110.892091775690758, 32.141903595413659 ], [ -110.892057394582821, 32.139687550179573 ], [ -110.891994894820485, 32.135634496120126 ], [ -110.891940296535367, 32.135479521336606 ], [ -110.891898651732774, 32.13532164560592 ], [ -110.891776962441256, 32.134648327486516 ], [ -110.891746884897856, 32.134387874891914 ], [ -110.891722660229732, 32.134178105537707 ], [ -110.891911135755606, 32.134181303510111 ], [ -110.892217716182827, 32.134181483656945 ], [ -110.892259310720945, 32.119331836982859 ], [ -110.892103161130649, 32.119316834100779 ], [ -110.883734692464742, 32.119286008216662 ], [ -110.883718883978162, 32.120407454753725 ], [ -110.883696054694383, 32.122026832071477 ], [ -110.883681079130696, 32.123089041066343 ], [ -110.878345686437285, 32.12301932682297 ], [ -110.875281128157141, 32.123003062620185 ], [ -110.875280961794601, 32.123006700127505 ], [ -110.875219523965754, 32.124355107358518 ], [ -110.875212578238433, 32.124607197648288 ], [ -110.875208531402947, 32.124754101851316 ], [ -110.875198684002314, 32.12492120526565 ], [ -110.875185023115179, 32.125152997865058 ], [ -110.875169267898286, 32.12547361316286 ], [ -110.875162600594962, 32.125726447898529 ], [ -110.875158627779882, 32.125877081738949 ], [ -110.875157452937088, 32.125980494556295 ], [ -110.87515278818762, 32.12604082090612 ], [ -110.875143253785211, 32.126164116075763 ], [ -110.875105689488876, 32.126520715164126 ], [ -110.875100878565505, 32.126553232454711 ], [ -110.875078334250247, 32.126706474868826 ], [ -110.87499542471771, 32.12727005254068 ], [ -110.874953827762283, 32.130433025725189 ], [ -110.874891293678047, 32.13417642085048 ], [ -110.874906641365158, 32.134282717376671 ], [ -110.874908131756783, 32.134405491654512 ], [ -110.874928749122972, 32.136103355494186 ], [ -110.874928829981243, 32.136110041396485 ], [ -110.874929661417127, 32.136181043596451 ], [ -110.874930722469898, 32.136265970978215 ], [ -110.874932057672879, 32.136376010158187 ], [ -110.874932312323722, 32.136396963476976 ], [ -110.874932579622538, 32.136418948588791 ], [ -110.874932845187359, 32.136440806528761 ], [ -110.874933132881438, 32.136464540449019 ], [ -110.874933139161328, 32.136466318901654 ], [ -110.874933234421917, 32.136472949910761 ], [ -110.874933747782705, 32.136515711512146 ], [ -110.874934887102739, 32.136611281982695 ], [ -110.874938046522033, 32.136877568506975 ], [ -110.874945039041847, 32.137466955787744 ], [ -110.874945363330781, 32.137494276567139 ], [ -110.874945693485515, 32.137522106926291 ], [ -110.874946072977437, 32.137554081581442 ], [ -110.87494645439169, 32.137586260064843 ], [ -110.874946778081949, 32.137613540256638 ], [ -110.874947020363294, 32.137633996563657 ], [ -110.87494764337427, 32.137686505092276 ], [ -110.874948108488582, 32.137725678825433 ], [ -110.874948406024075, 32.137750784499197 ], [ -110.87494870679015, 32.137775885690324 ], [ -110.874961350891837, 32.138827219226336 ], [ -110.876848793738347, 32.139900757853582 ], [ -110.87809544646548, 32.140606366316369 ], [ -110.878480101486545, 32.1408240764192 ], [ -110.878727812203337, 32.140646623080514 ], [ -110.878997567500036, 32.140418152412501 ], [ -110.879128917781969, 32.140288515861933 ], [ -110.879240413566208, 32.14016848951816 ], [ -110.879371571712511, 32.140026083072911 ], [ -110.879498802743029, 32.139840296225039 ], [ -110.879625957177367, 32.139659919566988 ], [ -110.879722770864731, 32.139487236583186 ], [ -110.879804230881874, 32.139319651116324 ], [ -110.879892135561661, 32.139072661169813 ], [ -110.879963209823714, 32.138840628965482 ], [ -110.880015545971972, 32.138605007280347 ], [ -110.880281190120883, 32.137935715188689 ], [ -110.880300902052852, 32.137886050675689 ], [ -110.880879125440003, 32.138015013138563 ], [ -110.881471662502847, 32.138174545632687 ], [ -110.882266173690368, 32.13843856597299 ], [ -110.882952466924749, 32.138712521314005 ], [ -110.883432602903667, 32.138934527792856 ], [ -110.883987834218402, 32.139225629923104 ], [ -110.884316209613303, 32.139406681941196 ], [ -110.884619891649677, 32.139592313255626 ], [ -110.885008265678408, 32.139847795305506 ], [ -110.885277713236377, 32.140045831109433 ], [ -110.885601031322892, 32.140291834190528 ], [ -110.885870361519665, 32.140510047072951 ], [ -110.88616352759351, 32.140754841820765 ], [ -110.886424480792158, 32.141007447747299 ], [ -110.886651866186384, 32.141233556645027 ], [ -110.88693767233714, 32.141535865963178 ], [ -110.887277380030753, 32.14193294504625 ], [ -110.887649823087926, 32.142416173061498 ], [ -110.887924875635633, 32.142819757179147 ], [ -110.888189957507635, 32.143251185647088 ], [ -110.888387507362381, 32.143608465912664 ], [ -110.888920389513345, 32.144508734880063 ], [ -110.889490950504538, 32.145472636400932 ], [ -110.889674059227275, 32.145781974486582 ], [ -110.889814768782799, 32.146043426701951 ], [ -110.889996624774085, 32.146353700173179 ], [ -110.890191013212942, 32.14664789987409 ], [ -110.890408560251615, 32.14693874019725 ], [ -110.890550278252547, 32.147111548424903 ], [ -110.890667161821497, 32.147245275613457 ], [ -110.890784904457746, 32.147373691588562 ], [ -110.891008858731283, 32.147599956141192 ], [ -110.891105565797034, 32.147692065146558 ], [ -110.891247942848537, 32.147821560512277 ], [ -110.891283249585541, 32.14785178542683 ], [ -110.891350539413892, 32.147909350410558 ], [ -110.891356605625674, 32.147914581453946 ], [ -110.891384550924698, 32.147937677280488 ], [ -110.891437884096675, 32.147981754155779 ], [ -110.891465934469906, 32.148004936489407 ], [ -110.891864462481422, 32.148307158648912 ], [ -110.8921940432312, 32.14852651443276 ], [ -110.892748835645008, 32.1485367419087 ], [ -110.892753934396112, 32.148755027899604 ], [ -110.892754793018042, 32.148822543779076 ], [ -110.892889662892543, 32.148904895827691 ], [ -110.89292793891633, 32.148905033224594 ], [ -110.892975213932019, 32.148930077003811 ] ] ], [ [ [ -110.907268593602709, 32.166040352623931 ], [ -110.907863196078296, 32.166040972170386 ], [ -110.907889104135663, 32.166035938244846 ], [ -110.907911835788113, 32.166025898201809 ], [ -110.907931410937678, 32.166009045844035 ], [ -110.907944626676141, 32.165982780020286 ], [ -110.907945615008174, 32.165599850912102 ], [ -110.907945503562132, 32.165023467695782 ], [ -110.907942993624275, 32.164664733691289 ], [ -110.907816966740967, 32.164664502572919 ], [ -110.907815001121037, 32.164549639331462 ], [ -110.907812654953105, 32.16446930578342 ], [ -110.907806774003546, 32.16342687484633 ], [ -110.907960764742185, 32.163163692582408 ], [ -110.907981303681069, 32.163128590409869 ], [ -110.908104835237282, 32.162917464728508 ], [ -110.9080665272148, 32.160839950542318 ], [ -110.90806011401439, 32.160670506591188 ], [ -110.90804865265963, 32.160500936719814 ], [ -110.908033434330733, 32.160324034801981 ], [ -110.907996569122076, 32.160132272256121 ], [ -110.907972343375178, 32.159984762100763 ], [ -110.907930710996212, 32.159822338534788 ], [ -110.907884717543311, 32.159652578992073 ], [ -110.907834847088679, 32.15948639672758 ], [ -110.907776090472439, 32.159320229259805 ], [ -110.907716969747696, 32.159168746915164 ], [ -110.907640766239879, 32.159009741447917 ], [ -110.907554916491733, 32.158828153910001 ], [ -110.907476755439376, 32.15868184578548 ], [ -110.907374373841989, 32.158497720191022 ], [ -110.907295562342469, 32.158373826185091 ], [ -110.90719686573955, 32.158240153697314 ], [ -110.907081608940231, 32.158088223179078 ], [ -110.906979274294429, 32.157954864189556 ], [ -110.906851093150621, 32.157802831231137 ], [ -110.906726828694019, 32.157680292095854 ], [ -110.906585643981089, 32.157535541945322 ], [ -110.906461501091769, 32.157420305617165 ], [ -110.906328311726568, 32.15730138872442 ], [ -110.906163181313019, 32.157167184056618 ], [ -110.906019869379705, 32.157050591175867 ], [ -110.90587227397593, 32.156937829147736 ], [ -110.905714582287416, 32.156825072859874 ], [ -110.905555424758759, 32.156717028434876 ], [ -110.905409029212606, 32.156623774765833 ], [ -110.905250073237241, 32.156534114414676 ], [ -110.904918754553989, 32.156343604272863 ], [ -110.896428612490098, 32.151475914571549 ], [ -110.896015855766194, 32.151239371049833 ], [ -110.892190416518531, 32.149206926676641 ], [ -110.892190510714798, 32.149758227439513 ], [ -110.89242614361244, 32.150013450621678 ], [ -110.892396789493787, 32.152475763930241 ], [ -110.892395972002078, 32.15254885752492 ], [ -110.892354340726357, 32.155981985806768 ], [ -110.892318224497217, 32.159318692262481 ], [ -110.892312601089941, 32.159460293689094 ], [ -110.892290551484251, 32.162838858571767 ], [ -110.892289289439404, 32.162962444309869 ], [ -110.89232772649892, 32.162980171549371 ], [ -110.89233879712981, 32.162985276226379 ], [ -110.89237478493709, 32.163000086961596 ], [ -110.892460956281298, 32.163024234713774 ], [ -110.892608393192532, 32.163042005506824 ], [ -110.892817357132856, 32.163048507040386 ], [ -110.893324597702559, 32.163057336400016 ], [ -110.896417309767642, 32.163057057282643 ], [ -110.896416788814847, 32.163277505109392 ], [ -110.896418411433345, 32.163277553365383 ], [ -110.896586672254202, 32.163282534544344 ], [ -110.89669654768251, 32.1632820460052 ], [ -110.896854890812989, 32.163281948056444 ], [ -110.897010002768511, 32.163281823868388 ], [ -110.897178042322651, 32.163281545739395 ], [ -110.897339616649347, 32.163281473220692 ], [ -110.897507653343055, 32.163281452552667 ], [ -110.89783080489525, 32.163281048568024 ], [ -110.897976220468379, 32.163281103033157 ], [ -110.898150722417228, 32.163280875644752 ], [ -110.898338149098095, 32.163280752045203 ], [ -110.898522344594554, 32.163280603067228 ], [ -110.898609596059075, 32.163280445742686 ], [ -110.898777096516525, 32.163279072647917 ], [ -110.899016798515433, 32.163277107729414 ], [ -110.899349649423698, 32.163276262937472 ], [ -110.899401299672931, 32.163281058403705 ], [ -110.900115807425053, 32.163285684871276 ], [ -110.900116472268977, 32.164644438919971 ], [ -110.900945250872255, 32.164654015512546 ], [ -110.900953330090161, 32.165345652336342 ], [ -110.901569346637217, 32.165345356877225 ], [ -110.901568377146859, 32.165232391865537 ], [ -110.90218086038783, 32.165241084224867 ], [ -110.902181564499841, 32.165560204400819 ], [ -110.902281761303485, 32.165560721033692 ], [ -110.902992032707417, 32.165564381250476 ], [ -110.902981567082207, 32.164649130237144 ], [ -110.903779282970817, 32.164655089993936 ], [ -110.903784332156008, 32.164928890428477 ], [ -110.905015475779166, 32.164935219335462 ], [ -110.9050121419927, 32.16465206986561 ], [ -110.905105854502878, 32.164652217661668 ], [ -110.905790964988228, 32.164649705238986 ], [ -110.905810352412175, 32.164649860144792 ], [ -110.906437294057596, 32.164647480057724 ], [ -110.906527774401724, 32.164647687566621 ], [ -110.906547589780317, 32.165487593672182 ], [ -110.90725528012257, 32.16548937592119 ], [ -110.907268593602709, 32.166040352623931 ] ] ] ] } },
{ "type": "Feature", "properties": { "OBJECTID": 4, "INITIALS": "ODW", "DIVISION": "Operations Division West", "DATASOURCE": "TPD_DIVISIONS", "SUM_AREA_SQMI": 31.76292665, "SUM_AREA_SQFT": 885496032.04079235, "SUM_AREA_ACRE": 20328.273049489999, "SUM_PERIMETER": 42.19040581, "DIVISION_NO": "T2", "ShapeSTArea": 885499574.19702435, "ShapeSTLength": 222763.90626421489 }, "geometry": { "type": "Polygon", "coordinates": [ [ [ -111.042599812468026, 32.320068127802344 ], [ -111.042598325992145, 32.320601974921807 ], [ -111.042597250051529, 32.320713978879951 ], [ -111.042603316200541, 32.320903942305485 ], [ -111.042661189015078, 32.320902968770568 ], [ -111.044062983455007, 32.320911209712634 ], [ -111.044967549513757, 32.3203628160257 ], [ -111.04534306329019, 32.320129274123616 ], [ -111.04554266647115, 32.319968684369826 ], [ -111.045933114814162, 32.319654549794464 ], [ -111.045617007928755, 32.319241001242915 ], [ -111.045316560632685, 32.318819312882709 ], [ -111.045031564760762, 32.31838991445494 ], [ -111.04476262536221, 32.317953153835091 ], [ -111.044509738990484, 32.317509372888694 ], [ -111.044273504981831, 32.317059179169839 ], [ -111.044053718331895, 32.316602998814012 ], [ -111.044669758754594, 32.316454615657626 ], [ -111.044635362263065, 32.316353382215254 ], [ -111.044370047436388, 32.315572512844007 ], [ -111.044071222790237, 32.314692997301513 ], [ -111.043774639297439, 32.313828526236435 ], [ -111.043628220826889, 32.313401542958054 ], [ -111.043467403564719, 32.312978325982009 ], [ -111.04329238911761, 32.312559132768115 ], [ -111.043103374218418, 32.312144395691973 ], [ -111.043291124641613, 32.312063960324828 ], [ -111.043485880492184, 32.31198052318198 ], [ -111.043643468248064, 32.311913008211988 ], [ -111.043894652099183, 32.311805395133142 ], [ -111.044176474957311, 32.311684653617462 ], [ -111.044288897860852, 32.311636488004517 ], [ -111.044452794893942, 32.311566268670141 ], [ -111.043524750549409, 32.310184703593919 ], [ -111.042743244505232, 32.308882056543965 ], [ -111.042570532717946, 32.308734663623568 ], [ -111.042195475108372, 32.30841458220236 ], [ -111.043504533550802, 32.308622758025088 ], [ -111.044241088914148, 32.308621837931916 ], [ -111.04604980981749, 32.308619466711761 ], [ -111.046088609836815, 32.305090936675704 ], [ -111.048153474797374, 32.305089198909187 ], [ -111.048709053113654, 32.305088725943278 ], [ -111.048866609292659, 32.305088590876821 ], [ -111.050332561622199, 32.305089125802482 ], [ -111.050345987246274, 32.304039623489828 ], [ -111.050348597918244, 32.303858766419779 ], [ -111.050350137981297, 32.303752149068949 ], [ -111.050353961071352, 32.303477901225513 ], [ -111.050381160300134, 32.301469519775416 ], [ -111.050383158419194, 32.30132333352762 ], [ -111.0504062803615, 32.299658261107247 ], [ -111.050418139618969, 32.298772984531929 ], [ -111.050430436521424, 32.297862972008694 ], [ -111.049472704767922, 32.297861894143821 ], [ -111.049443347384099, 32.297862592493537 ], [ -111.049284956847288, 32.297866359731742 ], [ -111.048185504287716, 32.29785794222424 ], [ -111.047318844281435, 32.297851461159205 ], [ -111.046527829081512, 32.297845496465627 ], [ -111.046428322751026, 32.297844466964442 ], [ -111.046190727512112, 32.297519677662351 ], [ -111.046230699172227, 32.294374343401685 ], [ -111.044254961896584, 32.294379861536612 ], [ -111.043942898668121, 32.294377275428367 ], [ -111.043848914058728, 32.29423342605336 ], [ -111.043592465432297, 32.293840906251397 ], [ -111.043500656340044, 32.293839153952931 ], [ -111.043312809583739, 32.293559457203628 ], [ -111.042656947197301, 32.292583146810934 ], [ -111.042304393718211, 32.29205844160559 ], [ -111.042109175720611, 32.291767868328115 ], [ -111.041933066733534, 32.291505897717187 ], [ -111.04189979892314, 32.291456409613176 ], [ -111.04190194445016, 32.291211870641831 ], [ -111.041505707254387, 32.290624755531567 ], [ -111.041339271447058, 32.290622828881837 ], [ -111.041273993849586, 32.290524881037179 ], [ -111.040470794076668, 32.289319648586584 ], [ -111.039527581070018, 32.287904102553412 ], [ -111.038928491056154, 32.287005132431261 ], [ -111.03764163700626, 32.285073852132442 ], [ -111.037460623649054, 32.284802268276216 ], [ -111.037455068289091, 32.284539637344011 ], [ -111.036643920716585, 32.283321697831603 ], [ -111.036472645399101, 32.283319816849755 ], [ -111.034048823919449, 32.279729359877294 ], [ -111.033972080507269, 32.279615672443242 ], [ -111.033879900944356, 32.279614989289186 ], [ -111.033568867139664, 32.279612681961559 ], [ -111.033138607270345, 32.279061981705716 ], [ -111.033142277874063, 32.278933674157308 ], [ -111.033147616198264, 32.278742837646647 ], [ -111.033160845474086, 32.278269978241561 ], [ -111.033231005877823, 32.276080565368943 ], [ -111.033695681790547, 32.276083213653585 ], [ -111.035315577295023, 32.27609238209336 ], [ -111.036332082988309, 32.276098097841448 ], [ -111.037403175437689, 32.276105044016177 ], [ -111.037403376506774, 32.276083650512042 ], [ -111.037436748232295, 32.272540646227853 ], [ -111.037432695540133, 32.271640053778462 ], [ -111.037414830919317, 32.270158688230865 ], [ -111.037425709329042, 32.268904896314169 ], [ -111.037385900368022, 32.268905413687229 ], [ -111.037270599847631, 32.268906908788352 ], [ -111.037270836788394, 32.268882343787389 ], [ -111.037285440082272, 32.266718306324464 ], [ -111.037287223438952, 32.266500819799177 ], [ -111.037287735429146, 32.266438378180439 ], [ -111.03729502432482, 32.265535887953639 ], [ -111.037294461980011, 32.265531245041501 ], [ -111.037293697974107, 32.265526601627215 ], [ -111.037292327123495, 32.265522039661477 ], [ -111.037290753567959, 32.265517475382659 ], [ -111.037288773976698, 32.265513081427677 ], [ -111.037286388375804, 32.265508855091184 ], [ -111.037283799226543, 32.26550471391289 ], [ -111.037280805111678, 32.265500742163979 ], [ -111.037277403091096, 32.265497024595689 ], [ -111.037273798583541, 32.265493392192887 ], [ -111.037269989945329, 32.265490015389432 ], [ -111.037265976106411, 32.265486895079626 ], [ -111.03726155541446, 32.265484029859458 ], [ -111.037256929530471, 32.265481420231168 ], [ -111.0372520995071, 32.26547906710384 ], [ -111.037247064509387, 32.26547705704705 ], [ -111.037242025971906, 32.265475303986044 ], [ -111.037236783303626, 32.265473806524192 ], [ -111.037231335660877, 32.265472652132807 ], [ -111.037225883643288, 32.265471841306734 ], [ -111.037220430208407, 32.26547128749116 ], [ -111.037214769911316, 32.265471162406449 ], [ -111.036198732790652, 32.26546588934918 ], [ -111.035957776518543, 32.265464637826682 ], [ -111.036012849549167, 32.265407797313848 ], [ -111.036113606135117, 32.265303804010124 ], [ -111.03605274525394, 32.265282850523114 ], [ -111.035992710558531, 32.265260098212288 ], [ -111.035933702867354, 32.265235635054495 ], [ -111.03587572324416, 32.265209461058596 ], [ -111.035818771691268, 32.265181576226063 ], [ -111.035763047973447, 32.265152067624982 ], [ -111.035708553378697, 32.265121021841303 ], [ -111.035655286622202, 32.265088352292345 ], [ -111.035603249000332, 32.265054144662216 ], [ -111.035552841918829, 32.265018488327932 ], [ -111.035503865616135, 32.264981296224313 ], [ -111.03545631760926, 32.264942825356258 ], [ -111.035410400143761, 32.264902905789398 ], [ -111.035366113686351, 32.26486170887577 ], [ -111.035323456113929, 32.264819234602257 ], [ -111.035282630362474, 32.26477557096198 ], [ -111.035243433727715, 32.264730715640233 ], [ -111.033299790765895, 32.261990617739045 ], [ -111.033231297287742, 32.261902178135614 ], [ -111.03320756680273, 32.261873760634494 ], [ -111.033159143765332, 32.261815774471536 ], [ -111.033083533140882, 32.261731493833757 ], [ -111.033004462920076, 32.26164959412128 ], [ -111.032922338053496, 32.26156990681379 ], [ -111.032841092694383, 32.261496513144337 ], [ -111.032836953579306, 32.261492773165486 ], [ -111.032748511963575, 32.26141810981499 ], [ -111.032657012616156, 32.261346087197083 ], [ -111.032562859044305, 32.261276794704756 ], [ -111.032465846641387, 32.26121031747531 ], [ -111.032366179178752, 32.261146656026931 ], [ -111.032264056633892, 32.261085983100635 ], [ -111.032159478153588, 32.261028386161684 ], [ -111.032052647284033, 32.260973779152287 ], [ -111.031943561286866, 32.260922334296467 ], [ -111.031832623659938, 32.260874140990182 ], [ -111.031719835455831, 32.260829199235964 ], [ -111.031605195842829, 32.260787593794632 ], [ -111.031488905382673, 32.260749326968472 ], [ -111.031371166997289, 32.260714485848517 ], [ -111.031252181485002, 32.260683157511714 ], [ -111.031131748015213, 32.260655255774836 ], [ -111.03101047068526, 32.260630868739078 ], [ -111.030888350754935, 32.260610083887954 ], [ -111.030765386087907, 32.260592901203864 ], [ -111.03064178044265, 32.260579321211665 ], [ -111.030517533804883, 32.260569343909246 ], [ -111.030393251074642, 32.260562974440468 ], [ -111.030268530016357, 32.260560209982536 ], [ -111.030143974714534, 32.260561139545295 ], [ -111.030019384337038, 32.260565676947671 ], [ -111.029895162388343, 32.260573909793784 ], [ -111.029771310510739, 32.260585667650815 ], [ -111.029647827032349, 32.260601120953197 ], [ -111.029525319580898, 32.260620103524033 ], [ -111.029407805058398, 32.260641878831841 ], [ -111.029403384035604, 32.260642697299069 ], [ -111.029282627192075, 32.260668821770885 ], [ -111.029163049045948, 32.260698476040773 ], [ -111.02904465042684, 32.26073157354238 ], [ -111.028927634007673, 32.260768117506878 ], [ -111.028928996498635, 32.260630106130705 ], [ -111.02899915769521, 32.253523486510893 ], [ -111.029008384104117, 32.252588675303038 ], [ -111.029027035634897, 32.250699042306749 ], [ -111.028984584179497, 32.250698744040676 ], [ -111.028984452490803, 32.250696790657805 ], [ -111.028982816734171, 32.250672618290984 ], [ -111.028984616816331, 32.250487604691095 ], [ -111.031149546926244, 32.250491286424506 ], [ -111.031149774361012, 32.250530286679044 ], [ -111.031445528009499, 32.250531499845167 ], [ -111.031607692493992, 32.250532176049383 ], [ -111.031748153698246, 32.250532761354826 ], [ -111.0324403330564, 32.250535631799615 ], [ -111.032592576676322, 32.250536257144738 ], [ -111.032737299711073, 32.250536850430954 ], [ -111.033067216244859, 32.250538299717796 ], [ -111.033066435079064, 32.250493712365348 ], [ -111.033202102688762, 32.250491998036203 ], [ -111.033337406137306, 32.250486244430903 ], [ -111.033472546811282, 32.250476365480878 ], [ -111.033607118717569, 32.250462531499792 ], [ -111.033740922110098, 32.250444655419614 ], [ -111.033873954866579, 32.250422735424074 ], [ -111.034006015565836, 32.250396857585557 ], [ -111.034137104191387, 32.250367021906726 ], [ -111.034266611867579, 32.250333308909731 ], [ -111.034455188635008, 32.250275729233898 ], [ -111.034746548550999, 32.250186766206809 ], [ -111.034925249727024, 32.250125048734851 ], [ -111.035106328536244, 32.250068416776557 ], [ -111.035289582109655, 32.250016781429409 ], [ -111.035474603686183, 32.249970397770333 ], [ -111.035661194393171, 32.249929093057744 ], [ -111.035849349647847, 32.249893125176122 ], [ -111.035858471735764, 32.249890611346238 ], [ -111.035870842883966, 32.249886488758555 ], [ -111.035887688889574, 32.249879648591794 ], [ -111.035904754756274, 32.249870919722291 ], [ -111.035923267465932, 32.249858850642504 ], [ -111.035940386380531, 32.249844625491093 ], [ -111.035956316450964, 32.249827900296843 ], [ -111.035965533042386, 32.249815595060262 ], [ -111.035973129730849, 32.249803449878442 ], [ -111.03597951789709, 32.24979095357687 ], [ -111.035984278702017, 32.249779390145939 ], [ -111.03598803510144, 32.249767218193519 ], [ -111.035995868866252, 32.249646842573441 ], [ -111.035998658212492, 32.249588192637439 ], [ -111.03600387355074, 32.249529646186787 ], [ -111.036011309492167, 32.249471372235227 ], [ -111.036021371145395, 32.249413288834091 ], [ -111.036033653627285, 32.249355563606244 ], [ -111.036048358532852, 32.249298199759856 ], [ -111.036065283423312, 32.249241280654893 ], [ -111.036084627187577, 32.249184979926028 ], [ -111.036106189275344, 32.249129295272553 ], [ -111.036350546426988, 32.248569217261647 ], [ -111.037173951144894, 32.246785327510331 ], [ -111.037312317819115, 32.246482034990329 ], [ -111.037441614246859, 32.246175931303071 ], [ -111.03756183862842, 32.245867101236207 ], [ -111.037585613174144, 32.245791417373653 ], [ -111.037606360854312, 32.2457151109259 ], [ -111.0376242845728, 32.245638269881852 ], [ -111.037639179780626, 32.245560978493479 ], [ -111.037651248329254, 32.245483323839991 ], [ -111.037660490225747, 32.245405305922318 ], [ -111.037666700332721, 32.245327180335515 ], [ -111.037669880535518, 32.245248862321191 ], [ -111.03767002919156, 32.245170523215869 ], [ -111.037667346029679, 32.245092250082948 ], [ -111.037644592615209, 32.244919838710565 ], [ -111.037623072611396, 32.244756763536238 ], [ -111.037564579673614, 32.244407433240021 ], [ -111.037546886342341, 32.24435551354334 ], [ -111.037492607244857, 32.244051395993644 ], [ -111.037458632768733, 32.243888343236016 ], [ -111.037430391969551, 32.243752806414605 ], [ -111.037409714915341, 32.243653964468031 ], [ -111.03739288289654, 32.243554633427379 ], [ -111.037379895066692, 32.243454899863778 ], [ -111.037370954313502, 32.243354850864023 ], [ -111.037365856072952, 32.243254570679078 ], [ -111.037368813373732, 32.242989592142365 ], [ -111.037384484584649, 32.242803752877315 ], [ -111.037396656300174, 32.242659416720116 ], [ -111.037394776191107, 32.241511703120992 ], [ -111.037497863265102, 32.241512334744883 ], [ -111.037485703346661, 32.239689809843441 ], [ -111.037395149309361, 32.239689351115295 ], [ -111.037394331689583, 32.239123784104677 ], [ -111.03739325159863, 32.23895755389708 ], [ -111.037392215636743, 32.238797867674627 ], [ -111.037384855651965, 32.237694267087903 ], [ -111.037384000023124, 32.237566528540185 ], [ -111.03738303174822, 32.237421953830228 ], [ -111.037377390729333, 32.236580615581168 ], [ -111.037378492028139, 32.236338166018193 ], [ -111.037380100364871, 32.235984578331987 ], [ -111.037518959626922, 32.235985029501435 ], [ -111.037524010615329, 32.235985322564474 ], [ -111.037485362566301, 32.231455834394396 ], [ -111.037477401469161, 32.228903104579658 ], [ -111.037453197054276, 32.225308213329484 ], [ -111.037452299470601, 32.225177297090148 ], [ -111.037452296293267, 32.225177076119103 ], [ -111.037450825358349, 32.225018435362621 ], [ -111.037449924715588, 32.224846841040254 ], [ -111.037450243565502, 32.224813720754639 ], [ -111.037445415733373, 32.224014808731468 ], [ -111.037441658155174, 32.223361381393616 ], [ -111.037439347181717, 32.223079505620966 ], [ -111.037442882439024, 32.222712259724325 ], [ -111.039184202738426, 32.222709252905382 ], [ -111.04031148040707, 32.222715098712136 ], [ -111.040339016889789, 32.225081199595678 ], [ -111.039598053998333, 32.225095007544049 ], [ -111.039597934235104, 32.225870389775245 ], [ -111.039610442084367, 32.226660535962687 ], [ -111.03961825372437, 32.227416485351021 ], [ -111.039647166327285, 32.227544803893352 ], [ -111.039776631999786, 32.228009498337606 ], [ -111.039778298634062, 32.228015479128892 ], [ -111.039952533191723, 32.228183240970118 ], [ -111.039977411938722, 32.228203447750836 ], [ -111.040113274650054, 32.228313791379264 ], [ -111.040201798143698, 32.228385687032748 ], [ -111.040348173855975, 32.228504946684382 ], [ -111.040376354615844, 32.228527907030703 ], [ -111.040383500157091, 32.228531896679286 ], [ -111.040437774038793, 32.228562195767104 ], [ -111.040469004044098, 32.228579630063017 ], [ -111.040751922134532, 32.228650007756329 ], [ -111.041163550900237, 32.228687024006817 ], [ -111.04134123643837, 32.228693850628929 ], [ -111.041434757443241, 32.228697443693463 ], [ -111.041726099515017, 32.228703732018658 ], [ -111.041720047279867, 32.226713592822136 ], [ -111.04170549256709, 32.225086395435682 ], [ -111.043822626578987, 32.225083387557298 ], [ -111.043816017718584, 32.223259767458366 ], [ -111.041691879003935, 32.223252742989168 ], [ -111.041685386402605, 32.221421460639682 ], [ -111.04595158198093, 32.221438150623193 ], [ -111.045943945458347, 32.219402536954824 ], [ -111.044870345975269, 32.21951006855582 ], [ -111.044883690567147, 32.218741397557466 ], [ -111.044893031420841, 32.218077414430098 ], [ -111.044927816017591, 32.2160063365016 ], [ -111.045808893378947, 32.215920463730548 ], [ -111.045971017190652, 32.215931797391463 ], [ -111.04649678328569, 32.215930309666142 ], [ -111.046440567911844, 32.216785522942459 ], [ -111.046517457587512, 32.216794612453498 ], [ -111.04654658020911, 32.216792322050189 ], [ -111.046567406563327, 32.216791091007074 ], [ -111.046575489590609, 32.21679114664358 ], [ -111.046604585963806, 32.216791389299502 ], [ -111.046633686571795, 32.216791632879698 ], [ -111.046656924990359, 32.216791878493332 ], [ -111.046662782198837, 32.216792176729832 ], [ -111.046691855739411, 32.216795039939761 ], [ -111.046720728561013, 32.216797815185608 ], [ -111.046731024892324, 32.216798831166599 ], [ -111.046749187164679, 32.216801533598797 ], [ -111.046777837755258, 32.216806368896151 ], [ -111.046806285979372, 32.216811289370597 ], [ -111.046834308550984, 32.216818354177896 ], [ -111.046862129581683, 32.216825417592233 ], [ -111.046890152407357, 32.216832568063275 ], [ -111.046916942096033, 32.216841771637512 ], [ -111.0469451427564, 32.216851415088968 ], [ -111.04697010203644, 32.216861894780131 ], [ -111.046996067330355, 32.216872896335119 ], [ -111.047011967828851, 32.216879620682732 ], [ -111.047021825114157, 32.216884412306619 ], [ -111.047046451870756, 32.21689750772105 ], [ -111.047071087077683, 32.21691060769804 ], [ -111.047087978069769, 32.216919485216302 ], [ -111.047095614443322, 32.216924004533851 ], [ -111.047118712278589, 32.216939023852106 ], [ -111.047141809876095, 32.216953957490269 ], [ -111.047147432850053, 32.216957690083021 ], [ -111.04716409042733, 32.216969916301181 ], [ -111.047185758502906, 32.216986472419123 ], [ -111.047191976553506, 32.216991325574249 ], [ -111.04720640831988, 32.217003794401897 ], [ -111.047226447537341, 32.21702162803107 ], [ -111.047243681407238, 32.217036950593389 ], [ -111.047246485955924, 32.217039546424033 ], [ -111.04726489468446, 32.217058828903177 ], [ -111.047283102690045, 32.217078024324891 ], [ -111.047299267434155, 32.217098567461946 ], [ -111.047315457326434, 32.21711914413774 ], [ -111.047331623120002, 32.217139689983405 ], [ -111.047339609727146, 32.217149881529046 ], [ -111.047347186467917, 32.217160670877384 ], [ -111.047512650270363, 32.21740881755558 ], [ -111.04751622312871, 32.217414175571299 ], [ -111.047519758323006, 32.217419478315989 ], [ -111.047523320720302, 32.217424820928372 ], [ -111.047525314526425, 32.217427669103166 ], [ -111.047527314046576, 32.217429916695387 ], [ -111.047532325650579, 32.217434245689489 ], [ -111.04753744578845, 32.217438540258051 ], [ -111.047542578553106, 32.21744284573527 ], [ -111.047547714483429, 32.217447153037696 ], [ -111.047552852510009, 32.217451463059831 ], [ -111.047558044216132, 32.21745581764074 ], [ -111.047563201200362, 32.217460142222158 ], [ -111.047569013510028, 32.217465164819721 ], [ -111.047574040645927, 32.217467861598379 ], [ -111.047580275907606, 32.217470911183803 ], [ -111.047586741843418, 32.217474022777736 ], [ -111.047593000786136, 32.217477036451946 ], [ -111.047599176322805, 32.217480008068094 ], [ -111.047605623243214, 32.217483111413827 ], [ -111.047613268679967, 32.217486685640139 ], [ -111.047618507161971, 32.217488353974986 ], [ -111.04762535899404, 32.217490377000132 ], [ -111.047632210826407, 32.217492400024938 ], [ -111.047639062667685, 32.217494422147581 ], [ -111.047646122830102, 32.217495845080187 ], [ -111.048243571911797, 32.217616087412651 ], [ -111.048952886694636, 32.217661159492224 ], [ -111.049325107770073, 32.217855872443209 ], [ -111.050034641511132, 32.218112510409739 ], [ -111.050047531360619, 32.218117152143861 ], [ -111.05005437922442, 32.218119604284318 ], [ -111.050060626027744, 32.218121450779947 ], [ -111.050074134058477, 32.218124893701905 ], [ -111.050087440302249, 32.218128248662921 ], [ -111.050095302103642, 32.218130278478853 ], [ -111.050100949720786, 32.218131433666791 ], [ -111.05011487494879, 32.218133505048279 ], [ -111.050128596755584, 32.218135660708057 ], [ -111.050144740250289, 32.218138176566107 ], [ -111.050156053407122, 32.218138597716397 ], [ -111.050170226567417, 32.218138912213618 ], [ -111.050184172754882, 32.218139221546053 ], [ -111.050198111508436, 32.218139531727878 ], [ -111.050212020577348, 32.218139839900971 ], [ -111.050225963728053, 32.218140022049312 ], [ -111.050239921307352, 32.218138571072252 ], [ -111.050253879938467, 32.218137121002719 ], [ -111.050267637593493, 32.218135497303678 ], [ -111.050281203235343, 32.218132754913839 ], [ -111.050294971477115, 32.218130014812935 ], [ -111.050308739718076, 32.218127274710504 ], [ -111.050315019359388, 32.218125771102571 ], [ -111.050321912848176, 32.218123413154686 ], [ -111.050334708585382, 32.218118963720215 ], [ -111.050347728898757, 32.218114436462081 ], [ -111.050360585303281, 32.218109965796721 ], [ -111.050373585399427, 32.218105444710197 ], [ -111.050386592936917, 32.218100921869635 ], [ -111.050398573135752, 32.218094990536144 ], [ -111.050410553896967, 32.21808888785673 ], [ -111.050424567903434, 32.218081596963806 ], [ -111.050433717934297, 32.218075646232357 ], [ -111.050444902834897, 32.218068335950022 ], [ -111.050456085869158, 32.21806111042639 ], [ -111.050464221141951, 32.218055668588498 ], [ -111.050466868242012, 32.218053625133301 ], [ -111.050808199310168, 32.217797920720372 ], [ -111.051896986120852, 32.217187411309823 ], [ -111.052335298998486, 32.216997306324323 ], [ -111.05304382523552, 32.216869003771336 ], [ -111.053047670648823, 32.216868342844407 ], [ -111.053051314516253, 32.216867680540432 ], [ -111.053054967308995, 32.216866074075853 ], [ -111.053058293921183, 32.216864633124104 ], [ -111.053061751553258, 32.216863135349925 ], [ -111.053065291196745, 32.216861602964343 ], [ -111.053068672129385, 32.216860138935701 ], [ -111.053072135090517, 32.216858638492134 ], [ -111.053075599103792, 32.216857138957479 ], [ -111.053078985374043, 32.216855671357699 ], [ -111.053082574016855, 32.216854117662329 ], [ -111.053086014599131, 32.216852627887505 ], [ -111.053092313345516, 32.216848977000701 ], [ -111.053094961972121, 32.21684676215083 ], [ -111.053097813772482, 32.216844376438374 ], [ -111.053100664762894, 32.216842076394641 ], [ -111.053103515753165, 32.216839776350859 ], [ -111.053108613403879, 32.216834915111598 ], [ -111.053110862753229, 32.216832181684005 ], [ -111.053113111041668, 32.216829448249143 ], [ -111.053115157784248, 32.216826713437392 ], [ -111.053117407942977, 32.21682389434087 ], [ -111.053119453875524, 32.216821245197849 ], [ -111.053120896296932, 32.216818248332821 ], [ -111.053122341398563, 32.216815080137344 ], [ -111.053123784629562, 32.216811997603457 ], [ -111.05312522811144, 32.216809000745606 ], [ -111.053344248046997, 32.21632181293689 ], [ -111.053269973843754, 32.216269078573156 ], [ -111.053227223050897, 32.216238033990528 ], [ -111.053197239533574, 32.216214715148084 ], [ -111.05312571282137, 32.216159086539427 ], [ -111.053109270176577, 32.216145487268079 ], [ -111.053057477717488, 32.216100788399679 ], [ -111.053007841351786, 32.216057950297895 ], [ -111.052996820111971, 32.216047996294797 ], [ -111.052990211462472, 32.216041680681947 ], [ -111.052925515858846, 32.215980421579459 ], [ -111.052916703370826, 32.215972028407073 ], [ -111.052910092293956, 32.215965970698363 ], [ -111.05290748347916, 32.215963976951429 ], [ -111.052897652210177, 32.215956522841722 ], [ -111.052887820700548, 32.215948982153442 ], [ -111.052877990253293, 32.215941441471685 ], [ -111.052867954764665, 32.215934157312979 ], [ -111.052856897002599, 32.215928069216325 ], [ -111.0528458170173, 32.215921975555823 ], [ -111.05283461250373, 32.215915813405772 ], [ -111.052823524069481, 32.215909716078258 ], [ -111.052812065664682, 32.215903367315008 ], [ -111.052800385173157, 32.215899077726775 ], [ -111.052788302146283, 32.215894614939728 ], [ -111.052776219129143, 32.215890151249752 ], [ -111.052764136113211, 32.215885687558654 ], [ -111.052755675806125, 32.21588279527198 ], [ -111.052751641633989, 32.215881994829132 ], [ -111.052738822031841, 32.215879365845765 ], [ -111.052726033132686, 32.215876743383788 ], [ -111.052713119295348, 32.215874095717112 ], [ -111.052700317694232, 32.215871470460243 ], [ -111.052687502321106, 32.215868843304278 ], [ -111.052682859777633, 32.215868210049969 ], [ -111.052674376730366, 32.215867722797277 ], [ -111.05266117408982, 32.215866897564254 ], [ -111.052648120930826, 32.215866082369921 ], [ -111.052634993152452, 32.215865305443138 ], [ -111.05262166358024, 32.215864441461349 ], [ -111.052617825265131, 32.215864243877114 ], [ -111.052613988829577, 32.215863959729433 ], [ -111.052609949789698, 32.215863674196768 ], [ -111.05260611147466, 32.215863476612199 ], [ -111.052602274228931, 32.21586327813295 ], [ -111.052598436732723, 32.215862993977552 ], [ -111.052594806710857, 32.215862196292221 ], [ -111.052590977584757, 32.215861139320936 ], [ -111.052587350002327, 32.215860083727165 ], [ -111.052583722419982, 32.215859028133281 ], [ -111.052580094837708, 32.215857972539311 ], [ -111.052576265461497, 32.215856829891514 ], [ -111.052572637879408, 32.215855774297331 ], [ -111.052569010297404, 32.215854718703028 ], [ -111.052565591008772, 32.215853063008304 ], [ -111.05256237488436, 32.215851237353498 ], [ -111.052559159578891, 32.215849325128062 ], [ -111.052555943454735, 32.215847499473128 ], [ -111.052552727330706, 32.21584567381808 ], [ -111.05254951120682, 32.215843848162976 ], [ -111.052546295091588, 32.215842021606022 ], [ -111.052543487986043, 32.215839683798741 ], [ -111.052540883242983, 32.21583726079853 ], [ -111.052538077775353, 32.215834749849947 ], [ -111.052535473274517, 32.215832413427442 ], [ -111.05253286853187, 32.215829990427075 ], [ -111.05253026485012, 32.215827567433877 ], [ -111.052527865151447, 32.215824887910138 ], [ -111.052526072764721, 32.215822041189192 ], [ -111.052524079653466, 32.215819106519888 ], [ -111.052522288327737, 32.215816259806118 ], [ -111.052520295216738, 32.21581332513675 ], [ -111.052518503640783, 32.21581039274686 ], [ -111.052516712315381, 32.215807546033027 ], [ -111.052513325277147, 32.215802368890472 ], [ -111.052512150211399, 32.215798409015342 ], [ -111.052511371974859, 32.215795225627645 ], [ -111.052510393013819, 32.21579195429161 ], [ -111.052509615587709, 32.215788685235076 ], [ -111.052508635566028, 32.215785413891787 ], [ -111.052507857329701, 32.215782230504082 ], [ -111.052507074222945, 32.215779562031038 ], [ -111.052507109971089, 32.215775782683565 ], [ -111.052507141650537, 32.215772433483778 ], [ -111.05250717252818, 32.215769169051015 ], [ -111.052507204216155, 32.215765818949414 ], [ -111.05250723589559, 32.215762469749599 ], [ -111.052507266773205, 32.215759205316814 ], [ -111.052507295211342, 32.215756198792256 ], [ -111.052508339418821, 32.21575268426357 ], [ -111.052509178582653, 32.215749426258093 ], [ -111.052510016944638, 32.215746253019631 ], [ -111.052510856108356, 32.215742995014139 ], [ -111.052511695280529, 32.215739736106862 ], [ -111.05274933820175, 32.215099774872826 ], [ -111.052877270057493, 32.214552823722187 ], [ -111.052881593619432, 32.214534341287006 ], [ -111.052886017672662, 32.214515215627699 ], [ -111.052887604046759, 32.214497101376629 ], [ -111.052889397638694, 32.214478387918923 ], [ -111.052891006498044, 32.214457782951584 ], [ -111.052890762329099, 32.21444085924108 ], [ -111.052890334489234, 32.214422044028225 ], [ -111.052889844682454, 32.214409671105052 ], [ -111.052889096495832, 32.214403308954026 ], [ -111.052886647130876, 32.214384566504421 ], [ -111.052884196714601, 32.214365823145734 ], [ -111.052882097082517, 32.214352838600171 ], [ -111.052880734029699, 32.214347331696985 ], [ -111.052876462262418, 32.214328919492239 ], [ -111.05287295654287, 32.21431498021505 ], [ -111.052871381396187, 32.214310588334918 ], [ -111.052865288279989, 32.214292507283808 ], [ -111.052859194906802, 32.214274341458044 ], [ -111.052857223745633, 32.214269087422444 ], [ -111.052851682713708, 32.214256679983244 ], [ -111.052843765564219, 32.214239102317038 ], [ -111.052836832494108, 32.214224366745832 ], [ -111.052835240298649, 32.214221778419883 ], [ -111.05282549749532, 32.214204875476 ], [ -111.052815754946295, 32.214188058207483 ], [ -111.052805606381085, 32.214171324739908 ], [ -111.052794037370049, 32.214155267861656 ], [ -111.052770701870458, 32.214122724380559 ], [ -111.054466412365414, 32.214119440659374 ], [ -111.054419232699146, 32.206804154533977 ], [ -111.05441921516443, 32.206801291082677 ], [ -111.054419214299472, 32.206800933047568 ], [ -111.054402109992253, 32.206800955279576 ], [ -111.054383146227821, 32.206800979256819 ], [ -111.05437090646592, 32.206800992275269 ], [ -111.054359331800299, 32.206801002614064 ], [ -111.046010119128979, 32.20680654631952 ], [ -111.043325242202712, 32.206808211688887 ], [ -111.043242871667388, 32.206808262235164 ], [ -111.043173842927828, 32.206808303899457 ], [ -111.043107334469482, 32.206808344001161 ], [ -111.043051327175718, 32.206808378169875 ], [ -111.042988215154622, 32.206808416426242 ], [ -111.042895011452075, 32.206808473049776 ], [ -111.042822490805548, 32.206808517444408 ], [ -111.042738133546337, 32.206808568359563 ], [ -111.04267595284648, 32.206808605682909 ], [ -111.042629825137325, 32.206808634009533 ], [ -111.042555986022847, 32.206808678154822 ], [ -111.042522156352746, 32.206808698578065 ], [ -111.042446639174273, 32.206808743683006 ], [ -111.042387365919993, 32.206808779324149 ], [ -111.042319926153311, 32.206808819786126 ], [ -111.042259855232928, 32.206808856163967 ], [ -111.042207143621425, 32.206808887500422 ], [ -111.042144441045693, 32.2068089254619 ], [ -111.042080222701685, 32.206808963728975 ], [ -111.0420327086361, 32.206808992167737 ], [ -111.041974765533197, 32.206809026897041 ], [ -111.04191850686, 32.206809060628323 ], [ -111.041872817239053, 32.206809088102389 ], [ -111.041820975422581, 32.20680911898318 ], [ -111.041774454194339, 32.206809146980177 ], [ -111.041724235281691, 32.206809177327791 ], [ -111.041674465057909, 32.206809207153363 ], [ -111.041606563883633, 32.206809247648764 ], [ -111.041540027858403, 32.206809287636808 ], [ -111.041489601052334, 32.206809317354057 ], [ -111.041442849649087, 32.206809345439353 ], [ -111.041383217880693, 32.206809380833292 ], [ -111.04132221034962, 32.206809417496004 ], [ -111.041278321842341, 32.206809443697658 ], [ -111.04123124586549, 32.206809471261039 ], [ -111.041176418116734, 32.206809503748019 ], [ -111.041115444537269, 32.20680953964424 ], [ -111.041053656320855, 32.206809576181989 ], [ -111.040986193236023, 32.206809615770837 ], [ -111.040922496778322, 32.206809653457 ], [ -111.040854681534242, 32.206809693241894 ], [ -111.040806061146228, 32.206809721672329 ], [ -111.040761111918002, 32.206809748462639 ], [ -111.04071288611749, 32.206809776885422 ], [ -111.04068256108755, 32.206809794944313 ], [ -111.04064849912973, 32.206809815060303 ], [ -111.040622317290627, 32.206809830247948 ], [ -111.040582533787344, 32.206809853989284 ], [ -111.040544945988231, 32.20680987579874 ], [ -111.040515868375365, 32.2068098925416 ], [ -111.040487928914857, 32.206809909048808 ], [ -111.040461017299378, 32.20680992455663 ], [ -111.040432390487922, 32.206809941699007 ], [ -111.040402602190198, 32.20680995890141 ], [ -111.0403746436386, 32.20680997525124 ], [ -111.04033993782663, 32.206809995330715 ], [ -111.040303353470506, 32.206810016808774 ], [ -111.040273645782634, 32.206810034539537 ], [ -111.040237604521465, 32.206810055254024 ], [ -111.040213316077697, 32.20681006905275 ], [ -111.040184443180081, 32.206810086236693 ], [ -111.040150099075902, 32.206810106066079 ], [ -111.040107061277297, 32.206810131445927 ], [ -111.040072838095995, 32.206810151190865 ], [ -111.040045545675639, 32.206810167577295 ], [ -111.040006852599461, 32.206810190581507 ], [ -111.039979738385426, 32.206810206385697 ], [ -111.039954419976667, 32.206810221109279 ], [ -111.03992978785854, 32.206810235175887 ], [ -111.039902269512424, 32.206810250866525 ], [ -111.039865708493409, 32.206810272379734 ], [ -111.039842756561598, 32.206810285455809 ], [ -111.039818152020786, 32.206810299691909 ], [ -111.039790822479034, 32.206810315765892 ], [ -111.03976942026523, 32.206810327853056 ], [ -111.039736489040493, 32.206810347449277 ], [ -111.039712041484563, 32.206810361851723 ], [ -111.039689128797335, 32.206810375172111 ], [ -111.039667717029431, 32.206810388077635 ], [ -111.039637907522845, 32.206810404952684 ], [ -111.039611528390836, 32.206810420366054 ], [ -111.039591554964304, 32.206810432414422 ], [ -111.039572980634958, 32.206810443343684 ], [ -111.039546434973033, 32.206810458490004 ], [ -111.039514592059888, 32.206810476560285 ], [ -111.039484488728959, 32.206810494066197 ], [ -111.039463096062164, 32.206810506167699 ], [ -111.039440563113487, 32.206810519372262 ], [ -111.039419406988429, 32.206810531303937 ], [ -111.039388439170239, 32.20681054910149 ], [ -111.0393685643933, 32.20681056089731 ], [ -111.03934555730126, 32.206810574402184 ], [ -111.039326146061782, 32.206810585800582 ], [ -111.039310256429559, 32.20681059457889 ], [ -111.03929325303163, 32.206810604644538 ], [ -111.039268642129372, 32.206810618729513 ], [ -111.039254034905866, 32.20681062738204 ], [ -111.039234694738695, 32.206810638357773 ], [ -111.039212096030838, 32.206810651065204 ], [ -111.039198240858028, 32.206810659519618 ], [ -111.039179096919369, 32.206810670946894 ], [ -111.039156622316071, 32.206810683603912 ], [ -111.039141858108493, 32.206810692055733 ], [ -111.039123988102062, 32.20681070239651 ], [ -111.039110621930917, 32.206810709726277 ], [ -111.039099165053884, 32.206810716779692 ], [ -111.039089782957788, 32.206810722000455 ], [ -111.039080098551423, 32.20681072782763 ], [ -111.039072328751033, 32.206810732514583 ], [ -111.039063086669032, 32.206810737803416 ], [ -111.038996092440115, 32.206810776879053 ], [ -111.038968480753027, 32.206810792620246 ], [ -111.038862793465682, 32.206810853398032 ], [ -111.038821766810415, 32.206810876972348 ], [ -111.038778963442198, 32.206786829038599 ], [ -111.038744963211485, 32.206767726557999 ], [ -111.038742609453294, 32.206766404356443 ], [ -111.038739230052443, 32.206764633133631 ], [ -111.038726983153083, 32.206758214503125 ], [ -111.038709120461448, 32.206748852063562 ], [ -111.038689411878153, 32.20673852175959 ], [ -111.038676793483802, 32.206731908453605 ], [ -111.038637271835086, 32.206711194800647 ], [ -111.038637030177483, 32.206711065061782 ], [ -111.038620872717658, 32.206701966966079 ], [ -111.038542658741918, 32.206657913818397 ], [ -111.038462653443347, 32.206612851652295 ], [ -111.038425522545751, 32.206591938099727 ], [ -111.038358949334466, 32.206563747815231 ], [ -111.038314701386952, 32.206545010517772 ], [ -111.03824047632277, 32.206519461695038 ], [ -111.038215550339643, 32.206510881603464 ], [ -111.038199176182218, 32.206505244995633 ], [ -111.038195023437879, 32.206503815591617 ], [ -111.038194297535739, 32.206503633788188 ], [ -111.038116928655185, 32.206484256853109 ], [ -111.03806827419055, 32.206472071344372 ], [ -111.038027939271075, 32.206464813543811 ], [ -111.037979068713113, 32.206456020104696 ], [ -111.037949673889727, 32.206454841827828 ], [ -111.03791763361447, 32.206453556777369 ], [ -111.037874977563021, 32.206451847117918 ], [ -111.03787188465806, 32.206451722810712 ], [ -111.03787160156196, 32.206451710922792 ], [ -111.037858927693861, 32.206451207984934 ], [ -111.037839389274566, 32.206450444497278 ], [ -111.037812872989193, 32.206449401632291 ], [ -111.037765623359292, 32.206447543668155 ], [ -111.037689360791759, 32.206454652041138 ], [ -111.037578402993958, 32.206464994806204 ], [ -111.037537464123233, 32.20646881079211 ], [ -111.037435364535156, 32.20649192007776 ], [ -111.037362838353317, 32.206508335922813 ], [ -111.037335243686755, 32.206518388850469 ], [ -111.037316263556349, 32.206525304682671 ], [ -111.037245870702492, 32.206550951149687 ], [ -111.037210475726454, 32.206563848290415 ], [ -111.037209551799194, 32.206564183659026 ], [ -111.037202973120031, 32.206566842500671 ], [ -111.03719086358177, 32.206571736394565 ], [ -111.037176328298472, 32.206577610842658 ], [ -111.037139682341234, 32.206592421071484 ], [ -111.037109249807031, 32.206604720518605 ], [ -111.037046771016804, 32.206645115526968 ], [ -111.03701341288992, 32.206666683496543 ], [ -111.036989252174337, 32.206682304720843 ], [ -111.036969116461989, 32.206695323293559 ], [ -111.036946587717637, 32.206709889895656 ], [ -111.036929760808832, 32.206720768884679 ], [ -111.036925586367346, 32.206723467888565 ], [ -111.03692384337036, 32.20672459477786 ], [ -111.036922700667589, 32.206725398478056 ], [ -111.036909084437312, 32.20673496599116 ], [ -111.036855486626706, 32.206772629716703 ], [ -111.036824074196389, 32.206794703576534 ], [ -111.036796709260145, 32.206813932350116 ], [ -111.036776883977396, 32.206827863904984 ], [ -111.036759488259619, 32.206840088057106 ], [ -111.036749086490218, 32.206847398085152 ], [ -111.036747527293116, 32.206848493785053 ], [ -111.036746782038975, 32.2068489999387 ], [ -111.036741677356943, 32.206852468040175 ], [ -111.036734169287513, 32.206857567968548 ], [ -111.036668105253028, 32.20690244610455 ], [ -111.03659307349848, 32.206953417706579 ], [ -111.036466890063892, 32.20703913617853 ], [ -111.036464944436659, 32.207040265257938 ], [ -111.036385053269299, 32.207086614366105 ], [ -111.036356826752311, 32.207102989950201 ], [ -111.036327919682734, 32.207119760301936 ], [ -111.036309181282775, 32.207130631307258 ], [ -111.036306831491132, 32.207131652957031 ], [ -111.036208567340893, 32.207174375797422 ], [ -111.036073086745446, 32.207219727025112 ], [ -111.035924697241697, 32.207248325880322 ], [ -111.035755236257444, 32.207267915414086 ], [ -111.035713186924923, 32.207272775507889 ], [ -111.035709607392675, 32.2072729534787 ], [ -111.035591327932707, 32.207278828986773 ], [ -111.035580524608989, 32.207279365142995 ], [ -111.035447223417449, 32.207285986259059 ], [ -111.035295478300981, 32.207287224569619 ], [ -111.035024353259857, 32.207289436646946 ], [ -111.034790267326713, 32.207291345563426 ], [ -111.034615546227741, 32.207292769096973 ], [ -111.034470096801144, 32.207283206679378 ], [ -111.034409597657557, 32.207279228581932 ], [ -111.034254922678272, 32.207269058634218 ], [ -111.034208177687418, 32.207265985382136 ], [ -111.034117221110264, 32.207242333864755 ], [ -111.034069127835181, 32.20722982788007 ], [ -111.034002853370509, 32.207202210965697 ], [ -111.033960657984238, 32.207184628204516 ], [ -111.033907459944317, 32.207155934660925 ], [ -111.03382848182541, 32.20711333335413 ], [ -111.033826970631381, 32.207112640112946 ], [ -111.03372101531923, 32.207063998354833 ], [ -111.033680992632938, 32.207045623532629 ], [ -111.03368007321717, 32.207045160783146 ], [ -111.033585952748993, 32.206997810926993 ], [ -111.033546637393925, 32.206978032337545 ], [ -111.033541970254731, 32.206976273625955 ], [ -111.033497589207727, 32.206959539402128 ], [ -111.033487885632653, 32.20695658845306 ], [ -111.03344026145993, 32.20694210417745 ], [ -111.033426956462634, 32.206939512246123 ], [ -111.033353379342728, 32.206925176699954 ], [ -111.033332949134689, 32.206921196655372 ], [ -111.033313972563661, 32.2069174991179 ], [ -111.03330529419577, 32.206915808867947 ], [ -111.033253273534669, 32.206914478625286 ], [ -111.033207278465227, 32.206913294177482 ], [ -111.033186184881274, 32.206912760794552 ], [ -111.033175379874351, 32.206912486886367 ], [ -111.033174815706431, 32.206912473023792 ], [ -111.03317422512697, 32.206912448154633 ], [ -111.033168886603761, 32.206912221463782 ], [ -111.033115973186625, 32.206909975876883 ], [ -111.033076735305173, 32.206908310128568 ], [ -111.033071814528924, 32.206908101684363 ], [ -111.033070330138671, 32.206908038102029 ], [ -111.033069125105115, 32.206908044109646 ], [ -111.03305298538568, 32.206908136929464 ], [ -111.032994330805849, 32.206908472799881 ], [ -111.032939486538083, 32.206908786577479 ], [ -111.032924368351829, 32.206908872993729 ], [ -111.032889813951442, 32.206912210836471 ], [ -111.032785198403587, 32.206922314146304 ], [ -111.03274559557093, 32.206926138817707 ], [ -111.032744270021297, 32.206926212519058 ], [ -111.032690560273593, 32.206929203550459 ], [ -111.032631964341405, 32.206932467017317 ], [ -111.032568542724334, 32.206935998826708 ], [ -111.032520629724516, 32.206938667783525 ], [ -111.032512413218825, 32.206939125271475 ], [ -111.032505430995073, 32.206939513832786 ], [ -111.03249904203031, 32.206939869567378 ], [ -111.032491123749281, 32.20694031020097 ], [ -111.032485603977278, 32.206940617903385 ], [ -111.032482087918311, 32.206940814263476 ], [ -111.032480036449968, 32.206940927977094 ], [ -111.032479724428001, 32.206940945635338 ], [ -111.032479348845769, 32.206940954732559 ], [ -111.032455646903614, 32.206941523064565 ], [ -111.032373635419802, 32.206943489944706 ], [ -111.032234920679457, 32.206946817796947 ], [ -111.032108600122001, 32.206949848030803 ], [ -111.031965173633438, 32.20695328781671 ], [ -111.031830632705692, 32.206956515468988 ], [ -111.031818096344992, 32.206956816421858 ], [ -111.031786456266516, 32.206957574370286 ], [ -111.031785058976126, 32.206957607878742 ], [ -111.031780743873725, 32.206957618259935 ], [ -111.03176898024887, 32.206957645047652 ], [ -111.031759214004495, 32.206957666875816 ], [ -111.031747273242985, 32.206957693323538 ], [ -111.031338740402774, 32.206958610113396 ], [ -111.030862524872077, 32.206959677270582 ], [ -111.030469388743143, 32.206960556633156 ], [ -111.030335179532628, 32.206960856762365 ], [ -111.030175039446718, 32.206961214819835 ], [ -111.030006848344584, 32.206961590162948 ], [ -111.029848323778737, 32.206961943804977 ], [ -111.02973708386213, 32.20696219247931 ], [ -111.029634969506091, 32.206962420308429 ], [ -111.029538009293418, 32.206962636423299 ], [ -111.029440476280868, 32.206962853855138 ], [ -111.029324521389043, 32.206963111465072 ], [ -111.029177683023491, 32.20696343806415 ], [ -111.029025659760876, 32.206963775887814 ], [ -111.02892654307152, 32.206963996233739 ], [ -111.028808299104909, 32.206964258941071 ], [ -111.028765527915752, 32.20696435357555 ], [ -111.028764635833966, 32.20696435542709 ], [ -111.028741181602271, 32.20696409962374 ], [ -111.028662855897224, 32.206963243792167 ], [ -111.028574426862434, 32.206962278164063 ], [ -111.028525465089871, 32.206961742138247 ], [ -111.028459597260522, 32.206961022392782 ], [ -111.028428994562006, 32.2069606874526 ], [ -111.028401444278799, 32.206960386576242 ], [ -111.028360424316062, 32.206959937847543 ], [ -111.028321866015659, 32.206959516322264 ], [ -111.028285623008344, 32.206959120974211 ], [ -111.028261134696109, 32.20695885330651 ], [ -111.028225162154342, 32.206958459841651 ], [ -111.028188470530651, 32.206958057705918 ], [ -111.028156682069294, 32.206957710759625 ], [ -111.028128629069755, 32.206957403585413 ], [ -111.028090959558909, 32.206956991843384 ], [ -111.028052714144607, 32.206956573336882 ], [ -111.028017065085351, 32.206956183890078 ], [ -111.027990582841781, 32.206955894038536 ], [ -111.027948306065582, 32.206955431832846 ], [ -111.027913078075343, 32.206955046218368 ], [ -111.027869355693753, 32.206954568413195 ], [ -111.027835187245444, 32.206954194734749 ], [ -111.027794850321996, 32.206953753329969 ], [ -111.027745273409337, 32.206953210873586 ], [ -111.027714669659659, 32.206952875753153 ], [ -111.027673146980916, 32.206952421463122 ], [ -111.027620301285438, 32.206951843347582 ], [ -111.027575869372939, 32.206951356844236 ], [ -111.02752372367911, 32.20695078631644 ], [ -111.027474666470837, 32.206950249212525 ], [ -111.027427972284215, 32.206949738629959 ], [ -111.027385192790163, 32.206949270896452 ], [ -111.027350135563623, 32.206948887228094 ], [ -111.027319891360307, 32.206948556344827 ], [ -111.027285040951739, 32.206948175015064 ], [ -111.027245924796404, 32.206947746531938 ], [ -111.027218402104097, 32.206947445591886 ], [ -111.027191993054188, 32.206947156087985 ], [ -111.027176140199884, 32.206946982330763 ], [ -111.027150445981263, 32.206946702356539 ], [ -111.027115027095931, 32.206946314274802 ], [ -111.027086689865016, 32.206946003967708 ], [ -111.027058200962216, 32.206945692587048 ], [ -111.027034315091768, 32.206945430724382 ], [ -111.027013600426798, 32.206945203797794 ], [ -111.026991312887148, 32.206944959486833 ], [ -111.026982856681741, 32.206944867515126 ], [ -111.026963486862243, 32.206944655454947 ], [ -111.026940741142056, 32.206944406107127 ], [ -111.026918202239088, 32.206944159112503 ], [ -111.026898837723351, 32.206943947079793 ], [ -111.026882475779104, 32.206943767899283 ], [ -111.02686325974517, 32.206943557807882 ], [ -111.026843898420609, 32.206943344887335 ], [ -111.026835335099392, 32.206943251250031 ], [ -111.026801644999651, 32.206942882462592 ], [ -111.026789691989592, 32.206942751436685 ], [ -111.026786313967705, 32.206942714132971 ], [ -111.026786042433869, 32.206942713123595 ], [ -111.02678368882799, 32.206942700165015 ], [ -111.026771960033713, 32.206942636549456 ], [ -111.026759322249376, 32.206942568338334 ], [ -111.026745640773058, 32.206942494583238 ], [ -111.026735087190886, 32.206942437432701 ], [ -111.026723345669069, 32.206942373723038 ], [ -111.026707237402618, 32.206942286488911 ], [ -111.026692452838446, 32.206942206766932 ], [ -111.026678944256304, 32.206942133319842 ], [ -111.02666212640996, 32.206942041986771 ], [ -111.026646930307066, 32.206941960264309 ], [ -111.026632089537785, 32.206941879237782 ], [ -111.026615409575498, 32.206941788869159 ], [ -111.026601476727009, 32.206941713328845 ], [ -111.026587496149588, 32.206941637450988 ], [ -111.0265717601701, 32.206941552820517 ], [ -111.026558813738944, 32.206941482416383 ], [ -111.02654068491006, 32.206941384542972 ], [ -111.026524836511257, 32.206941298213337 ], [ -111.026509242667245, 32.206941213673979 ], [ -111.026491813872909, 32.206941119820449 ], [ -111.026471274172735, 32.206941007667936 ], [ -111.026454631325095, 32.206940918441305 ], [ -111.026434146778669, 32.206940806671142 ], [ -111.026416912091491, 32.206940713272218 ], [ -111.026395888720273, 32.206940599505401 ], [ -111.026377061979375, 32.206940497595888 ], [ -111.026357071693852, 32.206940389293706 ], [ -111.026345790501964, 32.206940327888752 ], [ -111.026331958407113, 32.20694025393005 ], [ -111.026319835045925, 32.206940188395791 ], [ -111.026307041348616, 32.206940119041498 ], [ -111.02629275318553, 32.206940040964916 ], [ -111.02627908125703, 32.206939967226553 ], [ -111.026265352053798, 32.20693989308338 ], [ -111.026251951659191, 32.206939820352588 ], [ -111.02624001179862, 32.206939755201176 ], [ -111.026229886718525, 32.206939701026329 ], [ -111.026217572441723, 32.206939634137655 ], [ -111.026209838098481, 32.206939592289984 ], [ -111.0262009974942, 32.206939543552167 ], [ -111.026193114660771, 32.206939500657676 ], [ -111.026184103283967, 32.206939451617671 ], [ -111.026174308073308, 32.206939398859916 ], [ -111.026162188955297, 32.206939333340422 ], [ -111.026153446982306, 32.206939286195791 ], [ -111.026142679151889, 32.206939227486721 ], [ -111.026131968587549, 32.206939170081952 ], [ -111.026122213690314, 32.206939116702273 ], [ -111.026114063565856, 32.206939072821932 ], [ -111.026106949708719, 32.206939034436758 ], [ -111.026095791552478, 32.206938973876134 ], [ -111.026085069321198, 32.206938916385212 ], [ -111.026071399523659, 32.206938841737575 ], [ -111.025796973602851, 32.206937351137313 ], [ -111.025793853143014, 32.206937333658608 ], [ -111.025774363494108, 32.20693722789008 ], [ -111.025757013200263, 32.206937133586557 ], [ -111.025753502414531, 32.206937114258224 ], [ -111.025748325523438, 32.206937066054358 ], [ -111.025453285377509, 32.206934297642221 ], [ -111.025134049345226, 32.206931301109044 ], [ -111.024716929813394, 32.206927384185263 ], [ -111.024672168476073, 32.206926963778621 ], [ -111.024669100103452, 32.206926934915813 ], [ -111.024669008896865, 32.206926933370475 ], [ -111.024664502194213, 32.206926904279939 ], [ -111.024648057890815, 32.206926796375917 ], [ -111.024625265598189, 32.206926647288313 ], [ -111.024603484108212, 32.206926504426768 ], [ -111.024574792487897, 32.206926316411071 ], [ -111.024541454169196, 32.206926097404235 ], [ -111.024507738252822, 32.206925876625917 ], [ -111.024462989466102, 32.206925583392319 ], [ -111.024434635131897, 32.20692539772498 ], [ -111.02439977372137, 32.206925168834005 ], [ -111.024361801425158, 32.206924919781407 ], [ -111.024311288014928, 32.206924588514546 ], [ -111.024251062245995, 32.206924193181678 ], [ -111.024173743054718, 32.206923686174072 ], [ -111.024113800480492, 32.206923292774945 ], [ -111.024067961357972, 32.206922991704118 ], [ -111.024037721194176, 32.206922793535597 ], [ -111.023986735803035, 32.206922458806751 ], [ -111.023938283238763, 32.206922141039925 ], [ -111.023892996714352, 32.206921843807578 ], [ -111.023853434510983, 32.206921584277147 ], [ -111.023812605899593, 32.206921315790922 ], [ -111.023758724937565, 32.206920962325128 ], [ -111.023701395806469, 32.206920586285932 ], [ -111.023621396374452, 32.20692006091199 ], [ -111.023569765058582, 32.206919721452458 ], [ -111.023517850542959, 32.206919380873039 ], [ -111.023444450475225, 32.206918898399977 ], [ -111.02338527583052, 32.206918509178941 ], [ -111.023326410894938, 32.206918122118594 ], [ -111.023277231791923, 32.206917799866616 ], [ -111.023228590453598, 32.206917479592036 ], [ -111.023184205495824, 32.206917187575009 ], [ -111.023146502618701, 32.206916940061376 ], [ -111.023093416099599, 32.206916591024729 ], [ -111.023039683640789, 32.206916238302064 ], [ -111.022984792960415, 32.206915877369546 ], [ -111.022941593805584, 32.206915593649285 ], [ -111.022893848725232, 32.206915278679659 ], [ -111.022870591884384, 32.206915125991664 ], [ -111.022856281622992, 32.206915031137477 ], [ -111.022841133969209, 32.206914660713323 ], [ -111.022804716644458, 32.206913766553328 ], [ -111.022623043580282, 32.206909309342642 ], [ -111.022323716547163, 32.206901964385324 ], [ -111.02198409310742, 32.206893629236745 ], [ -111.021722594986272, 32.206887211591315 ], [ -111.021332256206591, 32.206877630090148 ], [ -111.020864023516296, 32.206866135537815 ], [ -111.020458644471034, 32.206856182340729 ], [ -111.020413258891153, 32.206855067902715 ], [ -111.020327103931649, 32.206852951066296 ], [ -111.020298607254745, 32.206852250319258 ], [ -111.020281873209882, 32.206851837679032 ], [ -111.020271279288536, 32.206851894235761 ], [ -111.020238167329367, 32.206852069800313 ], [ -111.020120558625138, 32.206852692324524 ], [ -111.019923015555904, 32.2068537371172 ], [ -111.019775276732304, 32.206854518066727 ], [ -111.019597224270953, 32.206855458923059 ], [ -111.019429186542794, 32.206856347049452 ], [ -111.019242377427446, 32.20685733348212 ], [ -111.019069444241069, 32.206858247705846 ], [ -111.018906031484036, 32.206859110254442 ], [ -111.018739569012794, 32.206859988809157 ], [ -111.018578397661372, 32.206860839797898 ], [ -111.018431688860758, 32.206861613867744 ], [ -111.018287811259455, 32.20686237271358 ], [ -111.018190995801149, 32.206862883267469 ], [ -111.01809996790314, 32.206863363635975 ], [ -111.017914508103345, 32.206864341462676 ], [ -111.017741216403408, 32.206865254927614 ], [ -111.017599179244499, 32.206866003529264 ], [ -111.017412190882013, 32.206866988687402 ], [ -111.017257673766352, 32.20686780235232 ], [ -111.017127354944407, 32.206868488590921 ], [ -111.017004983414438, 32.206869132947638 ], [ -111.016876869934308, 32.206869807565923 ], [ -111.016776550763623, 32.206870335388579 ], [ -111.016652474582841, 32.206870988012938 ], [ -111.01653005957138, 32.206871631600237 ], [ -111.016410523487082, 32.206872260397205 ], [ -111.016316713203608, 32.206872753938626 ], [ -111.016245808138592, 32.206873126463655 ], [ -111.016203762388642, 32.206873347368933 ], [ -111.016198505212628, 32.206873374858013 ], [ -111.016198220960888, 32.206873372833485 ], [ -111.016192124370363, 32.20687333211729 ], [ -111.016111200342266, 32.2068727872891 ], [ -111.015919744398317, 32.206871497362251 ], [ -111.015695240908016, 32.206869983368705 ], [ -111.015422155665519, 32.206868141613803 ], [ -111.015138383390564, 32.206866227573165 ], [ -111.014909569500347, 32.206864683251993 ], [ -111.01487578585737, 32.206864454912633 ], [ -111.01486816406873, 32.206864403253782 ], [ -111.014866168995226, 32.206864389925158 ], [ -111.014866076701722, 32.206864391070503 ], [ -111.014864526910344, 32.20686439985645 ], [ -111.014860104522128, 32.206864426931411 ], [ -111.014854308435517, 32.206864461342604 ], [ -111.01485046841897, 32.206864484454698 ], [ -111.014816203172572, 32.206864690052981 ], [ -111.014715568225284, 32.206865295152234 ], [ -111.014617729509354, 32.206865881343013 ], [ -111.014521979444098, 32.206866457110394 ], [ -111.014413295327444, 32.206867109146152 ], [ -111.014287366138873, 32.206867865266759 ], [ -111.014171271429404, 32.206868561599855 ], [ -111.014072824872216, 32.206869152949956 ], [ -111.013985729713923, 32.206869674664254 ], [ -111.013882635896451, 32.206870293108516 ], [ -111.013795844109083, 32.206870814152687 ], [ -111.013697836721718, 32.206871402034096 ], [ -111.013634786205074, 32.206871780492627 ], [ -111.013587568861482, 32.206872063692508 ], [ -111.013480939478796, 32.206872702548253 ], [ -111.013394451081382, 32.206873220974934 ], [ -111.013318569405968, 32.20687367534434 ], [ -111.013231041448549, 32.20687419975895 ], [ -111.013167096698439, 32.206874583318012 ], [ -111.013121898021708, 32.206874853714815 ], [ -111.01312031428111, 32.206874863138559 ], [ -111.013119465474915, 32.206874886832942 ], [ -111.013116666543681, 32.2068749642279 ], [ -111.013069707504272, 32.206876264543553 ], [ -111.013025668352839, 32.206877483804242 ], [ -111.012976175638414, 32.206878853453752 ], [ -111.012916140774379, 32.206880514772337 ], [ -111.012857545687865, 32.206882136754139 ], [ -111.012770522018457, 32.206884545677028 ], [ -111.012720597466739, 32.20688592747014 ], [ -111.012669280872643, 32.206887347989102 ], [ -111.012625084685766, 32.206888571398252 ], [ -111.012567975014676, 32.206890150659099 ], [ -111.012516389977307, 32.20689157911648 ], [ -111.012464263834005, 32.206893021719537 ], [ -111.012419305845157, 32.206894265761527 ], [ -111.012396468759491, 32.206894897840968 ], [ -111.012364351060853, 32.206895786392117 ], [ -111.012357343124236, 32.206895979761704 ], [ -111.012357002542785, 32.206895989049464 ], [ -111.012356733068842, 32.206895994336648 ], [ -111.012350495050995, 32.206896096716747 ], [ -111.012296041741351, 32.206896998640246 ], [ -111.012153896434782, 32.206899350118746 ], [ -111.012036626840484, 32.206901290533786 ], [ -111.011900096807651, 32.206903549335628 ], [ -111.011839907274407, 32.206904545287223 ], [ -111.011798146447958, 32.206905235718551 ], [ -111.01179547619212, 32.206905279735558 ], [ -111.011795166413819, 32.206905284733125 ], [ -111.0117935095424, 32.206905288205853 ], [ -111.011775556567969, 32.206905325650176 ], [ -111.0117235549952, 32.206905434127428 ], [ -111.011586237305323, 32.206905718252528 ], [ -111.011400153303484, 32.206906103074196 ], [ -111.011199520239984, 32.206906517798075 ], [ -111.010941227654214, 32.206907051232903 ], [ -111.010730042395764, 32.206907487014512 ], [ -111.010489938279321, 32.206907982114984 ], [ -111.01031988415177, 32.206908333239468 ], [ -111.010140850901053, 32.206908701820211 ], [ -111.010006361168848, 32.206908978352608 ], [ -111.009831593142721, 32.206909338303426 ], [ -111.009635494781548, 32.20690974068404 ], [ -111.00937743031318, 32.206910270755898 ], [ -111.009166964281576, 32.206910702774188 ], [ -111.008908539178663, 32.206911232907366 ], [ -111.008684957158778, 32.206911690795792 ], [ -111.008466586541317, 32.206912137927482 ], [ -111.008265728685927, 32.206912549084784 ], [ -111.008054766266511, 32.206912980193593 ], [ -111.007891001313723, 32.206913314629155 ], [ -111.007765852475146, 32.206913569343477 ], [ -111.007653770841983, 32.206913797942356 ], [ -111.007647114723241, 32.206913811410139 ], [ -111.007620181566537, 32.206913866665644 ], [ -111.007615885584528, 32.206913875457481 ], [ -111.00760913187807, 32.206913889123442 ], [ -111.007603882292059, 32.206913900076579 ], [ -111.007602865049705, 32.206913901780659 ], [ -111.007602757916217, 32.206913901912166 ], [ -111.007602241277468, 32.206913909019384 ], [ -111.007598899583385, 32.206913953530851 ], [ -111.007596538125924, 32.206913984348333 ], [ -111.007484650823528, 32.206915470446198 ], [ -111.007324266547272, 32.206917599656073 ], [ -111.007183811494116, 32.206919463496696 ], [ -111.007044425769465, 32.206921314132508 ], [ -111.006917666341721, 32.206922996644394 ], [ -111.006828023039091, 32.206924186794716 ], [ -111.006768548329859, 32.20692497624978 ], [ -111.006732707351219, 32.206925451491003 ], [ -111.006725673888923, 32.206925544261139 ], [ -111.006725394869093, 32.206925549467641 ], [ -111.006724895083792, 32.206925568416374 ], [ -111.006706887811305, 32.206926265792525 ], [ -111.006531955170601, 32.206933039233427 ], [ -111.006435174294097, 32.20693678672221 ], [ -111.006321416490806, 32.206941191079679 ], [ -111.006229112484391, 32.206944765028084 ], [ -111.006156986806872, 32.206947558048022 ], [ -111.006046248935931, 32.206951845925943 ], [ -111.005954161382235, 32.20695541131218 ], [ -111.005879197188818, 32.206958313590384 ], [ -111.005804773108608, 32.206961194464071 ], [ -111.005777458701616, 32.206962252122267 ], [ -111.005761157707312, 32.206962883197413 ], [ -111.005517819568993, 32.206972302541132 ], [ -111.00196188972555, 32.20696137340822 ], [ -111.001919446556172, 32.206961241284283 ], [ -111.001914078425017, 32.206961226793943 ], [ -111.001911782017999, 32.206961222804381 ], [ -111.001909599108259, 32.206961218734172 ], [ -111.00190464248648, 32.206961209024492 ], [ -111.001890771768998, 32.206961184418006 ], [ -111.001866040595445, 32.206961139846982 ], [ -111.001044711283939, 32.206959664698047 ], [ -111.001025092667888, 32.206959629031537 ], [ -111.000998535009572, 32.206959578277441 ], [ -111.000995259670859, 32.20695956357401 ], [ -111.00096759992563, 32.206959407433708 ], [ -111.000724522350367, 32.206958034433704 ], [ -111.000467846147359, 32.206956584065509 ], [ -111.00026161572471, 32.206955419473744 ], [ -110.999995913394159, 32.206953917151793 ], [ -110.999985190181661, 32.206953856538 ], [ -110.999971261678823, 32.206953777192069 ], [ -110.99996361541973, 32.206953734377159 ], [ -110.999955108974959, 32.206953686226591 ], [ -110.999950272397683, 32.206953658372228 ], [ -110.999946806977562, 32.206953559294931 ], [ -110.99986757324028, 32.206951283905809 ], [ -110.999725683153116, 32.206947208530153 ], [ -110.99964387264383, 32.206944858399162 ], [ -110.999604198519151, 32.206943719298806 ], [ -110.999544149718417, 32.206941994099417 ], [ -110.999507035422141, 32.206940928549322 ], [ -110.99950024670072, 32.206940732303167 ], [ -110.999500101474922, 32.206940723133165 ], [ -110.99949894521616, 32.206940625463986 ], [ -110.999253255456395, 32.206919891823979 ], [ -110.999078161186318, 32.206905115343304 ], [ -110.999006621526775, 32.20689907780627 ], [ -110.998959403579491, 32.206895092581995 ], [ -110.998881248389253, 32.206880381844002 ], [ -110.998679925938674, 32.206842486266204 ], [ -110.998439429274001, 32.206797216571076 ], [ -110.998390677805162, 32.206788039881374 ], [ -110.998376521369551, 32.206784256689055 ], [ -110.998351545026466, 32.206777582095611 ], [ -110.998324627497269, 32.206770388371915 ], [ -110.998299440648523, 32.206763657227519 ], [ -110.998288357343725, 32.206760694468329 ], [ -110.998252312524144, 32.206751060810312 ], [ -110.998220781629684, 32.206742635018927 ], [ -110.998185424442468, 32.20673318489974 ], [ -110.998154277582941, 32.206724860181353 ], [ -110.998127976821991, 32.206717831422779 ], [ -110.998100757846103, 32.206710556100546 ], [ -110.998057985012977, 32.206699124855604 ], [ -110.998021534020779, 32.206689382666852 ], [ -110.997987827140122, 32.206680374657211 ], [ -110.997956641174, 32.206672039686175 ], [ -110.997941221688237, 32.206667918099164 ], [ -110.997910148919487, 32.206659613699721 ], [ -110.997890793103153, 32.20665444082546 ], [ -110.997873554094454, 32.206649832546468 ], [ -110.997855723725934, 32.206645067558149 ], [ -110.997839339472861, 32.206640688238537 ], [ -110.997828335528681, 32.206637747660004 ], [ -110.997814630852631, 32.206634084926336 ], [ -110.997806565677436, 32.206631928652712 ], [ -110.997793417436228, 32.206628415155528 ], [ -110.99778534380421, 32.206626256113609 ], [ -110.997780109475727, 32.206624857208311 ], [ -110.997773614164643, 32.206623121773433 ], [ -110.997742987862637, 32.206614935110579 ], [ -110.997728691841544, 32.206611114758395 ], [ -110.997725828190084, 32.206610349933996 ], [ -110.997725547875064, 32.20661027304461 ], [ -110.997723992979829, 32.206609840588079 ], [ -110.997705779803368, 32.206604749940944 ], [ -110.997642892020238, 32.206587176076162 ], [ -110.997597587028551, 32.206574515111448 ], [ -110.99750415398529, 32.206548404249908 ], [ -110.997351294245505, 32.206505685987239 ], [ -110.997219994443427, 32.206468993448659 ], [ -110.99709725605382, 32.206434692473536 ], [ -110.996993779068305, 32.206405774735323 ], [ -110.996902288377839, 32.206380206033742 ], [ -110.996880083407049, 32.20637400042451 ], [ -110.996864504070217, 32.206369646675476 ], [ -110.99685815238908, 32.206367871656404 ], [ -110.996854382634353, 32.206366817947298 ], [ -110.996854080129339, 32.206366732778093 ], [ -110.996850493800039, 32.206365686716126 ], [ -110.996844613536794, 32.206363971039572 ], [ -110.996824764489688, 32.206358178464427 ], [ -110.996805772095115, 32.206352636514985 ], [ -110.996784778729022, 32.206346510047105 ], [ -110.996755861816169, 32.206338072249288 ], [ -110.996736742526892, 32.206332492391212 ], [ -110.996711270233291, 32.20632505903496 ], [ -110.996679966339855, 32.206315923871053 ], [ -110.996653298967757, 32.206308141816926 ], [ -110.996627040892506, 32.206300479071807 ], [ -110.996608750764494, 32.206295142409793 ], [ -110.996585814625419, 32.20628844804714 ], [ -110.996557615865129, 32.20628021924432 ], [ -110.996532462994224, 32.206272879261824 ], [ -110.996515499110117, 32.206267929203705 ], [ -110.996498439001314, 32.206262949584435 ], [ -110.996475668916219, 32.206256304207528 ], [ -110.9964541224671, 32.206250016741116 ], [ -110.9964358154443, 32.206244674520327 ], [ -110.996425417143286, 32.206241639929125 ], [ -110.996414790401147, 32.206238538742568 ], [ -110.996405998591371, 32.206235973071088 ], [ -110.996396971994699, 32.206233338954547 ], [ -110.996388430837328, 32.206230846350955 ], [ -110.996387789940314, 32.206230658614317 ], [ -110.996386001622056, 32.20623012884834 ], [ -110.996381862366221, 32.206228902891475 ], [ -110.996367168784943, 32.206224547412475 ], [ -110.996358861746444, 32.206222084467804 ], [ -110.996353748495693, 32.206220569147206 ], [ -110.996341340276814, 32.206216891342642 ], [ -110.996324371910035, 32.206211861865341 ], [ -110.996310724252638, 32.206207816106819 ], [ -110.996291018959326, 32.206201974894206 ], [ -110.996266594881405, 32.206194735758615 ], [ -110.996245199634103, 32.206188393444087 ], [ -110.996219012638846, 32.206180631029078 ], [ -110.996201976614657, 32.20617558030083 ], [ -110.996178583665213, 32.206168646259464 ], [ -110.996149383720791, 32.206159991627622 ], [ -110.996127870045171, 32.206153614161572 ], [ -110.9961138935045, 32.20614947129512 ], [ -110.9960989218131, 32.206145033497293 ], [ -110.996088377016463, 32.206141907628876 ], [ -110.996076558941425, 32.206138403639642 ], [ -110.996036672517789, 32.206126580595807 ], [ -110.995831741333092, 32.206065834308852 ], [ -110.995790567946017, 32.206053629358564 ], [ -110.995784741924808, 32.206051903206195 ], [ -110.99578421525986, 32.206051747862602 ], [ -110.995775329372748, 32.206049153505617 ], [ -110.995756374186058, 32.206043616179798 ], [ -110.994968322304103, 32.205813426963275 ], [ -110.994952292495967, 32.205808744135425 ], [ -110.994919868006875, 32.205799273004892 ], [ -110.994705531125206, 32.205743664404572 ], [ -110.994329429776187, 32.205646087464224 ], [ -110.994278831193256, 32.205632959233284 ], [ -110.993729906860366, 32.20553446857663 ], [ -110.99368299133539, 32.205526050199886 ], [ -110.99368135234819, 32.205525755961965 ], [ -110.993681131894334, 32.205525739021482 ], [ -110.993645123910724, 32.205522953729876 ], [ -110.993304458928634, 32.205496596592347 ], [ -110.993253935031376, 32.205492687009418 ], [ -110.993141901718715, 32.205484018278533 ], [ -110.993029994950945, 32.20547689430667 ], [ -110.992978394490663, 32.205473612539556 ], [ -110.99255682153796, 32.205478998297998 ], [ -110.991890105406796, 32.20552404604863 ], [ -110.991085499789705, 32.20568057338329 ], [ -110.990195918606915, 32.205905866919544 ], [ -110.989564102433704, 32.206065874462745 ], [ -110.989385150465779, 32.206112270710797 ], [ -110.98935114718617, 32.206121083804994 ], [ -110.988818316532232, 32.206259229035659 ], [ -110.988811502592895, 32.206329226856823 ], [ -110.988801261374363, 32.206434445738253 ], [ -110.988777650269583, 32.206677011663842 ], [ -110.988749305757622, 32.206968192038417 ], [ -110.988749088982459, 32.206970424279646 ], [ -110.988722605343, 32.207111847827882 ], [ -110.988643555421405, 32.207533973200626 ], [ -110.98856450472978, 32.207956097580755 ], [ -110.988209497929233, 32.208532348263404 ], [ -110.987744867126551, 32.208766918967335 ], [ -110.986630185433739, 32.209329657462341 ], [ -110.98662811094664, 32.209330355548268 ], [ -110.986333085843626, 32.209429586519356 ], [ -110.985701735392979, 32.20964193793727 ], [ -110.985036186350243, 32.210289859187014 ], [ -110.984634937161118, 32.21068047416761 ], [ -110.984274505797103, 32.211326814688462 ], [ -110.983914068190458, 32.211973153111508 ], [ -110.98238646913596, 32.211977790986367 ], [ -110.981719156160636, 32.211975142764693 ], [ -110.981382455970973, 32.211973804734562 ], [ -110.981372801240767, 32.211973765771219 ], [ -110.980329615737688, 32.211969615710281 ], [ -110.980055733883006, 32.211976092909538 ], [ -110.97958329623026, 32.211979860557371 ], [ -110.979553168962624, 32.211980100773381 ], [ -110.979340628459241, 32.211981795104549 ], [ -110.979104971099488, 32.211982613310234 ], [ -110.979104930500441, 32.211979436771117 ], [ -110.978834619345591, 32.211977727562918 ], [ -110.978630575496268, 32.211976437357137 ], [ -110.978544868346162, 32.211976037652235 ], [ -110.978102213673623, 32.21198003880837 ], [ -110.977812122446736, 32.21198266083973 ], [ -110.97758494707341, 32.211984713382428 ], [ -110.977017528997806, 32.211989838252457 ], [ -110.975603953486427, 32.211999038300988 ], [ -110.974321043063441, 32.212011471915744 ], [ -110.973897393733409, 32.212020852250753 ], [ -110.973134601977108, 32.212016106511918 ], [ -110.972437478763922, 32.212012245279134 ], [ -110.972377262335883, 32.212011911838431 ], [ -110.971600966679333, 32.212023634263304 ], [ -110.970830414383244, 32.212026804986067 ], [ -110.970068407937774, 32.212024624940597 ], [ -110.969308099305238, 32.212033960334622 ], [ -110.968547186240528, 32.212039485419879 ], [ -110.968498312666313, 32.212040274104801 ], [ -110.967958417278666, 32.212064384035173 ], [ -110.967750889720548, 32.212073651092133 ], [ -110.967014656076316, 32.212060820556928 ], [ -110.966236029329991, 32.2120438865674 ], [ -110.965456200550832, 32.212059102377928 ], [ -110.964690149335297, 32.21206266542611 ], [ -110.963922098039319, 32.212058854363853 ], [ -110.963171747101384, 32.212062644670446 ], [ -110.962400500676324, 32.21207501238942 ], [ -110.961626906466662, 32.212079074391291 ], [ -110.960866730452366, 32.212086736701451 ], [ -110.959786576747973, 32.21206137482406 ], [ -110.957280056460249, 32.212100644590514 ], [ -110.956813779542344, 32.212107944182819 ], [ -110.956787081979385, 32.212108361928898 ], [ -110.956695830290059, 32.212109790121907 ], [ -110.956634355025329, 32.212110751776805 ], [ -110.956312917984647, 32.212115782856635 ], [ -110.954694063134795, 32.212118249172008 ], [ -110.953160263573807, 32.212121770502442 ], [ -110.952542473202783, 32.212130331683035 ], [ -110.952376497089062, 32.212132630669075 ], [ -110.952192781684715, 32.21213543800328 ], [ -110.952150584889665, 32.212131767589391 ], [ -110.948976164654553, 32.211781959403758 ], [ -110.948728420314524, 32.211751003265185 ], [ -110.948681450168195, 32.211824256851997 ], [ -110.94868112331848, 32.211824770192926 ], [ -110.948680913114075, 32.211825086927433 ], [ -110.948473829068348, 32.212126474447381 ], [ -110.948439099590317, 32.212177022659176 ], [ -110.948388711352166, 32.212250360872318 ], [ -110.94838567667, 32.212254848554167 ], [ -110.948385074268671, 32.212255738549935 ], [ -110.948313795489895, 32.212361073072138 ], [ -110.948303205494156, 32.212376717965924 ], [ -110.94774076040261, 32.213134276691306 ], [ -110.946411046481799, 32.214795241568048 ], [ -110.946311804427992, 32.214919202944671 ], [ -110.94622434590076, 32.215028444047206 ], [ -110.946114035364886, 32.215162349468038 ], [ -110.945479048454416, 32.21593314281138 ], [ -110.944971947602653, 32.216557009617439 ], [ -110.944719863361399, 32.21690687199294 ], [ -110.944404911279904, 32.217446238292212 ], [ -110.944381938170864, 32.217501836651437 ], [ -110.944335457248897, 32.217614325161854 ], [ -110.944281702501044, 32.217744414493453 ], [ -110.944159122337027, 32.218041061386586 ], [ -110.944073754977836, 32.218352212612565 ], [ -110.944038231106305, 32.21848169447798 ], [ -110.944022596467107, 32.218593279386091 ], [ -110.9440191097503, 32.218618161810291 ], [ -110.944003523260392, 32.218729404390857 ], [ -110.944003476120713, 32.218729746720882 ], [ -110.943992912080944, 32.218869739283406 ], [ -110.943951156635677, 32.219423099374787 ], [ -110.943947457199855, 32.219472136384276 ], [ -110.943945639525779, 32.219627486638693 ], [ -110.943942626600787, 32.219884914938653 ], [ -110.943942296332636, 32.219913139451698 ], [ -110.943940692268342, 32.22005022040905 ], [ -110.943940688590459, 32.220050565778884 ], [ -110.943944034784309, 32.220195090597151 ], [ -110.943947378405241, 32.220339558577606 ], [ -110.943950515546121, 32.220475024774871 ], [ -110.943950249716394, 32.220612456907965 ], [ -110.943948907273594, 32.221309623149601 ], [ -110.94394875095891, 32.221390745401465 ], [ -110.943948650872699, 32.221442679694221 ], [ -110.943947673311669, 32.221494626172053 ], [ -110.943945963674111, 32.221585628559737 ], [ -110.943931389925325, 32.222361759255151 ], [ -110.943928722701742, 32.222503819958035 ], [ -110.943928344302591, 32.222515143936086 ], [ -110.943924131040632, 32.222641196210468 ], [ -110.943923763705428, 32.222652178482683 ], [ -110.94392375263989, 32.222652520188248 ], [ -110.943922344614322, 32.22268093028638 ], [ -110.943918623541279, 32.222755986483101 ], [ -110.943869383632887, 32.223749105530203 ], [ -110.943863811273161, 32.223861502745557 ], [ -110.943863440153649, 32.223868954352092 ], [ -110.943864164603184, 32.224026934838882 ], [ -110.943868736979482, 32.225022643043381 ], [ -110.943869356244193, 32.225157527930783 ], [ -110.943869377749635, 32.225161584492085 ], [ -110.943870501169002, 32.225304217203131 ], [ -110.943879209701038, 32.226409098244083 ], [ -110.943880291403715, 32.226546183500425 ], [ -110.943880294108965, 32.226546527115403 ], [ -110.943880271933864, 32.226683958288461 ], [ -110.943880105304231, 32.2277260085013 ], [ -110.943880093613814, 32.22780239722124 ], [ -110.943880085207567, 32.227851388621744 ], [ -110.943880569137136, 32.227900374793172 ], [ -110.943881584574839, 32.228003043286797 ], [ -110.943885512627418, 32.228399875057491 ], [ -110.943907886490777, 32.228783564048243 ], [ -110.943917638287317, 32.228989074965192 ], [ -110.943924138369766, 32.229126055777407 ], [ -110.943924154914441, 32.229126394989642 ], [ -110.943924011178396, 32.229237388275074 ], [ -110.943923707331649, 32.229471865843763 ], [ -110.943923540080661, 32.229601497788721 ], [ -110.943924168170014, 32.229710450773766 ], [ -110.943927718755958, 32.230325367005435 ], [ -110.943928509696491, 32.230462453549457 ], [ -110.943928512392034, 32.230462798065965 ], [ -110.943930158730765, 32.230567594263178 ], [ -110.943946941546116, 32.231635669215201 ], [ -110.94394880765384, 32.23175439481173 ], [ -110.943948391899198, 32.231854963611561 ], [ -110.943948339892032, 32.231867413754372 ], [ -110.943946634299039, 32.232280154243576 ], [ -110.943946053151961, 32.232420942081276 ], [ -110.943950425080274, 32.232679011993696 ], [ -110.943952748237123, 32.232816083227597 ], [ -110.943952754096145, 32.232816429571983 ], [ -110.943950892406619, 32.232917871010407 ], [ -110.943939748852728, 32.23352530505808 ], [ -110.943939214855135, 32.233554411727624 ], [ -110.943936311694159, 32.233712667069881 ], [ -110.943936310762183, 32.233712754539305 ], [ -110.94393565766201, 32.233748358812704 ], [ -110.943933801016556, 32.233849519808437 ], [ -110.943933790906385, 32.233850169943487 ], [ -110.943936009158932, 32.233974876381311 ], [ -110.94393623555024, 32.233987585681909 ], [ -110.943950098438009, 32.234766642831339 ], [ -110.943950420883226, 32.234784776419886 ], [ -110.943950457491709, 32.23478681752205 ], [ -110.943952544154769, 32.234904058558925 ], [ -110.943951931781982, 32.235021975023763 ], [ -110.943951831014147, 32.235041489648779 ], [ -110.943947572098381, 32.23586319496281 ], [ -110.943947045627681, 32.235964880202275 ], [ -110.943946565487067, 32.236057935373736 ], [ -110.943947662806281, 32.236151019821094 ], [ -110.943949186896305, 32.23628062677588 ], [ -110.943960192715465, 32.237216273603437 ], [ -110.943961804832696, 32.237353351895138 ], [ -110.943961809630594, 32.237353698231097 ], [ -110.943963624966472, 32.237491122579634 ], [ -110.943977729966676, 32.238558817773274 ], [ -110.943979152532862, 32.238666486220254 ], [ -110.943980276780636, 32.238808820141792 ], [ -110.943985737513032, 32.239499403913335 ], [ -110.943985813624025, 32.239509089145436 ], [ -110.943986172275473, 32.239554393035959 ], [ -110.94398689830507, 32.239646173249362 ], [ -110.943986901000173, 32.239646517765358 ], [ -110.94398690708887, 32.23978394978262 ], [ -110.94398694245065, 32.240532870102577 ], [ -110.943986948579251, 32.240647494172869 ], [ -110.943987260043016, 32.240655307233133 ], [ -110.943988931300751, 32.240785836891966 ], [ -110.943998328037722, 32.241519677684465 ], [ -110.943998413530252, 32.241526391489458 ], [ -110.944000168835302, 32.241663471695404 ], [ -110.944000173652356, 32.241663816227636 ], [ -110.943999745558585, 32.241800563084411 ], [ -110.943997371060732, 32.242558118483878 ], [ -110.943996975916818, 32.242684601063822 ], [ -110.944005530942022, 32.242777867277816 ], [ -110.944042141281344, 32.243176977931988 ], [ -110.944051213536909, 32.243275883589099 ], [ -110.944061623291148, 32.243609922840371 ], [ -110.944061884309491, 32.243618288324164 ], [ -110.944066165114208, 32.243755672000155 ], [ -110.944065872252992, 32.243864496817373 ], [ -110.944065794454829, 32.2438931037373 ], [ -110.944065742687314, 32.243912298567196 ], [ -110.94406273133923, 32.245026207263727 ], [ -110.944062652335745, 32.245055623101145 ], [ -110.944066129567403, 32.2454467184089 ], [ -110.944066057736549, 32.245497464129642 ], [ -110.944066059380077, 32.245497807735447 ], [ -110.94406598875554, 32.24554883843998 ], [ -110.944078110636653, 32.247123260037874 ], [ -110.944079274136584, 32.247272654419795 ], [ -110.944083727065063, 32.247844193048429 ], [ -110.944084837519043, 32.248344918524324 ], [ -110.944084974049602, 32.248406179231189 ], [ -110.944085037280317, 32.248434693427605 ], [ -110.944085279191526, 32.24854361066155 ], [ -110.94408773296918, 32.248666134429158 ], [ -110.944088564190366, 32.248707619986121 ], [ -110.944089505599962, 32.248754597566027 ], [ -110.944089980702927, 32.248778320862591 ], [ -110.944090014957098, 32.248780085083965 ], [ -110.944090765418267, 32.248817499208307 ], [ -110.944092259113546, 32.24889200996045 ], [ -110.944087772185597, 32.249042355510795 ], [ -110.944085770174169, 32.249109411068623 ], [ -110.944083858480241, 32.249173468773563 ], [ -110.94405724732421, 32.250065185174186 ], [ -110.944054549734119, 32.250155574432149 ], [ -110.944049529518168, 32.250236272901198 ], [ -110.94404636906124, 32.250293030678407 ], [ -110.944046253457074, 32.250295114793076 ], [ -110.944039730249187, 32.250371461235872 ], [ -110.944017622791108, 32.250630201350781 ], [ -110.944015316455094, 32.250651831749479 ], [ -110.94398117146244, 32.250972184297751 ], [ -110.943941019764168, 32.251991939137291 ], [ -110.943935498762002, 32.253021510703597 ], [ -110.94392411099237, 32.253994824805325 ], [ -110.943910904967368, 32.254735142787297 ], [ -110.943860230614504, 32.255738452468272 ], [ -110.943833142235803, 32.257559070653322 ], [ -110.943833133188548, 32.257559719892313 ], [ -110.94383687281838, 32.259387909451874 ], [ -110.943820773354048, 32.261200453388163 ], [ -110.943799015819337, 32.262974640443375 ], [ -110.943786865495298, 32.264798735384701 ], [ -110.943786545104615, 32.264846969282061 ], [ -110.943786422062914, 32.264897696418295 ], [ -110.943781842240483, 32.266763768254172 ], [ -110.943780891841513, 32.268577067982854 ], [ -110.94378166343688, 32.269129916003962 ], [ -110.943787413240841, 32.270400689229362 ], [ -110.943788799822073, 32.272166305314286 ], [ -110.943788835185572, 32.272209837125438 ], [ -110.943788811034324, 32.272253375692316 ], [ -110.943787759352048, 32.274110108140789 ], [ -110.943789450061132, 32.274449267734347 ], [ -110.943796580234235, 32.275879672724507 ], [ -110.943798412231331, 32.27800020176258 ], [ -110.943798193372373, 32.278399584959026 ], [ -110.943790832838843, 32.279505849173738 ], [ -110.943808314699197, 32.28313435068911 ], [ -110.943813084973726, 32.283986518686419 ], [ -110.94381316535457, 32.28400076526021 ], [ -110.943813158649235, 32.284002387571775 ], [ -110.943809970225175, 32.284795464109379 ], [ -110.943809810630455, 32.284834969538892 ], [ -110.943632203094609, 32.284983957676388 ], [ -110.943630010925006, 32.284985641603619 ], [ -110.943635421190294, 32.286409114999593 ], [ -110.943636857713273, 32.286710197423162 ], [ -110.943637674347229, 32.286936715822144 ], [ -110.94363855647147, 32.287140898602225 ], [ -110.943639073103483, 32.287260217914501 ], [ -110.943732827069269, 32.287268327151139 ], [ -110.943734539036285, 32.287429914650779 ], [ -110.943737517609478, 32.287662376404107 ], [ -110.943867451067547, 32.287662005920026 ], [ -110.944022285128938, 32.287661563797961 ], [ -110.944022437409345, 32.287685187072128 ], [ -110.944024448797066, 32.287761995587381 ], [ -110.94402443792346, 32.287838787621382 ], [ -110.944021595854437, 32.287915558745965 ], [ -110.944104519190802, 32.287915252424838 ], [ -110.94451347717397, 32.287913333742651 ], [ -110.944527727327795, 32.288662729560691 ], [ -110.944780803214357, 32.288542703136464 ], [ -110.944927612450229, 32.288639522753755 ], [ -110.944772419060982, 32.288854704804336 ], [ -110.944737121844085, 32.288940503057681 ], [ -110.944798762245085, 32.288963654551381 ], [ -110.944860827299919, 32.28898491908307 ], [ -110.944924129579775, 32.289003960217052 ], [ -110.944925178673287, 32.289000361038042 ], [ -110.944950300118364, 32.288920497706734 ], [ -110.9450069659664, 32.288936051813614 ], [ -110.945064254486681, 32.288950064077049 ], [ -110.945122369341192, 32.288962451292882 ], [ -110.945180500703884, 32.288973291999177 ], [ -110.945876771852568, 32.289093063339635 ], [ -110.945972445908652, 32.289110978490733 ], [ -110.946033780215942, 32.289124935749527 ], [ -110.946094691770952, 32.28914060858537 ], [ -110.946154776135458, 32.289157992086388 ], [ -110.946214032390102, 32.2891771728208 ], [ -110.946272664201956, 32.289198067584735 ], [ -110.946330266070532, 32.289220671458963 ], [ -110.946387041652727, 32.289244902141377 ], [ -110.946442788208714, 32.289270756271478 ], [ -110.946497505880203, 32.289298320425843 ], [ -110.946550994654132, 32.289327335150332 ], [ -110.946603252697741, 32.289357972678744 ], [ -110.946654281846477, 32.289390060780349 ], [ -110.946704082091756, 32.28942360035839 ], [ -110.946752451753525, 32.28945858806135 ], [ -110.946886683132988, 32.289559260549041 ], [ -110.947082687591717, 32.289203421404615 ], [ -110.947141998962607, 32.28909574220831 ], [ -110.947184771216342, 32.289181538229386 ], [ -110.94722920800163, 32.289262966908062 ], [ -110.947276894260014, 32.289343132730615 ], [ -110.947327832761701, 32.289421775992473 ], [ -110.947382022572498, 32.289498985060341 ], [ -110.94743926476086, 32.289574498680693 ], [ -110.947499355488375, 32.289648317088442 ], [ -110.947562499513367, 32.289720354375355 ], [ -110.947628494978659, 32.289790524217189 ], [ -110.947697141106659, 32.289858738494516 ], [ -110.947768639450004, 32.289924913077584 ], [ -110.947842790281541, 32.289988960756681 ], [ -110.947919391759285, 32.29005079340444 ], [ -110.948516644910157, 32.2905064239796 ], [ -110.948667151736814, 32.290617527131275 ], [ -110.948821749244289, 32.290724366126696 ], [ -110.948980438326515, 32.290826856187337 ], [ -110.949143018958949, 32.29092473694449 ], [ -110.949309289568731, 32.291018093412838 ], [ -110.949479250758259, 32.29110666766374 ], [ -110.94965229830899, 32.291190369382107 ], [ -110.949828836682414, 32.291269200750705 ], [ -110.950008258460869, 32.291343072333667 ], [ -110.950090215365762, 32.29137400887123 ], [ -110.950190364806957, 32.291411810350041 ], [ -110.950375156605332, 32.291475329122576 ], [ -110.950562227388573, 32.291533711201239 ], [ -110.950751378159495, 32.291586697134505 ], [ -110.950942808767891, 32.291634460687945 ], [ -110.951135714044952, 32.291676736872731 ], [ -110.951667904124534, 32.291785344029577 ], [ -110.951822874214784, 32.291819340941167 ], [ -110.951976382751653, 32.291857621834794 ], [ -110.952128228203208, 32.291900270848579 ], [ -110.95227820767586, 32.291947199864694 ], [ -110.952329997431178, 32.291965032931003 ], [ -110.952426524852598, 32.29199832567506 ], [ -110.952572572527671, 32.292053641845179 ], [ -110.952716352665817, 32.292113064529346 ], [ -110.952857866197547, 32.292176507168257 ], [ -110.952996708515528, 32.292243880107172 ], [ -110.953075341297392, 32.292286226153038 ], [ -110.953155617640363, 32.292326266130416 ], [ -110.953237332813828, 32.292364083244323 ], [ -110.953320692300494, 32.292399422042926 ], [ -110.95340528980779, 32.292432450767713 ], [ -110.953491127142414, 32.292462998085277 ], [ -110.953578204298722, 32.292491063993026 ], [ -110.953666319417081, 32.292516560374473 ], [ -110.953755471722374, 32.292539660369762 ], [ -110.953845259476921, 32.29256010119046 ], [ -110.953936085164031, 32.292577973380304 ], [ -110.954027342592283, 32.292593272314804 ], [ -110.95411923438617, 32.292605912061852 ], [ -110.954211558958164, 32.292615979461019 ], [ -110.954304315111088, 32.29262338612434 ], [ -110.954397303076803, 32.292628046659445 ], [ -110.954490318277337, 32.292630129949465 ], [ -110.955918395746892, 32.292653460549936 ], [ -110.955918430435929, 32.292707748219314 ], [ -110.955918321931804, 32.293007526626099 ], [ -110.955918252184134, 32.293203978168592 ], [ -110.955920112251448, 32.293871331966876 ], [ -110.955006526123981, 32.293870303829181 ], [ -110.955018528634866, 32.293940315587164 ], [ -110.955095328897471, 32.294635470331961 ], [ -110.954885288521538, 32.294893538578307 ], [ -110.954656033074187, 32.295189771776734 ], [ -110.954266502300939, 32.295800112704214 ], [ -110.954150726997753, 32.296247959789035 ], [ -110.954341763315966, 32.296142816420307 ], [ -110.954510734306311, 32.29636477629596 ], [ -110.954159847561542, 32.296552450864759 ], [ -110.954921681701052, 32.298591369913062 ], [ -110.953717433883412, 32.299599905285959 ], [ -110.953910338922725, 32.301174420460036 ], [ -110.953442862935105, 32.301807441905268 ], [ -110.955192150282826, 32.301729726534013 ], [ -110.955209837334507, 32.301510564732766 ], [ -110.955212560999229, 32.301482496714762 ], [ -110.955216497306466, 32.301454523604967 ], [ -110.955221645341084, 32.301426731970338 ], [ -110.955227803217625, 32.301399034600848 ], [ -110.955234970197395, 32.301371601933333 ], [ -110.955243551699922, 32.301344351383207 ], [ -110.955252937529778, 32.301317451450807 ], [ -110.955263737880387, 32.301290733635263 ], [ -110.955275342723553, 32.301264451208638 ], [ -110.955288158383055, 32.301238435920801 ], [ -110.955301981322322, 32.301212857565723 ], [ -110.95531701219619, 32.301187718573004 ], [ -110.955332848631357, 32.301163014074319 ], [ -110.955349690359313, 32.301138833967975 ], [ -110.95536753831253, 32.301115089883147 ], [ -110.955386391724431, 32.3010919549615 ], [ -110.955406251499042, 32.30106934353735 ], [ -110.955426912881748, 32.301047339723198 ], [ -110.955448579731751, 32.301025944169226 ], [ -110.955471048346979, 32.301005241897819 ], [ -110.955494318727418, 32.300985232908545 ], [ -110.955518391777318, 32.30096583153567 ], [ -110.955543265678727, 32.300947210011152 ], [ -110.955568738724722, 32.300929364995156 ], [ -110.955595012465125, 32.300912214153193 ], [ -110.955622087224825, 32.300895927929943 ], [ -110.955649760058762, 32.300880419107635 ], [ -110.955678030967405, 32.300865687685835 ], [ -110.955706900099344, 32.300851820239352 ], [ -110.955736366551108, 32.300838902433142 ], [ -110.955766228291537, 32.30082676048265 ], [ -110.955796688257109, 32.300815482506337 ], [ -110.955827541862519, 32.300805237389255 ], [ -110.955858791810925, 32.30079576903681 ], [ -110.955890233665485, 32.300787332909351 ], [ -110.955922272696185, 32.300779759845035 ], [ -110.955954503477045, 32.300773133331852 ], [ -110.955986926166986, 32.300767539043122 ], [ -110.956019542584116, 32.300762804746277 ], [ -110.956052551566941, 32.300759105102408 ], [ -110.95608555164938, 32.300756349580347 ], [ -110.956118539795838, 32.300754624731063 ], [ -110.956151720760332, 32.300753846440365 ], [ -110.956701754086822, 32.300748840122189 ], [ -110.956689193966128, 32.299772087289625 ], [ -110.956680466269333, 32.299103393126131 ], [ -110.956675007603238, 32.298681078426235 ], [ -110.956659950957658, 32.297519025109544 ], [ -110.957274852861559, 32.297517687343998 ], [ -110.957447591165263, 32.297517367718605 ], [ -110.9587481897955, 32.297514530650759 ], [ -110.959429448760602, 32.297511881364798 ], [ -110.95999682820522, 32.297509654139454 ], [ -110.959989136895459, 32.298029964995102 ], [ -110.959603632677954, 32.298451807116159 ], [ -110.959157762753122, 32.298939589763052 ], [ -110.959198656919185, 32.298993843725171 ], [ -110.959184608076768, 32.299002670533106 ], [ -110.959465928314415, 32.299429395869524 ], [ -110.960002040149234, 32.299150684498109 ], [ -110.960060817607811, 32.299120121059609 ], [ -110.960079524150515, 32.299110814512964 ], [ -110.960098426103315, 32.299102110052154 ], [ -110.960117729111985, 32.299093837890737 ], [ -110.960137428334889, 32.299086256812437 ], [ -110.960157324930307, 32.299079192162125 ], [ -110.960177620620854, 32.299072645468215 ], [ -110.960198111866021, 32.299066788336539 ], [ -110.960218798523229, 32.299061533289986 ], [ -110.960239681483102, 32.29905679556478 ], [ -110.960260760008282, 32.29905274649974 ], [ -110.96028183222441, 32.299049297991331 ], [ -110.96030330262866, 32.299046454005797 ], [ -110.960324766715203, 32.299044211478495 ], [ -110.960346223584821, 32.299042656074882 ], [ -110.960367877821213, 32.299041618000246 ], [ -110.960389522880305, 32.299041352706695 ], [ -110.960641761903361, 32.299040514514175 ], [ -110.96064742950638, 32.29904012727139 ], [ -110.960653100706722, 32.299039397366371 ], [ -110.960658571830479, 32.299038408027144 ], [ -110.960664047622572, 32.299037075131963 ], [ -110.960669324237315, 32.299035397137153 ], [ -110.960674400775318, 32.299033459708156 ], [ -110.960679481972065, 32.299031179625018 ], [ -110.960684160317498, 32.299028637670347 ], [ -110.960688843321606, 32.299025753061535 ], [ -110.960693122565601, 32.299022693148487 ], [ -110.960697203693726, 32.299019288143938 ], [ -110.960700882123461, 32.29901570784326 ], [ -110.960704360629251, 32.299011954683856 ], [ -110.960707639058185, 32.299007942090491 ], [ -110.960710311995399, 32.299003753567177 ], [ -110.960712784109475, 32.298999477850693 ], [ -110.960714853525275, 32.298995026838213 ], [ -110.96071652024284, 32.298990400529753 ], [ -110.960717985228627, 32.298985773595419 ], [ -110.960718843833178, 32.29898105549502 ], [ -110.960719500553054, 32.298976250193476 ], [ -110.960719551044804, 32.29897144030118 ], [ -110.960719399814408, 32.298966628881267 ], [ -110.960689577167471, 32.298551172795229 ], [ -110.960673717804255, 32.298135136142228 ], [ -110.960731083005896, 32.297506798821367 ], [ -110.96096892409993, 32.297498109726675 ], [ -110.961229657046161, 32.297488583409567 ], [ -110.961227691695612, 32.297656584604567 ], [ -110.961232402932481, 32.297824464080392 ], [ -110.961243791682975, 32.297992137073258 ], [ -110.961262061357772, 32.298159346300608 ], [ -110.961287013123581, 32.298325919812328 ], [ -110.961306533617773, 32.298451134706092 ], [ -110.961922592827847, 32.298455795518528 ], [ -110.962597102462027, 32.29846089509109 ], [ -110.963060732939155, 32.299327069052239 ], [ -110.963056552700706, 32.299378576143276 ], [ -110.964236132503757, 32.299384217768122 ], [ -110.964248139978196, 32.297578564219087 ], [ -110.964395554282532, 32.297485446623881 ], [ -110.964346404332275, 32.297485333776841 ], [ -110.963887086213603, 32.296400070318164 ], [ -110.963888874891396, 32.295905846170022 ], [ -110.963889761516413, 32.295660939862024 ], [ -110.963519499439727, 32.295653420288012 ], [ -110.962299996716922, 32.295486069378448 ], [ -110.962204088976378, 32.295470140616281 ], [ -110.962108613834275, 32.295451637666901 ], [ -110.962013972758058, 32.295430650141498 ], [ -110.961920168776118, 32.295407092392466 ], [ -110.961827198883711, 32.295381049169656 ], [ -110.961827136571571, 32.295348407526049 ], [ -110.961709771310069, 32.29531496428492 ], [ -110.961593853898862, 32.295278526141516 ], [ -110.961479178722811, 32.295239261987106 ], [ -110.961363331779935, 32.295196123686097 ], [ -110.961358298561677, 32.295193851804875 ], [ -110.961353470814757, 32.295191324461207 ], [ -110.96134905116098, 32.295188456614198 ], [ -110.961344836988047, 32.295185332403065 ], [ -110.961340826335729, 32.295182037485311 ], [ -110.961337020093126, 32.295178487097203 ], [ -110.961333622106778, 32.295174681879473 ], [ -110.961330427631609, 32.295170706856979 ], [ -110.961327639452392, 32.29516656266243 ], [ -110.961325257569143, 32.295162249295934 ], [ -110.961323078298406, 32.295157851790243 ], [ -110.961321508089426, 32.295153287548828 ], [ -110.961320141554509, 32.295148639176325 ], [ -110.961319179355129, 32.295143907289422 ], [ -110.9613186227065, 32.295139178471494 ], [ -110.961318469485235, 32.295134452706485 ], [ -110.961322380032641, 32.293874619535288 ], [ -110.961326262897629, 32.293311588351813 ], [ -110.961326307931259, 32.292272543943596 ], [ -110.961326322413171, 32.29195603501536 ], [ -110.961325253982579, 32.291710788305622 ], [ -110.961325116214894, 32.291627552457001 ], [ -110.961323771186571, 32.291292969857373 ], [ -110.961323732343459, 32.291231075300281 ], [ -110.961323681953402, 32.291147200719955 ], [ -110.962472331196466, 32.291161618266486 ], [ -110.962769793289382, 32.291165350469377 ], [ -110.962987272373923, 32.291140450313563 ], [ -110.965408087956973, 32.291831552334813 ], [ -110.966418367516312, 32.292120046128574 ], [ -110.966469988148148, 32.292135037746434 ], [ -110.966565566321108, 32.292279206124469 ], [ -110.966730682580561, 32.292349424855828 ], [ -110.966925727332338, 32.291915819530217 ], [ -110.967075983624426, 32.291839898649407 ], [ -110.969771276254477, 32.291853270511673 ], [ -110.969768851182906, 32.293351141120468 ], [ -110.969768943941745, 32.293809149584078 ], [ -110.969741252490863, 32.293807481846265 ], [ -110.969740789946044, 32.293851973052391 ], [ -110.969716409961038, 32.2956132989572 ], [ -110.968101824887881, 32.295625916245335 ], [ -110.968040656904819, 32.2962356932128 ], [ -110.968040648693588, 32.296235768001765 ], [ -110.968031858836667, 32.29632339624348 ], [ -110.967943092216885, 32.296320754207976 ], [ -110.967854349944929, 32.296315877595632 ], [ -110.967765833555987, 32.296308684052626 ], [ -110.967677542164168, 32.296299259245302 ], [ -110.967589882234421, 32.29628751965565 ], [ -110.967525257057247, 32.296278013839661 ], [ -110.967207267589146, 32.297445122248192 ], [ -110.968021200304037, 32.297443682273943 ], [ -110.968016407700162, 32.298059104178343 ], [ -110.968318647081134, 32.298015248148232 ], [ -110.9687910726566, 32.29798314845501 ], [ -110.969064244392456, 32.297953073948435 ], [ -110.969396203490092, 32.297774320386196 ], [ -110.969608172553549, 32.297658231142208 ], [ -110.969681024266009, 32.297440768397834 ], [ -110.969735843500658, 32.297440321084025 ], [ -110.969683606313154, 32.301102097922531 ], [ -110.973970759743253, 32.301086943628569 ], [ -110.97401201402019, 32.297551092621575 ], [ -110.974001354647314, 32.296986541447033 ], [ -110.973997120774044, 32.296762267078975 ], [ -110.973972426558873, 32.295591551205554 ], [ -110.972929552562817, 32.295592692869086 ], [ -110.972916174001412, 32.29378023178473 ], [ -110.972917467550843, 32.292737869376424 ], [ -110.972429228550482, 32.292737311041186 ], [ -110.972432602441472, 32.292509449180272 ], [ -110.972440923689661, 32.291921282064393 ], [ -110.972448193847711, 32.291571130582234 ], [ -110.973221557467241, 32.292005714852841 ], [ -110.973349373334784, 32.292084665301282 ], [ -110.973473914475292, 32.292167370668594 ], [ -110.973594777304044, 32.292253742277175 ], [ -110.973712165490625, 32.292343695084341 ], [ -110.973825675271371, 32.292437054739246 ], [ -110.973935307533196, 32.292533735586318 ], [ -110.974040862514485, 32.292633650471494 ], [ -110.9741421381717, 32.292736624747732 ], [ -110.974239338147953, 32.292842575174625 ], [ -110.974419045544821, 32.293008411403328 ], [ -110.974604873412588, 32.293169310515943 ], [ -110.974796822289093, 32.293325015472199 ], [ -110.974994489814421, 32.293475523243387 ], [ -110.97519767570121, 32.293620488717345 ], [ -110.975406379949447, 32.293759910965882 ], [ -110.975541018749723, 32.293844493236008 ], [ -110.975678524693208, 32.293925660815042 ], [ -110.975818696945481, 32.294003326524425 ], [ -110.975961737917714, 32.294077320518447 ], [ -110.976107244371065, 32.294147723652067 ], [ -110.976277378438184, 32.294222691993937 ], [ -110.976450395806225, 32.294292784720142 ], [ -110.976626092609195, 32.294358001202539 ], [ -110.976804267996215, 32.294418254262041 ], [ -110.976984518358165, 32.294473453407655 ], [ -110.977167045363885, 32.294523601934756 ], [ -110.977351244739978, 32.294568608762887 ], [ -110.977537115218126, 32.294608388202526 ], [ -110.977724456117016, 32.294642938753526 ], [ -110.978003758735667, 32.294684012978728 ], [ -110.978042572244135, 32.297041084457469 ], [ -110.978051218401049, 32.297310765566976 ], [ -110.978061092561461, 32.297618714434108 ], [ -110.978082066157882, 32.298606009724821 ], [ -110.976246066206201, 32.298606776431889 ], [ -110.976215671550065, 32.301079808491949 ], [ -110.976250101225475, 32.301080367102095 ], [ -110.976783966746552, 32.301089023634468 ], [ -110.976819168615975, 32.301088426300801 ], [ -110.976854583725725, 32.301086714999414 ], [ -110.97688960602575, 32.301083969086953 ], [ -110.976924637899273, 32.301080192461107 ], [ -110.976959478679149, 32.301075383628053 ], [ -110.976993925565452, 32.301069541980127 ], [ -110.977028383092815, 32.301062668725223 ], [ -110.977062445849683, 32.301054847419906 ], [ -110.977096115593625, 32.301045907634489 ], [ -110.977129390574333, 32.301036018897541 ], [ -110.977162270772226, 32.301025183012854 ], [ -110.977194756195743, 32.301013399078904 ], [ -110.977226646000219, 32.301000579928861 ], [ -110.977257937355503, 32.300986896886982 ], [ -110.977288631135409, 32.3009722651896 ], [ -110.977322151379624, 32.300958256028295 ], [ -110.977355074949372, 32.300943210741217 ], [ -110.977387198330391, 32.300927300963082 ], [ -110.977418724142538, 32.300910441627792 ], [ -110.977449653437532, 32.300892633645432 ], [ -110.977479782551427, 32.300873960271787 ], [ -110.977508909756551, 32.30085442000658 ], [ -110.977537438497848, 32.300834016753832 ], [ -110.9775651670477, 32.300812749013168 ], [ -110.977591890859358, 32.300790785706567 ], [ -110.977617815541009, 32.30076795792106 ], [ -110.977642735475172, 32.30074443547251 ], [ -110.977666651545448, 32.300720132695623 ], [ -110.977689765835592, 32.300695222439082 ], [ -110.977711672590246, 32.300669616012733 ], [ -110.977732574776809, 32.300643400599355 ], [ -110.977878024905735, 32.300465299766273 ], [ -110.977892121102585, 32.300451832274433 ], [ -110.977906616313646, 32.300438797914332 ], [ -110.977921714398022, 32.300426197299927 ], [ -110.97793741535574, 32.300414030431092 ], [ -110.977953515327712, 32.300402296693434 ], [ -110.97797001556367, 32.300391080866746 ], [ -110.977986914823404, 32.300380297269157 ], [ -110.978004416064351, 32.300370033984031 ], [ -110.978022115664785, 32.300360201435559 ], [ -110.978040212514045, 32.300350973349296 ], [ -110.978058709628101, 32.300342263173192 ], [ -110.978077605766742, 32.300333985225393 ], [ -110.978096698481167, 32.300326311149121 ], [ -110.978116189516427, 32.30031924064054 ], [ -110.978117855206037, 32.30042176961171 ], [ -110.97811940763755, 32.300517259069061 ], [ -110.978123622473092, 32.30069707454193 ], [ -110.978131231673345, 32.301018561597417 ], [ -110.978464146486587, 32.301021613534878 ], [ -110.978776020471301, 32.301024470389201 ], [ -110.979497790600306, 32.301019007393407 ], [ -110.979498246382349, 32.301073041255123 ], [ -110.979990381172854, 32.301072827896583 ], [ -110.980014755069021, 32.300846754025635 ], [ -110.980048412193668, 32.300622638324143 ], [ -110.980090756131233, 32.300399617830514 ], [ -110.980141381425241, 32.300177775199806 ], [ -110.980200282532437, 32.299957540546615 ], [ -110.980267459405781, 32.299738912956691 ], [ -110.980342908628856, 32.299522322557188 ], [ -110.980440500923166, 32.299296448001037 ], [ -110.980513831074191, 32.299148129971236 ], [ -110.980581316440222, 32.298997793574891 ], [ -110.980642752499506, 32.298845608650076 ], [ -110.980729425591221, 32.298638894014069 ], [ -110.980809241101952, 32.298430238262888 ], [ -110.980882199073108, 32.298219641410093 ], [ -110.98091644608796, 32.298115014054119 ], [ -110.980946858713409, 32.29800958450641 ], [ -110.980973636722354, 32.297903441726724 ], [ -110.980996781379233, 32.297796670497561 ], [ -110.981016087972279, 32.29768935497637 ], [ -110.981031556505343, 32.297581496066798 ], [ -110.981066808803263, 32.297395303216497 ], [ -110.981103844762814, 32.297199699587566 ], [ -110.98132144416752, 32.296139956171558 ], [ -110.982125921868757, 32.295580619344229 ], [ -110.982540609269847, 32.295496845309977 ], [ -110.98264576759729, 32.295478811474617 ], [ -110.983063880629629, 32.295317323544943 ], [ -110.983090486816948, 32.295365795454885 ], [ -110.983089533050375, 32.295715307328379 ], [ -110.983936120855077, 32.295723368679504 ], [ -110.983823688213349, 32.295523426701997 ], [ -110.983870402883099, 32.295504444138921 ], [ -110.984282801899283, 32.295505772652113 ], [ -110.984447457048375, 32.295504412125482 ], [ -110.984829483782306, 32.295508864821834 ], [ -110.985215152095208, 32.295513342328704 ], [ -110.985363831890126, 32.295511604816802 ], [ -110.985730730298968, 32.29551207799539 ], [ -110.985782901186496, 32.295513321227631 ], [ -110.98615685774304, 32.295515906765786 ], [ -110.986159269074392, 32.295299632720564 ], [ -110.986294973367677, 32.295300976472312 ], [ -110.986644015443261, 32.295306984214022 ], [ -110.9866289703684, 32.294284600388437 ], [ -110.986627907582672, 32.294230219286561 ], [ -110.98670496637682, 32.294210600662844 ], [ -110.9867031506963, 32.294150716535881 ], [ -110.986702963499184, 32.294089812725105 ], [ -110.986702020659365, 32.293825583206527 ], [ -110.98671597401588, 32.293825772563395 ], [ -110.986707018202381, 32.292840798366328 ], [ -110.986704247532543, 32.292538040507822 ], [ -110.986704651129685, 32.292537818026346 ], [ -110.986692177701286, 32.290886978615092 ], [ -110.986686930821691, 32.290192496929052 ], [ -110.986744261520471, 32.290193127526742 ], [ -110.986829096239617, 32.290194058959763 ], [ -110.98681192744273, 32.287847121396531 ], [ -110.986809146516833, 32.287467085517683 ], [ -110.986818570864969, 32.287483303783951 ], [ -110.987086899296614, 32.28748509653542 ], [ -110.987331598117393, 32.287486730125345 ], [ -110.987587015702729, 32.287488434900041 ], [ -110.98783029760466, 32.287490138260772 ], [ -110.988080861700112, 32.287491809938892 ], [ -110.988325560652086, 32.287493437094206 ], [ -110.9885664167318, 32.287495036429469 ], [ -110.988822845014923, 32.287496748838691 ], [ -110.989071386033515, 32.287498489356899 ], [ -110.98931244493609, 32.287500088758968 ], [ -110.989568670526296, 32.287501798164627 ], [ -110.989806292104973, 32.287503371384403 ], [ -110.989986413258393, 32.287504568143483 ], [ -110.989986726033862, 32.287460457979904 ], [ -110.9899885903762, 32.287277166197825 ], [ -110.989991977512162, 32.286944157527607 ], [ -110.989992633569472, 32.286879656150795 ], [ -110.989994037178391, 32.286741552911913 ], [ -110.989994773048892, 32.28666930820112 ], [ -110.989994339087161, 32.286482028820267 ], [ -110.989896367706493, 32.286481843624905 ], [ -110.989508510739682, 32.286481139781529 ], [ -110.989501630981664, 32.285684344086071 ], [ -110.989496714733448, 32.285115023091699 ], [ -110.989464147102254, 32.285114943565276 ], [ -110.988869765983793, 32.285113503873355 ], [ -110.988869787920009, 32.285047232072017 ], [ -110.988824002007689, 32.285047367281933 ], [ -110.988682151341308, 32.285047787587999 ], [ -110.988377805047335, 32.285045464771699 ], [ -110.988168909420224, 32.285043842253593 ], [ -110.987986503692724, 32.2850425007993 ], [ -110.987802278307271, 32.285041060022543 ], [ -110.987610570318253, 32.285039649593493 ], [ -110.987317954174685, 32.285037410531572 ], [ -110.987220887727915, 32.285036610388062 ], [ -110.987023517520043, 32.28503515738781 ], [ -110.986889149953527, 32.285033735151011 ], [ -110.986777419691336, 32.28503310985765 ], [ -110.986778587566945, 32.284937920679063 ], [ -110.986780286417357, 32.284771459269272 ], [ -110.986780817591679, 32.284719412010787 ], [ -110.986782578286068, 32.284507255896891 ], [ -110.986783255422139, 32.284500303352281 ], [ -110.98678414579156, 32.284495550110186 ], [ -110.986784561018283, 32.284494080498135 ], [ -110.986787038329197, 32.284353488068923 ], [ -110.98678891282762, 32.284243251827199 ], [ -110.986788616190367, 32.284034516475984 ], [ -110.986789064981821, 32.283990539882851 ], [ -110.986786206664263, 32.283798657786612 ], [ -110.986780314393386, 32.28366127460275 ], [ -110.986774741358289, 32.28353130852139 ], [ -110.986773775172082, 32.283529032429833 ], [ -110.986773138337966, 32.283527147447643 ], [ -110.986772953653556, 32.283526623934456 ], [ -110.986772770181162, 32.283526189710237 ], [ -110.986771981273165, 32.283524330662679 ], [ -110.986771196061397, 32.28352200540202 ], [ -110.986770031826865, 32.283517186526403 ], [ -110.98676927290704, 32.283512284962924 ], [ -110.986768863800449, 32.283294701917171 ], [ -110.986769717027812, 32.283250728297567 ], [ -110.986773068571139, 32.283080845790778 ], [ -110.986767743945052, 32.282933406080232 ], [ -110.986767310050297, 32.282793044687494 ], [ -110.986768520409882, 32.282575301296539 ], [ -110.986767755877793, 32.282531315758334 ], [ -110.986762538685369, 32.282150834166877 ], [ -110.986756658734976, 32.281736159710931 ], [ -110.986753263990565, 32.281692240470214 ], [ -110.986750064541909, 32.281411243439017 ], [ -110.986754539733099, 32.281240259921418 ], [ -110.986758294434608, 32.281096810847316 ], [ -110.986757994949954, 32.281089956619724 ], [ -110.986758022917058, 32.281085551438963 ], [ -110.986756642398561, 32.281000292304675 ], [ -110.986755464412568, 32.280927539285869 ], [ -110.986754765599386, 32.28088439561791 ], [ -110.986754683740301, 32.280879309656555 ], [ -110.986751403142435, 32.280824310598213 ], [ -110.986758178047211, 32.280596276878249 ], [ -110.986757997160041, 32.280594237434677 ], [ -110.986758056759257, 32.280588396790279 ], [ -110.986758166440239, 32.280587427240455 ], [ -110.986752292335012, 32.28045046076425 ], [ -110.986746165238799, 32.280307078683194 ], [ -110.986743661420164, 32.280116451716779 ], [ -110.986740970537539, 32.279904520590712 ], [ -110.986738183887368, 32.279860520143302 ], [ -110.986737697566099, 32.279615119788339 ], [ -110.986741594866032, 32.27946143066724 ], [ -110.986756290537784, 32.27930136944574 ], [ -110.986756421504765, 32.279301642759627 ], [ -110.98675989354075, 32.279301672836773 ], [ -110.989718560147196, 32.279368406685428 ], [ -110.989718594105241, 32.279368407836522 ], [ -110.990787319474265, 32.279389050578942 ], [ -110.99078736406544, 32.279389050004085 ], [ -110.992594592851134, 32.279365866922703 ], [ -110.992922903556916, 32.279361651441882 ], [ -110.99292294601598, 32.279361651752495 ], [ -110.993097206531587, 32.279362926377161 ], [ -110.994963435926266, 32.279399051386861 ], [ -110.995216518739724, 32.279403946540178 ], [ -110.995221936295678, 32.280241517397137 ], [ -110.995221948837923, 32.280243426642095 ], [ -110.995221947397297, 32.280243569119179 ], [ -110.995229864768888, 32.280945295300697 ], [ -110.997368876182833, 32.281002888919744 ], [ -110.997331133145821, 32.283080324037613 ], [ -110.999242081860586, 32.283117158615518 ], [ -110.999205245248419, 32.279504518121556 ], [ -111.003329172207728, 32.279613870529879 ], [ -111.00335763992922, 32.281427300436981 ], [ -111.003361647381638, 32.281427407880329 ], [ -111.010298691398603, 32.281610992400644 ], [ -111.010298755080129, 32.281610993759564 ], [ -111.011831937074263, 32.281651515890601 ], [ -111.013197552022859, 32.281650666082399 ], [ -111.015151343478323, 32.281643925125628 ], [ -111.01515466211508, 32.2816439127457 ], [ -111.015154910544055, 32.281643910912052 ], [ -111.015159323695627, 32.281643896426075 ], [ -111.01647484288435, 32.281639603540945 ], [ -111.016480315539638, 32.281639584838167 ], [ -111.016480540597627, 32.281639584638931 ], [ -111.016483539675775, 32.281639574455106 ], [ -111.017609526319774, 32.281635753665874 ], [ -111.017515922284147, 32.281522983432886 ], [ -111.016108261787892, 32.279803832695841 ], [ -111.016694153664645, 32.279799202473633 ], [ -111.016694273621795, 32.279799202426751 ], [ -111.016695870341465, 32.279799189457229 ], [ -111.01708513151641, 32.27979611026479 ], [ -111.017085252543936, 32.27979610932335 ], [ -111.017086881108298, 32.279796096575751 ], [ -111.017515259775436, 32.279790655983874 ], [ -111.017939026571355, 32.279787302201996 ], [ -111.018393836980195, 32.279783700684945 ], [ -111.018469787029105, 32.279883390035685 ], [ -111.018628021832129, 32.280091079758911 ], [ -111.018744014986623, 32.280243429775901 ], [ -111.018770207756504, 32.280273852337729 ], [ -111.027102317986689, 32.29043742302094 ], [ -111.028042893685807, 32.291515873155234 ], [ -111.029080687460706, 32.292705754430465 ], [ -111.030384044987343, 32.294013869253916 ], [ -111.030412018431448, 32.294049112238895 ], [ -111.030540679118488, 32.294211166461977 ], [ -111.030726321978349, 32.294444991539756 ], [ -111.030840948802179, 32.294565874391303 ], [ -111.031141152926992, 32.294882462035829 ], [ -111.031310048755415, 32.295110591022784 ], [ -111.031531001565696, 32.295331095537257 ], [ -111.032221767651919, 32.296073793132408 ], [ -111.032624350106886, 32.296506633214257 ], [ -111.03266701815042, 32.296549279754906 ], [ -111.033263265790438, 32.297157235039641 ], [ -111.033496623348057, 32.297434343738921 ], [ -111.033665411102376, 32.297591259177288 ], [ -111.033863099279358, 32.297771567749805 ], [ -111.034004687912599, 32.297938428108445 ], [ -111.034640965282193, 32.298654631059769 ], [ -111.035257512724399, 32.299383233808278 ], [ -111.035620645309692, 32.299774802965871 ], [ -111.035661784278432, 32.299822258971105 ], [ -111.03596871657949, 32.300176315913944 ], [ -111.036301125763515, 32.300587082298179 ], [ -111.037014817425856, 32.301442957129275 ], [ -111.037075564358005, 32.301515803929483 ], [ -111.037245247707503, 32.301727952938712 ], [ -111.03730854279766, 32.301814274363537 ], [ -111.037349264689524, 32.301869809043545 ], [ -111.037458162635289, 32.302008864633422 ], [ -111.03757214625054, 32.302145034546804 ], [ -111.038138902623729, 32.302881608485691 ], [ -111.038724990650763, 32.30360714799307 ], [ -111.039303634097109, 32.304350499037916 ], [ -111.039857679221427, 32.305107421238468 ], [ -111.040001341923229, 32.305292327557169 ], [ -111.039768335747709, 32.305419922036592 ], [ -111.039597692156718, 32.305513366368608 ], [ -111.039383612710495, 32.305630595332936 ], [ -111.039133966711475, 32.305767299499216 ], [ -111.03905688545295, 32.305809508120888 ], [ -111.038079186559798, 32.306344877892485 ], [ -111.040058150194298, 32.308720157922693 ], [ -111.040099335025886, 32.308770779996514 ], [ -111.040412732662531, 32.309144209690295 ], [ -111.040646517177024, 32.309424487090375 ], [ -111.040699618397596, 32.309490445076676 ], [ -111.040754865660688, 32.309559068385759 ], [ -111.041036984907365, 32.309925064000339 ], [ -111.037571278606038, 32.309923306382352 ], [ -111.037397024588174, 32.310067295610416 ], [ -111.037280892032157, 32.310163259087254 ], [ -111.0367539954416, 32.309966229369103 ], [ -111.03649144282744, 32.309921621749844 ], [ -111.03633775022648, 32.309895295284221 ], [ -111.036026380616079, 32.309857389420195 ], [ -111.035770943634645, 32.309683724437214 ], [ -111.035480540326802, 32.309590644995183 ], [ -111.035467872004673, 32.309582825243012 ], [ -111.035217341849886, 32.309445786577129 ], [ -111.034838842883985, 32.309300293452907 ], [ -111.034430111396532, 32.309143421545528 ], [ -111.03443157653598, 32.308741770887522 ], [ -111.034350656670696, 32.308742063781914 ], [ -111.034156448986536, 32.308742767598815 ], [ -111.033746588742474, 32.308744367919687 ], [ -111.033203009417051, 32.308746405384213 ], [ -111.032544320453241, 32.30874892294694 ], [ -111.032541396910091, 32.308487513468442 ], [ -111.032541655613329, 32.30848175986344 ], [ -111.032541710666678, 32.308476091406718 ], [ -111.032541563751693, 32.308470334960475 ], [ -111.032541214248724, 32.308464663669888 ], [ -111.032540663007325, 32.308458990064402 ], [ -111.032539908948209, 32.308453315940007 ], [ -111.032538750341701, 32.308447638080025 ], [ -111.032537388085544, 32.308442045368281 ], [ -111.032536026891393, 32.30843645266394 ], [ -111.032534259247385, 32.308430942785421 ], [ -111.032532289024431, 32.308425517160821 ], [ -111.032530117054563, 32.308420090122944 ], [ -111.032527741435231, 32.308414748233211 ], [ -111.03252516218393, 32.308409489688167 ], [ -111.032522380345057, 32.308404316298734 ], [ -111.032519193950492, 32.308399140075338 ], [ -111.032516005883437, 32.308394136087877 ], [ -111.032512615237636, 32.308389216354129 ], [ -111.032509020951281, 32.308384380866762 ], [ -111.032505222192313, 32.308379715292823 ], [ -111.032501220845901, 32.308375134874382 ], [ -111.032497016920814, 32.308370638709668 ], [ -111.032492609355245, 32.308366226791208 ], [ -111.03248819928514, 32.308362072775665 ], [ -111.032483586406627, 32.308357917339251 ], [ -111.03247856752958, 32.308354016979202 ], [ -111.032473546759064, 32.308350202278589 ], [ -111.032468526218707, 32.308346473252314 ], [ -111.032463097556175, 32.30834299928744 ], [ -111.032457669123815, 32.308339610996853 ], [ -111.03245223795706, 32.308336394934592 ], [ -111.029673418244229, 32.307582896253699 ], [ -111.029709212715943, 32.307251751430933 ], [ -111.029474179464401, 32.307207494033754 ], [ -111.029220100905249, 32.307207856022323 ], [ -111.029213293416873, 32.307864672260095 ], [ -111.028952757883147, 32.307800993339967 ], [ -111.02894660858, 32.30832901258151 ], [ -111.028941559165602, 32.308762632501505 ], [ -111.028936065752418, 32.309573774480313 ], [ -111.028933359736385, 32.309973420310861 ], [ -111.02892814436332, 32.31074338069579 ], [ -111.028917193470406, 32.312360398575869 ], [ -111.037417247839244, 32.312367448318909 ], [ -111.037561428195787, 32.312367562578942 ], [ -111.037547027105433, 32.316015650714185 ], [ -111.038263047429936, 32.316010586553531 ], [ -111.038598863328474, 32.316012321958766 ], [ -111.038601480987353, 32.31607650645892 ], [ -111.038606740667518, 32.31607654305347 ], [ -111.038609974905455, 32.316076823476273 ], [ -111.038613208316846, 32.31607718956613 ], [ -111.03861946817193, 32.316078349571868 ], [ -111.038625722459443, 32.316080196725281 ], [ -111.038628746415, 32.316081248544222 ], [ -111.038634386647388, 32.316083779513576 ], [ -111.038639820156519, 32.316086823081775 ], [ -111.038644641263573, 32.316090379131907 ], [ -111.038649256238557, 32.316094276439316 ], [ -111.038651258477884, 32.31609643760239 ], [ -111.038653260717311, 32.31609859876545 ], [ -111.038656655517613, 32.316103261345042 ], [ -111.038658250678182, 32.316105677596418 ], [ -111.038659642185905, 32.316108178103789 ], [ -111.038661818246325, 32.316113347143471 ], [ -111.03866280350158, 32.316116017072062 ], [ -111.038663965900923, 32.316121350405304 ], [ -111.038664343974304, 32.316124101782542 ], [ -111.038664520283149, 32.316126851756096 ], [ -111.03866458819131, 32.316224604992364 ], [ -111.03866401805648, 32.3163466623419 ], [ -111.038663337066708, 32.316459184878781 ], [ -111.038198055739997, 32.316455946994232 ], [ -111.038120373995326, 32.316455406241204 ], [ -111.038003243962677, 32.316454590793008 ], [ -111.037888542550988, 32.316453792147236 ], [ -111.037884867378096, 32.317630486998922 ], [ -111.039827637282286, 32.317634208451338 ], [ -111.039827744603329, 32.317770099908792 ], [ -111.039817041582964, 32.319342738587181 ], [ -111.039817412255275, 32.319346262768036 ], [ -111.039817580919404, 32.319349699872426 ], [ -111.039817547811793, 32.319353135574794 ], [ -111.039817514704183, 32.319356571277197 ], [ -111.039817278999251, 32.319360091244718 ], [ -111.039816841286083, 32.319363524135788 ], [ -111.039816200739125, 32.319366955617461 ], [ -111.039815562079596, 32.319370301439434 ], [ -111.039814719760741, 32.319373731519136 ], [ -111.039813878267324, 32.319377075931683 ], [ -111.039812833948758, 32.319380418033141 ], [ -111.039811587849599, 32.319383759634363 ], [ -111.039810140804036, 32.319387014166409 ], [ -111.039808693530617, 32.319390182122248 ], [ -111.039807043659721, 32.319393434343162 ], [ -111.039805395439771, 32.319396515229791 ], [ -111.039803342614007, 32.319399593305043 ], [ -111.03980149344747, 32.319402587122518 ], [ -111.039799238613142, 32.319405578121192 ], [ -111.039797187446737, 32.319408483960295 ], [ -111.039794732491316, 32.319411302222647 ], [ -111.039792278369973, 32.319414033916054 ], [ -111.039789622476576, 32.319416764207389 ], [ -111.039786967180845, 32.319419322255293 ], [ -111.039784312938252, 32.319421881212236 ], [ -111.039781456695863, 32.319424352190872 ], [ -111.039778041902949, 32.3196316865277 ], [ -111.039930990691786, 32.319631976365926 ], [ -111.040037811832079, 32.319632203516825 ], [ -111.040121569573401, 32.319632355153338 ], [ -111.040318015784152, 32.31963277529988 ], [ -111.040606109890092, 32.319633314660479 ], [ -111.040906948591385, 32.31963394270965 ], [ -111.041101979016688, 32.319634265235706 ], [ -111.04129498559206, 32.319634659094419 ], [ -111.041374494683623, 32.319634867002435 ], [ -111.041451980504249, 32.31963497515531 ], [ -111.041522183639671, 32.319635118429375 ], [ -111.041667241300829, 32.319635437111693 ], [ -111.041724497017611, 32.319635490499074 ], [ -111.04181331183905, 32.319635676976212 ], [ -111.04188047989723, 32.319635799010086 ], [ -111.041959786165592, 32.319636005143288 ], [ -111.042080364826717, 32.319636239347993 ], [ -111.042105452106668, 32.319636241865147 ], [ -111.042251724670834, 32.319636568295046 ], [ -111.042271348411575, 32.319636617692943 ], [ -111.042464963304695, 32.319636928304028 ], [ -111.042473460052349, 32.319636987163882 ], [ -111.042474422360868, 32.319957996570238 ], [ -111.042600061014241, 32.319958007414421 ], [ -111.042599812468026, 32.320068127802344 ] ], [ [ -110.993027886539181, 32.250357137549351 ], [ -110.99302467232117, 32.250357116756163 ], [ -110.993024651372266, 32.250357089548309 ], [ -110.993027886539181, 32.250357137549351 ] ] ] } }
]
}
