{
"type": "FeatureCollection",
"name": "WARD_COT",
"crs": { "type": "name", "properties": { "name": "urn:ogc:def:crs:OGC:1.3:CRS84" } },
"features": [
{ "type": "Feature", "properties": { "OBJECTID": 1, "WARD": "3", "NAME": "Kevin Dahl", "PHONE": "520-791-4711", "URL": "http://www.tucsonaz.gov/ward-3", "ADDRESS": "1510 E. Grant RD", "KEYID": 3, "UNIT": 3, "DATASOURCE": "WARD_COT", "City": "Tucson", "State": "AZ", "Zipcode": "85719", "Label": "Ward 3", "GlobalID": "{9040A2C6-2704-4A11-B25F-2FFA0A144FB6}", "created_user": null, "created_date": null, "last_edited_user": "CBOYER1", "last_edited_date": "2024-06-26T12:49:44Z", "ShapeSTArea": 585390376.68567622, "ShapeSTLength": 219598.6973714729 }, "geometry": { "type": "Polygon", "coordinates": [ [ [ -110.960849373493645, 32.299018508728537 ], [ -110.96084990506219, 32.299017938298014 ], [ -110.960851539309402, 32.299016404963147 ], [ -110.960852970782099, 32.29901486919109 ], [ -110.960854201431644, 32.299013246226174 ], [ -110.960855635764247, 32.299011539131122 ], [ -110.960856867312856, 32.299009830500658 ], [ -110.960857896077513, 32.299008120334783 ], [ -110.96085892680297, 32.299006324511438 ], [ -110.960859956466692, 32.299004528680058 ], [ -110.960860987192063, 32.299002732856671 ], [ -110.960861816042097, 32.29900084893066 ], [ -110.960862644882653, 32.298998965906392 ], [ -110.960863270948735, 32.298997080444963 ], [ -110.960864525032193, 32.298993224766427 ], [ -110.960864956635859, 32.298991253062127 ], [ -110.960865369310483, 32.298989365083202 ], [ -110.960865799852414, 32.298987393370865 ], [ -110.960866024272306, 32.298985333523746 ], [ -110.960866045009183, 32.298983357806719 ], [ -110.960866267468205, 32.298981383617082 ], [ -110.960866288195618, 32.298979408801813 ], [ -110.960860170299341, 32.298829986041916 ], [ -110.960857113643812, 32.298781409242508 ], [ -110.960853497138103, 32.298732860669034 ], [ -110.960849321806961, 32.298684343936486 ], [ -110.960849126189231, 32.298682546944001 ], [ -110.960848993932302, 32.298680782896554 ], [ -110.960838164871888, 32.298582759410856 ], [ -110.960832553476507, 32.298531969152421 ], [ -110.960811052792423, 32.298383547253209 ], [ -110.960782460756064, 32.298178463891915 ], [ -110.960762572453788, 32.297972845817966 ], [ -110.960753314306373, 32.297814294540245 ], [ -110.960749315584494, 32.29765569741199 ], [ -110.960750374388752, 32.297496966330385 ], [ -110.960750160338236, 32.297488530043331 ], [ -110.96075006942354, 32.297484951858827 ], [ -110.96075090708753, 32.297484958201842 ], [ -110.960750947431293, 32.29748495850734 ], [ -110.961241438459382, 32.297488574278383 ], [ -110.961253497029546, 32.297488662835995 ], [ -110.961253284295665, 32.297492241427719 ], [ -110.961247353536592, 32.297592209522001 ], [ -110.961245659693262, 32.297695875554872 ], [ -110.961248212580003, 32.297799572824978 ], [ -110.961253405846549, 32.297960069186743 ], [ -110.961264466571592, 32.298120352934149 ], [ -110.961281599547803, 32.298280338139925 ], [ -110.9612926920246, 32.298357850029397 ], [ -110.961296362174934, 32.298383493829832 ], [ -110.961304401774868, 32.298439679062859 ], [ -110.961305278768123, 32.298439682092685 ], [ -110.961308061597876, 32.29843968962583 ], [ -110.961308588233649, 32.29843969000413 ], [ -110.961308939671753, 32.29843969086015 ], [ -110.961920298750755, 32.298440564566278 ], [ -110.96192117682476, 32.298440565796369 ], [ -110.962609213675705, 32.298441478582177 ], [ -110.962610960767364, 32.298445081907836 ], [ -110.962986025692516, 32.299219508957407 ], [ -110.962997861354125, 32.299243946448534 ], [ -110.962990207727714, 32.299322244539837 ], [ -110.962984722006311, 32.299378362660313 ], [ -110.962985600042344, 32.299378368391871 ], [ -110.96298924920255, 32.29937838694228 ], [ -110.962989775825065, 32.299378389117138 ], [ -110.962990127257498, 32.299378390870331 ], [ -110.964225978407441, 32.299384241257727 ], [ -110.964235296171495, 32.299384285406845 ], [ -110.96423529691657, 32.299384214169159 ], [ -110.964237585267796, 32.299049384237009 ], [ -110.964241152270432, 32.298495542117102 ], [ -110.964244010446734, 32.298067534672008 ], [ -110.964244015698242, 32.298066829492839 ], [ -110.964247303690826, 32.297578629153016 ], [ -110.964389037199965, 32.297489100312859 ], [ -110.964394717948963, 32.297485516067518 ], [ -110.964349096147217, 32.29748541179935 ], [ -110.964348743650874, 32.297485410943828 ], [ -110.964348218091388, 32.297485409684569 ], [ -110.964346445021121, 32.297485402621689 ], [ -110.964345568045815, 32.297485398711423 ], [ -110.964335366992373, 32.297461300126628 ], [ -110.964232266646434, 32.297217744856574 ], [ -110.964183512641171, 32.297102531851486 ], [ -110.964038433971325, 32.296759649477792 ], [ -110.963886249936891, 32.296400135249925 ], [ -110.96388636221171, 32.296364842685229 ], [ -110.963887131602334, 32.296122520110352 ], [ -110.963888233548616, 32.296035556531223 ], [ -110.963888241987334, 32.296034851375943 ], [ -110.963889313895706, 32.295950251224859 ], [ -110.963889322334396, 32.295949546069536 ], [ -110.963891353604453, 32.295789174581095 ], [ -110.963891354245931, 32.295789113262543 ], [ -110.963891392265126, 32.295786087961559 ], [ -110.963888796492952, 32.29578576536116 ], [ -110.963888697881274, 32.295785752893316 ], [ -110.963888599269595, 32.295785740425487 ], [ -110.963881963518929, 32.295784914783596 ], [ -110.963875087073646, 32.295784058466701 ], [ -110.963874988461967, 32.295784045998857 ], [ -110.963874889850302, 32.295784033531014 ], [ -110.963871058764084, 32.295783556414804 ], [ -110.96387096015242, 32.295783543946953 ], [ -110.963870861540755, 32.29578353147911 ], [ -110.963861281166544, 32.295782339118936 ], [ -110.963861182554879, 32.295782326651086 ], [ -110.963861083943229, 32.295782314183228 ], [ -110.963846023631646, 32.2957804383705 ], [ -110.963845925019982, 32.295780425902663 ], [ -110.963845826408317, 32.295780413434777 ], [ -110.963820956688991, 32.295777316473924 ], [ -110.963820858077327, 32.295777304006045 ], [ -110.963820759465676, 32.295777291538165 ], [ -110.963785013623166, 32.295772840019552 ], [ -110.963784915011516, 32.295772827551659 ], [ -110.963784816399865, 32.295772815083751 ], [ -110.963752021554001, 32.295768730323068 ], [ -110.963751922942365, 32.29576871785514 ], [ -110.963751824330728, 32.295768705387204 ], [ -110.963723246544632, 32.29576514574304 ], [ -110.963723147932996, 32.295765133275061 ], [ -110.963723049321388, 32.295765120807111 ], [ -110.963651399681041, 32.295756196672329 ], [ -110.963651301069433, 32.295756184204315 ], [ -110.963651202457825, 32.295756171736301 ], [ -110.963567363985305, 32.295745729770402 ], [ -110.963567265373726, 32.295745717302331 ], [ -110.963567166762161, 32.295745704834246 ], [ -110.963557892847817, 32.295744549935556 ], [ -110.963557794236237, 32.295744537467471 ], [ -110.963557695624658, 32.295744524999378 ], [ -110.963525742728962, 32.295740544834452 ], [ -110.963525644117396, 32.295740532366345 ], [ -110.963525545505831, 32.295740519898239 ], [ -110.963500541149159, 32.295737405625275 ], [ -110.963500442537594, 32.295737393157147 ], [ -110.963500343926029, 32.295737380689012 ], [ -110.963348891649844, 32.295718516440537 ], [ -110.96311222455931, 32.295681854971512 ], [ -110.96267776803785, 32.295604442586061 ], [ -110.962246477747485, 32.29551442634601 ], [ -110.962200508335314, 32.29550341484623 ], [ -110.961823890003757, 32.295413200880766 ], [ -110.961823364699498, 32.295413075162671 ], [ -110.961819161213356, 32.295412068508192 ], [ -110.961819586238249, 32.295371527951161 ], [ -110.961819726910903, 32.295358110016842 ], [ -110.961820072324315, 32.295325163036452 ], [ -110.961820073506047, 32.29532505031861 ], [ -110.961820100411529, 32.295322483958294 ], [ -110.961810802084472, 32.295320423325585 ], [ -110.961749876762639, 32.295306921359192 ], [ -110.961680481037916, 32.295289560453575 ], [ -110.961611507843557, 32.295270484750127 ], [ -110.961543362580485, 32.29524961074258 ], [ -110.961476043436321, 32.295227111566895 ], [ -110.961409350506614, 32.295202813465231 ], [ -110.961405116353532, 32.295201492733668 ], [ -110.961400885059234, 32.295200000678825 ], [ -110.961396654509883, 32.295198336382974 ], [ -110.961392365860675, 32.295196542687854 ], [ -110.961390270394602, 32.295195593453798 ], [ -110.961388399944298, 32.295194752336499 ], [ -110.961386974356756, 32.295194012883201 ], [ -110.961386486578732, 32.295193751273288 ], [ -110.961385778078878, 32.295193377070056 ], [ -110.96138457748819, 32.29519274753698 ], [ -110.961376194125904, 32.295188081239694 ], [ -110.96137136699133, 32.295184989365502 ], [ -110.961366708456396, 32.295181715698696 ], [ -110.961360735195981, 32.295177053208782 ], [ -110.961353930545656, 32.29517097849871 ], [ -110.96134767166086, 32.295164495789052 ], [ -110.961341992164407, 32.29515763870144 ], [ -110.961336921394661, 32.295150444432338 ], [ -110.961332488661625, 32.295142952883481 ], [ -110.961328716895821, 32.295135204810087 ], [ -110.961325627956683, 32.295127241861088 ], [ -110.961323236253151, 32.295119107432683 ], [ -110.9613215572558, 32.29511084492902 ], [ -110.961320598975263, 32.295102500403345 ], [ -110.961320437638378, 32.295098548333648 ], [ -110.961320445884326, 32.29508004857577 ], [ -110.961320570291335, 32.294815945052861 ], [ -110.961320737265922, 32.294472269340339 ], [ -110.961320786982526, 32.29419756800521 ], [ -110.961320793424505, 32.293926990328863 ], [ -110.961320936684999, 32.293874765528798 ], [ -110.961325429343475, 32.29331139627034 ], [ -110.961325428896615, 32.293311337649008 ], [ -110.96132451237952, 32.293263887147447 ], [ -110.961325139998138, 32.293183195718811 ], [ -110.961323056643948, 32.293132709896689 ], [ -110.961322251302988, 32.292418806539914 ], [ -110.961323414679669, 32.292110790586328 ], [ -110.961323010771849, 32.291980046026467 ], [ -110.96132256385097, 32.291810480715206 ], [ -110.961322432396088, 32.291726643405191 ], [ -110.961322299877793, 32.291642806086003 ], [ -110.961321855735505, 32.291492309662743 ], [ -110.961321037782142, 32.291203944550531 ], [ -110.96132092348347, 32.291181335185442 ], [ -110.961320906160992, 32.291177925292125 ], [ -110.961321742800081, 32.291177922604788 ], [ -110.961321784212146, 32.291177922016324 ], [ -110.962160739331168, 32.29116992328138 ], [ -110.962773996902712, 32.29114767238476 ], [ -110.962774874849927, 32.291147679018003 ], [ -110.962968975426904, 32.291146921504868 ], [ -110.96331037864563, 32.291243377117837 ], [ -110.96357313580404, 32.291317600878628 ], [ -110.964205731680465, 32.291496403530985 ], [ -110.964845389024987, 32.291677060805689 ], [ -110.965123071245628, 32.291755516983457 ], [ -110.965412248826794, 32.291837238067352 ], [ -110.965412195517601, 32.291837361214377 ], [ -110.965411368642464, 32.29183927494897 ], [ -110.965411313144116, 32.291839404392199 ], [ -110.965394424068791, 32.291878506103558 ], [ -110.96539953592233, 32.29187995055009 ], [ -110.965400006984581, 32.291880083960827 ], [ -110.965632986446735, 32.291945929391183 ], [ -110.965860255084337, 32.292010174852813 ], [ -110.966089743817918, 32.292074952462322 ], [ -110.966404938222297, 32.292163996025188 ], [ -110.966406481138492, 32.292166718495359 ], [ -110.966406579143182, 32.29216689057796 ], [ -110.966444459120396, 32.292233698998757 ], [ -110.966482588229766, 32.292301158590234 ], [ -110.966483446385126, 32.292301129878069 ], [ -110.966484683698511, 32.292301088688646 ], [ -110.966485198800285, 32.292301071823658 ], [ -110.966539037495068, 32.292299263956622 ], [ -110.966539151820754, 32.292299296380541 ], [ -110.96671662553976, 32.292349127901716 ], [ -110.966723559392989, 32.292351074788357 ], [ -110.96672365398274, 32.292350861769805 ], [ -110.966723677893214, 32.292350808742604 ], [ -110.966915586379258, 32.291915985831473 ], [ -110.967017141504527, 32.291847605764957 ], [ -110.967022316447583, 32.291844121297189 ], [ -110.967023047918588, 32.291844124995571 ], [ -110.967023194421373, 32.291844126097558 ], [ -110.967074905262507, 32.291843839588616 ], [ -110.967075783339737, 32.291843834469411 ], [ -110.967950720010236, 32.291838311657919 ], [ -110.96795159808751, 32.291838306532632 ], [ -110.96799804986361, 32.29183806579853 ], [ -110.96799892793149, 32.291838061574651 ], [ -110.969708528967871, 32.291827318179323 ], [ -110.969716270308282, 32.291827269829362 ], [ -110.969717113343009, 32.29182726533076 ], [ -110.969717114505301, 32.291827562036893 ], [ -110.969717123430812, 32.291830890705903 ], [ -110.969721220102514, 32.293358328453671 ], [ -110.969722249479489, 32.293685885502775 ], [ -110.969722628767045, 32.293806468297227 ], [ -110.969711582977652, 32.295647026713162 ], [ -110.969711582236968, 32.295647097951004 ], [ -110.969702261207019, 32.295647097473122 ], [ -110.968161516741333, 32.295647051478689 ], [ -110.96816063869305, 32.295647050292523 ], [ -110.968122075549346, 32.295647013057845 ], [ -110.96812119748229, 32.295647013674895 ], [ -110.968090118000816, 32.295647029954225 ], [ -110.968090074472798, 32.295647029627162 ], [ -110.968089240008894, 32.295647023357091 ], [ -110.968089142308102, 32.295647025328428 ], [ -110.968089045315622, 32.295650527249386 ], [ -110.968078244058319, 32.296042501161125 ], [ -110.968072750553716, 32.296241487747935 ], [ -110.968072757233998, 32.296241559943347 ], [ -110.968071914158614, 32.296241564430176 ], [ -110.968063510932936, 32.296241616719605 ], [ -110.967543065309528, 32.296244845506891 ], [ -110.967543002671263, 32.296244845035972 ], [ -110.967542187311992, 32.296244838905864 ], [ -110.967541155355022, 32.296248296822071 ], [ -110.967444497106158, 32.296572022336306 ], [ -110.967276203126318, 32.297213358472085 ], [ -110.967219401020486, 32.297429985460802 ], [ -110.967204585367071, 32.297486489959638 ], [ -110.967204686245481, 32.297486488914714 ], [ -110.967205466683751, 32.297486484864535 ], [ -110.967205564254911, 32.297486495518328 ], [ -110.967209727150191, 32.297486420413712 ], [ -110.967210257125984, 32.297486405461605 ], [ -110.967441067082234, 32.297483286720109 ], [ -110.968010877712828, 32.297475394576836 ], [ -110.968017239657328, 32.29747530621092 ], [ -110.968017340535724, 32.297475305165371 ], [ -110.968017441414133, 32.297475304119786 ], [ -110.968018935526928, 32.297475283784046 ], [ -110.968019036405352, 32.297475282738475 ], [ -110.968019137283747, 32.297475281692904 ], [ -110.968019934784053, 32.297475270551367 ], [ -110.968020037851574, 32.29747526320957 ], [ -110.968020033210337, 32.297475301050902 ], [ -110.968020031933605, 32.297475729403338 ], [ -110.968020008077161, 32.297478936979367 ], [ -110.968016295748981, 32.29797383585219 ], [ -110.968015870243889, 32.298030481950867 ], [ -110.968016748784805, 32.298030438051235 ], [ -110.968020075988278, 32.29803027096775 ], [ -110.968020602772725, 32.298030256890108 ], [ -110.968317810791945, 32.298015313109097 ], [ -110.968318001190681, 32.298015280270477 ], [ -110.968437599891203, 32.297994894951735 ], [ -110.96879092851519, 32.297934668512973 ], [ -110.968791545692525, 32.297934640681767 ], [ -110.968957944881126, 32.297927207323468 ], [ -110.968958045797578, 32.297927202670202 ], [ -110.96895814671403, 32.297927198016914 ], [ -110.969005389772448, 32.297925088014829 ], [ -110.969007875468364, 32.297924976813349 ], [ -110.96900793630347, 32.297924946608347 ], [ -110.969403933419741, 32.297728666292883 ], [ -110.969566289727581, 32.297618045883276 ], [ -110.969598634255874, 32.297459999271013 ], [ -110.969599321087188, 32.297456642457426 ], [ -110.969599358246015, 32.297456642736194 ], [ -110.969599459115045, 32.297456642591122 ], [ -110.969600064301048, 32.297456644425843 ], [ -110.969600100398182, 32.297456644696659 ], [ -110.969600142902905, 32.297456641408274 ], [ -110.969600199190722, 32.297456640026923 ], [ -110.969694194311785, 32.297455069876577 ], [ -110.969703302501927, 32.297454930782862 ], [ -110.969703278113215, 32.297458603692419 ], [ -110.969699425873671, 32.298041662196127 ], [ -110.969699126679558, 32.298070435062137 ], [ -110.969693354342397, 32.298936758077588 ], [ -110.969690484266934, 32.299348960585796 ], [ -110.969690281377112, 32.299387870565923 ], [ -110.969687791731516, 32.299763482964828 ], [ -110.969685424338152, 32.300088331309652 ], [ -110.969683448309368, 32.300375644541553 ], [ -110.969678902342423, 32.301045960753896 ], [ -110.969678521142271, 32.301102217591435 ], [ -110.969679399309101, 32.30110221245581 ], [ -110.969682723158556, 32.301102174264138 ], [ -110.969682769883747, 32.301102173712835 ], [ -110.969683249876326, 32.30110216829555 ], [ -110.969683601316007, 32.301102170030234 ], [ -110.969683648041212, 32.301102169478945 ], [ -110.970751422047329, 32.301098417461212 ], [ -110.970752300195528, 32.301098414121618 ], [ -110.971306077638701, 32.301096473560186 ], [ -110.971306955786957, 32.301096470216748 ], [ -110.971443832128855, 32.301095959427172 ], [ -110.971444710277126, 32.301095956082769 ], [ -110.971445854815016, 32.301095964653022 ], [ -110.971446732860329, 32.301095971227781 ], [ -110.972793049489283, 32.30109119501693 ], [ -110.97279392763771, 32.301091191663147 ], [ -110.973960621558447, 32.301087051886938 ], [ -110.973969923326152, 32.301087018545601 ], [ -110.973969924073003, 32.301086946405981 ], [ -110.973973673146105, 32.300763888359072 ], [ -110.973980015930024, 32.30022269338226 ], [ -110.973985243443892, 32.299776703675882 ], [ -110.973987536884877, 32.299581006168246 ], [ -110.974000669627117, 32.298453385149095 ], [ -110.974003713161267, 32.298194134155736 ], [ -110.974011135931988, 32.29755478621356 ], [ -110.974011175040843, 32.297551418224828 ], [ -110.974011177635674, 32.297551167539517 ], [ -110.974010334556752, 32.297551171164045 ], [ -110.974001786982456, 32.29755120653698 ], [ -110.973999272618585, 32.29755121661961 ], [ -110.973998429539677, 32.297551220244081 ], [ -110.973998394504136, 32.297551219982438 ], [ -110.973997551425214, 32.297551223606881 ], [ -110.973994268309582, 32.297551236967067 ], [ -110.97399391684587, 32.297551238851668 ], [ -110.973993390195119, 32.297551240329881 ], [ -110.973990059341091, 32.297551249726212 ], [ -110.973989181179974, 32.297551257597689 ], [ -110.973989181926697, 32.297551185458047 ], [ -110.973989687865981, 32.297495025070219 ], [ -110.973996284499464, 32.296762332077776 ], [ -110.973971666455654, 32.295595233956014 ], [ -110.973971590211036, 32.295591624320082 ], [ -110.973964036861247, 32.295591635553144 ], [ -110.973181031379596, 32.295592804094369 ], [ -110.973180679942175, 32.295592804173317 ], [ -110.973180153302835, 32.295592805648361 ], [ -110.973176960639449, 32.29559280613686 ], [ -110.973176082609385, 32.295592803182103 ], [ -110.973175889699135, 32.295586212173397 ], [ -110.973175783890383, 32.295582589690973 ], [ -110.973001898169045, 32.295583512097274 ], [ -110.973001858887628, 32.295583511803635 ], [ -110.973001020176483, 32.295583505534324 ], [ -110.973001136162679, 32.295586964864256 ], [ -110.97300132692142, 32.295592635103233 ], [ -110.973001329368287, 32.295592706364936 ], [ -110.972991870237692, 32.295592713214134 ], [ -110.972932935689428, 32.295592755134138 ], [ -110.972932584251993, 32.295592755212418 ], [ -110.972932057622046, 32.295592755784661 ], [ -110.972928785343683, 32.295592754769892 ], [ -110.972928747123945, 32.295592754484183 ], [ -110.972927907313675, 32.295592751813395 ], [ -110.972927571034802, 32.295545589753189 ], [ -110.972927506398761, 32.2955365602919 ], [ -110.972925929019425, 32.295315200555301 ], [ -110.972915337753676, 32.293780296776866 ], [ -110.972915668057411, 32.293494603069121 ], [ -110.972916189896736, 32.293099632329664 ], [ -110.972916626860453, 32.292741540697783 ], [ -110.972916631256638, 32.292737939779279 ], [ -110.972907825547239, 32.292737929866448 ], [ -110.972433476721051, 32.292737387002752 ], [ -110.972433125294685, 32.292737387079832 ], [ -110.972432598699982, 32.292737385846827 ], [ -110.972429270305085, 32.292737379891499 ], [ -110.972428392312082, 32.292737376030303 ], [ -110.972428865287171, 32.292681200942013 ], [ -110.972437889656049, 32.291608352633283 ], [ -110.97243796811982, 32.291599041968631 ], [ -110.972438799342939, 32.291599562220476 ], [ -110.972438841536402, 32.291599588688726 ], [ -110.972969879900376, 32.291932180072571 ], [ -110.974067351450586, 32.29272943805163 ], [ -110.974071075604385, 32.292732341748383 ], [ -110.974545672225744, 32.293102283150375 ], [ -110.974546645935263, 32.293102990225904 ], [ -110.974811261863366, 32.293295216268099 ], [ -110.974814421224494, 32.293297709912416 ], [ -110.975014690819421, 32.293455731156754 ], [ -110.97501663904464, 32.293457171459373 ], [ -110.975224045523831, 32.293610534519978 ], [ -110.975439122134219, 32.293759624808871 ], [ -110.975533385880027, 32.293817278141972 ], [ -110.976134110137792, 32.294149382040537 ], [ -110.976319035706993, 32.294229540452527 ], [ -110.976507082789837, 32.294304275774188 ], [ -110.976698031422657, 32.294373500681196 ], [ -110.976891657327627, 32.294437134130938 ], [ -110.977087734026725, 32.294495102280017 ], [ -110.977286031808362, 32.294547335771341 ], [ -110.977486318742592, 32.29459377425075 ], [ -110.977688358595202, 32.294634362744283 ], [ -110.977845284007273, 32.294661822266079 ], [ -110.977995124389963, 32.294684561113527 ], [ -110.978003007105912, 32.294685756913843 ], [ -110.978003052521345, 32.294688664707323 ], [ -110.978003053864015, 32.294688740469887 ], [ -110.978004285351787, 32.294767666669806 ], [ -110.978036743417007, 32.296740556023209 ], [ -110.978041735969185, 32.297041149483071 ], [ -110.978044620569747, 32.297605091777605 ], [ -110.978049796182233, 32.298064598237566 ], [ -110.97805519228298, 32.298577810336454 ], [ -110.978055209190913, 32.298579363388953 ], [ -110.978055209509066, 32.298579435536581 ], [ -110.978045831428304, 32.298579480338148 ], [ -110.977390389085258, 32.298582640366753 ], [ -110.977389510951085, 32.298582644654729 ], [ -110.976992102627094, 32.298584486552755 ], [ -110.976991224604589, 32.298584480017013 ], [ -110.97624541891814, 32.298591109778727 ], [ -110.976244583223917, 32.29859111708037 ], [ -110.976244542519908, 32.298594544578144 ], [ -110.976239710377484, 32.299004164605414 ], [ -110.976230099057631, 32.299797789810043 ], [ -110.976224687501499, 32.300262972598759 ], [ -110.976215510575301, 32.301023840639424 ], [ -110.976214835236945, 32.30107987350469 ], [ -110.97621571328331, 32.301079880046274 ], [ -110.976219055285455, 32.301079934704596 ], [ -110.976219581854352, 32.301079943136685 ], [ -110.976219933257312, 32.301079948460135 ], [ -110.976294113573161, 32.301081144085579 ], [ -110.976294991545046, 32.301081157840606 ], [ -110.976783130517433, 32.301089080535256 ], [ -110.976818332303125, 32.30108849131755 ], [ -110.976853747412903, 32.301086780016398 ], [ -110.976854583725725, 32.301086714999414 ], [ -110.976888769703649, 32.301084035005914 ], [ -110.976923801586551, 32.301080257478553 ], [ -110.976958642366483, 32.30107544864574 ], [ -110.976993089252858, 32.301069606998041 ], [ -110.977027546780306, 32.301062733743336 ], [ -110.977061609537245, 32.301054912438268 ], [ -110.977095279281301, 32.301045972653093 ], [ -110.977128554262109, 32.301036083916337 ], [ -110.977161434460129, 32.301025248031863 ], [ -110.977187663670449, 32.301015733398522 ], [ -110.97719391988376, 32.301013464098141 ], [ -110.977225809688363, 32.301000644948303 ], [ -110.977257101043804, 32.300986961906681 ], [ -110.977287794823866, 32.300972330209468 ], [ -110.977321315068224, 32.300958321048391 ], [ -110.977354238638114, 32.300943275761533 ], [ -110.977386362019317, 32.300927365983604 ], [ -110.977417887831635, 32.300910506648535 ], [ -110.977448817126813, 32.300892698666395 ], [ -110.977478946240893, 32.300874025292963 ], [ -110.977508073446216, 32.300854485027948 ], [ -110.977536602187712, 32.300834081775399 ], [ -110.977564330737763, 32.300812814034906 ], [ -110.977591054549634, 32.300790850728504 ], [ -110.977616979231513, 32.300768022943188 ], [ -110.977641899165917, 32.300744500494794 ], [ -110.977665815236421, 32.300720197718043 ], [ -110.977688929526821, 32.300695287461672 ], [ -110.977710836281716, 32.300669681035473 ], [ -110.97773173846852, 32.300643465622237 ], [ -110.97787718859918, 32.300465364790128 ], [ -110.977889046150608, 32.300453169344358 ], [ -110.977901507459492, 32.300441321979136 ], [ -110.977914570571613, 32.300429909253936 ], [ -110.977927831874226, 32.300418840691094 ], [ -110.97794169604181, 32.300408206775963 ], [ -110.977955960295631, 32.300398005098593 ], [ -110.977970624635759, 32.300388235658858 ], [ -110.977985689936062, 32.300378813692483 ], [ -110.978001154449061, 32.300369908727603 ], [ -110.978018674492589, 32.300360705213478 ], [ -110.9780332828241, 32.300353483880492 ], [ -110.978049744086505, 32.300346047262188 ], [ -110.978066402648139, 32.300339041372894 ], [ -110.978075368577962, 32.300335631539021 ], [ -110.978083460404761, 32.300332554287991 ], [ -110.978095808561889, 32.300328281312083 ], [ -110.978100714578048, 32.300326583597773 ], [ -110.978100729306959, 32.300326802848467 ], [ -110.978100734812884, 32.300326886758242 ], [ -110.978101041634389, 32.300331526175022 ], [ -110.978101053559215, 32.300331708430434 ], [ -110.978121545346397, 32.300640953549163 ], [ -110.978122786164533, 32.300697139567376 ], [ -110.978129648731965, 32.300985266525416 ], [ -110.978130983597353, 32.301041290913176 ], [ -110.978130985825217, 32.30104138381671 ], [ -110.978131863871681, 32.30104139034497 ], [ -110.978135077657114, 32.30104141965024 ], [ -110.978135604263358, 32.30104142446735 ], [ -110.978135955685005, 32.301041427981971 ], [ -110.9787421847237, 32.301046965482158 ], [ -110.978743062751789, 32.301046973809648 ], [ -110.979210191818751, 32.301052329473436 ], [ -110.979211069828452, 32.301052339601185 ], [ -110.979496780527711, 32.301055660502207 ], [ -110.979496770374368, 32.301059226205702 ], [ -110.979496619247243, 32.301110637590611 ], [ -110.979497497294716, 32.301110644109393 ], [ -110.97950080649079, 32.301110688517291 ], [ -110.979501333079099, 32.301110695132202 ], [ -110.979501684491879, 32.301110699544793 ], [ -110.979689764466485, 32.301113182422924 ], [ -110.979690642458365, 32.301113194350833 ], [ -110.979977922331429, 32.301117070508894 ], [ -110.97998686469569, 32.301117190973088 ], [ -110.979986872860593, 32.301117119790227 ], [ -110.980068538564268, 32.30037426978312 ], [ -110.980068755306746, 32.300372811351522 ], [ -110.980074109193708, 32.300304648552533 ], [ -110.980082091008541, 32.300236590020923 ], [ -110.980092698074301, 32.300168895459223 ], [ -110.980105932337366, 32.300101478306843 ], [ -110.98012199376484, 32.300034510489667 ], [ -110.980140680606752, 32.299967992313434 ], [ -110.980161788127916, 32.29990200793052 ], [ -110.980185518419404, 32.299836729282141 ], [ -110.980211871457655, 32.299772158170207 ], [ -110.980236744794993, 32.299717556471279 ], [ -110.980242467422542, 32.299705104263545 ], [ -110.980272035443789, 32.29964538981713 ], [ -110.980305845683006, 32.299583363912134 ], [ -110.980342072332306, 32.299522387597584 ], [ -110.980439664628747, 32.299296513042151 ], [ -110.980512994781179, 32.299148195012876 ], [ -110.980580480148646, 32.298997858617014 ], [ -110.98064191620935, 32.298845673692597 ], [ -110.980728588250585, 32.298638958147606 ], [ -110.980763582502576, 32.298547510113131 ], [ -110.980780297841065, 32.298503829221723 ], [ -110.980808449842471, 32.298430261255035 ], [ -110.980829068390392, 32.298370652557686 ], [ -110.98088136278885, 32.298219706454326 ], [ -110.980920844922935, 32.298097766059314 ], [ -110.980955280698865, 32.297974758369698 ], [ -110.980984668393873, 32.29785085291843 ], [ -110.981009210963521, 32.297726139591518 ], [ -110.981028298330017, 32.297600784313524 ], [ -110.981094384991167, 32.297231998373995 ], [ -110.981145794022495, 32.296983974951793 ], [ -110.981168495880226, 32.296874372293566 ], [ -110.981320607902632, 32.296140021219074 ], [ -110.981568218229015, 32.295967869890987 ], [ -110.982121796220639, 32.295582971402951 ], [ -110.982125085609454, 32.295580684397194 ], [ -110.98248504927885, 32.295507929646362 ], [ -110.982485103534586, 32.295507919226061 ], [ -110.98248588340671, 32.295507761768143 ], [ -110.98248592383311, 32.295507753950915 ], [ -110.982539773011524, 32.295496910365721 ], [ -110.982644477177502, 32.295478954334421 ], [ -110.982644931339209, 32.29547887653105 ], [ -110.983053747067387, 32.295320979420865 ], [ -110.983063044373253, 32.295317388604168 ], [ -110.983063160036011, 32.2953176022883 ], [ -110.983063200710504, 32.295317673832614 ], [ -110.983065410341794, 32.295321698748907 ], [ -110.98306550414415, 32.295321869885974 ], [ -110.983080797460289, 32.29534973188467 ], [ -110.983089650560146, 32.295365860514302 ], [ -110.983088850329921, 32.295659272405395 ], [ -110.983088696790361, 32.295715372387711 ], [ -110.983089574786717, 32.29571537888053 ], [ -110.983092883920378, 32.295715410566217 ], [ -110.983093410496636, 32.295715415362075 ], [ -110.983093761898274, 32.295715418862507 ], [ -110.983923908064938, 32.295723323537501 ], [ -110.983935283552256, 32.295723431933112 ], [ -110.983935241815232, 32.295723360381238 ], [ -110.983903567153462, 32.295667030641447 ], [ -110.983822851955509, 32.295523491766268 ], [ -110.983841451463547, 32.29551593399745 ], [ -110.983860922040762, 32.295508021935376 ], [ -110.983869566625444, 32.295504509203475 ], [ -110.983870230164243, 32.295504514106263 ], [ -110.983870444619967, 32.295504515690844 ], [ -110.984281965604922, 32.29550584132641 ], [ -110.984282843636493, 32.29550584420393 ], [ -110.984446620791033, 32.295504477193873 ], [ -110.984447498785713, 32.295504483677227 ], [ -110.984828647562026, 32.295508926285798 ], [ -110.984829525519942, 32.295508936373466 ], [ -110.985214315875098, 32.295513403795198 ], [ -110.985214475115257, 32.295513405871937 ], [ -110.98536299563321, 32.295511669891248 ], [ -110.985363873628188, 32.295511676368221 ], [ -110.985729893986957, 32.2955121484828 ], [ -110.985782064929808, 32.295513386304876 ], [ -110.985782942924899, 32.295513392778922 ], [ -110.986146720211806, 32.295515907797096 ], [ -110.986156021486522, 32.295515971845525 ], [ -110.986156022214331, 32.29551590060732 ], [ -110.986158392829623, 32.295303300265076 ], [ -110.986158432819863, 32.295299697800345 ], [ -110.986159268337374, 32.295299704860483 ], [ -110.986159310803785, 32.295299705173512 ], [ -110.986294137131637, 32.295301039749496 ], [ -110.986295015106379, 32.295301048023447 ], [ -110.986633784533055, 32.29530687818238 ], [ -110.986643179281003, 32.295307040279525 ], [ -110.986643177885114, 32.295306969025681 ], [ -110.986628134123478, 32.294284665471508 ], [ -110.986627093810426, 32.29423141090507 ], [ -110.986627071338233, 32.294230284369661 ], [ -110.986694755128966, 32.294213052336332 ], [ -110.986704130132608, 32.294210665746455 ], [ -110.986702314452643, 32.2941507816195 ], [ -110.986702127256081, 32.294089877808723 ], [ -110.986701197184345, 32.293829285413807 ], [ -110.986701184418692, 32.293825648290195 ], [ -110.986702020966021, 32.293825657157825 ], [ -110.986702062370128, 32.293825657462811 ], [ -110.98670576409036, 32.293825707275779 ], [ -110.986715137830458, 32.293825832236656 ], [ -110.986715137496162, 32.293825760990607 ], [ -110.986706181970789, 32.292840863450188 ], [ -110.986703412463186, 32.292538304000153 ], [ -110.986703411232952, 32.292538216514771 ], [ -110.986703409536631, 32.292537966698816 ], [ -110.986695122897899, 32.291388330730591 ], [ -110.986694690108976, 32.291331720442841 ], [ -110.986692344720112, 32.291026507291782 ], [ -110.98668923808286, 32.290597852202133 ], [ -110.986686122484485, 32.290196175802869 ], [ -110.986686094614441, 32.290192562013239 ], [ -110.986686931137626, 32.290192569978601 ], [ -110.98668697254007, 32.290192570283558 ], [ -110.986794821930474, 32.290193753326172 ], [ -110.986804195518133, 32.290193856631582 ], [ -110.986804195183694, 32.290193785385497 ], [ -110.986803622077886, 32.290131151713474 ], [ -110.986793966617853, 32.289441099668714 ], [ -110.986793915728512, 32.289437452341829 ], [ -110.986794753287981, 32.289437462117661 ], [ -110.986794793628491, 32.289437462414774 ], [ -110.986796495241208, 32.289437486670664 ], [ -110.986805847215479, 32.289437619575892 ], [ -110.986805846881026, 32.289437548329794 ], [ -110.986802044083078, 32.288244815374149 ], [ -110.986795141083874, 32.287486760149882 ], [ -110.986795109028847, 32.287483243724282 ], [ -110.98679510869438, 32.28748317247819 ], [ -110.986795945201933, 32.287483179540622 ], [ -110.986795986603127, 32.287483179845523 ], [ -110.986817501257065, 32.287483355426836 ], [ -110.986818379165825, 32.287483362794006 ], [ -110.987086063096086, 32.28748516342624 ], [ -110.987086941023335, 32.287485168988077 ], [ -110.987330761962951, 32.287486792509064 ], [ -110.987331639890286, 32.287486798069182 ], [ -110.987586179511652, 32.287488500892458 ], [ -110.987587057439058, 32.287488506450813 ], [ -110.987829461422891, 32.287490203353066 ], [ -110.987830339341173, 32.287490209811459 ], [ -110.988080025509277, 32.287491875934606 ], [ -110.988080903436824, 32.287491881489515 ], [ -110.988822008824442, 32.287496814839322 ], [ -110.988822886752217, 32.287496820389102 ], [ -110.989070549852343, 32.2874985544574 ], [ -110.989071427771009, 32.287498560907174 ], [ -110.989311608745865, 32.287500154762824 ], [ -110.989312486673782, 32.287500160309193 ], [ -110.989567834336171, 32.287501864170203 ], [ -110.989568712264173, 32.287501869714752 ], [ -110.98980545591499, 32.287503437391535 ], [ -110.989806333843063, 32.287503442934458 ], [ -110.989809518573296, 32.287503464509385 ], [ -110.989976126654341, 32.287504595452759 ], [ -110.989984618204176, 32.28750465326705 ], [ -110.989985429519336, 32.287504632167078 ], [ -110.989985430243948, 32.287504560928731 ], [ -110.989985889853529, 32.287460523086516 ], [ -110.989995915428509, 32.28648570087185 ], [ -110.989995954146764, 32.286482102899043 ], [ -110.989986628900823, 32.286482084960582 ], [ -110.989896409444199, 32.286481915174974 ], [ -110.989895531489253, 32.286481913239854 ], [ -110.98949672922879, 32.286481190344915 ], [ -110.989496377834541, 32.286481189568228 ], [ -110.989495851273929, 32.286481188407045 ], [ -110.989492539036675, 32.286481181219223 ], [ -110.989491661109341, 32.286481176576046 ], [ -110.989491862196132, 32.286425008272658 ], [ -110.989494509322881, 32.285684577667865 ], [ -110.989492630360445, 32.285118809597734 ], [ -110.989492617949892, 32.285115230187309 ], [ -110.989484057669515, 32.285115167328584 ], [ -110.989464173913191, 32.285115021318582 ], [ -110.989463295971504, 32.28511501938069 ], [ -110.988950460375477, 32.285113766721636 ], [ -110.988950359519762, 32.285113766882446 ], [ -110.988950258664033, 32.285113767043256 ], [ -110.988949617455631, 32.28511376593935 ], [ -110.988949582424738, 32.285113765681949 ], [ -110.988949516609082, 32.285113765198389 ], [ -110.988949481578189, 32.285113764941002 ], [ -110.988949415753382, 32.285113765359192 ], [ -110.98894938072246, 32.285113765101805 ], [ -110.988948739523238, 32.285113763096156 ], [ -110.988948638667509, 32.285113763256959 ], [ -110.988948537811794, 32.285113763417769 ], [ -110.988891434575038, 32.285113625215203 ], [ -110.988890556633478, 32.285113623273361 ], [ -110.988873987251665, 32.285113582687401 ], [ -110.988873635862731, 32.28511358190908 ], [ -110.988873109310106, 32.285113580745438 ], [ -110.988869808827559, 32.285113570922753 ], [ -110.988868930913526, 32.285113566275491 ], [ -110.988868948648587, 32.285057402930946 ], [ -110.988868949441439, 32.285053259079099 ], [ -110.988868950772712, 32.285049687886172 ], [ -110.98886018690439, 32.285049601845621 ], [ -110.988682193077423, 32.285047859138409 ], [ -110.988681315182461, 32.285047852686361 ], [ -110.988377846783209, 32.285045536322237 ], [ -110.988376968888332, 32.285045529868057 ], [ -110.988168951155927, 32.285043913804188 ], [ -110.988168073261122, 32.28504390734858 ], [ -110.987986545428271, 32.285042572349951 ], [ -110.987985667533536, 32.285042565893079 ], [ -110.98780232004269, 32.285041131573244 ], [ -110.987801442148012, 32.285041125115079 ], [ -110.987610612053501, 32.285039721144251 ], [ -110.987609734158895, 32.285039714684764 ], [ -110.98731799590972, 32.285037482082409 ], [ -110.987317118024393, 32.285037474719132 ], [ -110.987220929462865, 32.285036681938962 ], [ -110.987220051568372, 32.285036675476753 ], [ -110.987023559254837, 32.285035228938774 ], [ -110.987022681369609, 32.285035221573438 ], [ -110.987022237645462, 32.285035218306497 ], [ -110.986970304969034, 32.285034728620225 ], [ -110.986915256735315, 32.285034209658697 ], [ -110.986914413871759, 32.285034203452305 ], [ -110.986896200884289, 32.285034081966067 ], [ -110.986893665906038, 32.285034065103162 ], [ -110.986893600118108, 32.285034061913258 ], [ -110.986893488702293, 32.285034056583747 ], [ -110.986892788011644, 32.285034058638693 ], [ -110.986892722223701, 32.285034055448776 ], [ -110.986892610807928, 32.285034050119265 ], [ -110.986889697021851, 32.285033910524987 ], [ -110.986889419008548, 32.285033897655971 ], [ -110.986887452540302, 32.285033723553667 ], [ -110.986887374050696, 32.285033716662966 ], [ -110.986885176350597, 32.285033522821571 ], [ -110.986884537069571, 32.285033436950428 ], [ -110.986877789999184, 32.285032546771959 ], [ -110.98687689517206, 32.285032431062646 ], [ -110.986876308228631, 32.285032314013222 ], [ -110.986872858596442, 32.285031627577865 ], [ -110.986869225336122, 32.285030937986583 ], [ -110.986867533772923, 32.285030561195505 ], [ -110.986863206963633, 32.285029485929449 ], [ -110.986858931510042, 32.285028267652223 ], [ -110.986856721027635, 32.285027557875914 ], [ -110.986856122146378, 32.28502736228026 ], [ -110.986854720178229, 32.285026903752396 ], [ -110.986854124472416, 32.285026709081954 ], [ -110.986851579414122, 32.285025807459853 ], [ -110.986848862889119, 32.28502475126588 ], [ -110.986846468882618, 32.285023820094182 ], [ -110.986846249990293, 32.285023735514947 ], [ -110.986843705701901, 32.285022654436474 ], [ -110.986842453536724, 32.285022080677038 ], [ -110.986841411642729, 32.285021604058812 ], [ -110.986837789149945, 32.285019859418114 ], [ -110.986834168414973, 32.285017942542922 ], [ -110.986830548545186, 32.285015940903037 ], [ -110.986829032065216, 32.285015052265955 ], [ -110.986828777733905, 32.285014903396572 ], [ -110.986825407571658, 32.285012775537176 ], [ -110.986823917774302, 32.285011768958285 ], [ -110.986820503113123, 32.285009424334582 ], [ -110.986820158694897, 32.285009156663534 ], [ -110.986819839560383, 32.285008908116879 ], [ -110.986817493960643, 32.285007082697028 ], [ -110.986815804160798, 32.28500580500144 ], [ -110.986815133085315, 32.285005297746501 ], [ -110.986813535176211, 32.285003962109336 ], [ -110.986811478091653, 32.285002056748581 ], [ -110.986808861979767, 32.284999795561674 ], [ -110.986807934719693, 32.284998904950797 ], [ -110.986805869311453, 32.284996774975816 ], [ -110.986804250735958, 32.2849951758553 ], [ -110.986802099511536, 32.284992820695443 ], [ -110.986798272476676, 32.28498812920764 ], [ -110.986796613734128, 32.284986096918267 ], [ -110.98679651727798, 32.284985978069678 ], [ -110.986795875594154, 32.284985191467328 ], [ -110.986793682162173, 32.284982082977919 ], [ -110.986791691484555, 32.284978975981616 ], [ -110.986791369312428, 32.284978400954159 ], [ -110.98678990443554, 32.284975784812154 ], [ -110.986788117208576, 32.284972507066719 ], [ -110.986786720788999, 32.28496994463611 ], [ -110.986786331034097, 32.284969230230885 ], [ -110.986786026478484, 32.284968489398501 ], [ -110.986782591084676, 32.284960062756163 ], [ -110.986782514472537, 32.284959871908228 ], [ -110.98678218725334, 32.284959063272552 ], [ -110.986781950541143, 32.284958228248868 ], [ -110.986780235146384, 32.2849521770382 ], [ -110.986779462190654, 32.284948649743946 ], [ -110.986778689234981, 32.284945122449692 ], [ -110.986778119042683, 32.284941595746865 ], [ -110.986778064093514, 32.284941050643731 ], [ -110.986777818988443, 32.28493864549197 ], [ -110.986777751408056, 32.28493798576482 ], [ -110.986777998223701, 32.284913801708136 ], [ -110.986779981434822, 32.284719477096608 ], [ -110.986781742131157, 32.284507320982783 ], [ -110.986788076675126, 32.284243316913162 ], [ -110.986787780039805, 32.284034581562004 ], [ -110.986788228831671, 32.283990604968885 ], [ -110.986785228268218, 32.283789151723894 ], [ -110.986768436761253, 32.283512350048866 ], [ -110.986768027656694, 32.283294767003177 ], [ -110.986768880884455, 32.283250793383594 ], [ -110.986772232429345, 32.283080910876834 ], [ -110.986766473911132, 32.282793109773614 ], [ -110.986767684272735, 32.28257536638268 ], [ -110.986766919741044, 32.282531380844453 ], [ -110.986761702552101, 32.282150899253054 ], [ -110.986755822605517, 32.281736224797157 ], [ -110.986752427861518, 32.281692305556398 ], [ -110.986749228415448, 32.28141130852525 ], [ -110.986749054778542, 32.281408558501795 ], [ -110.986749083700587, 32.281405724297237 ], [ -110.986757158826464, 32.281090021706035 ], [ -110.986757197391441, 32.281086242465832 ], [ -110.986753847618729, 32.280879374742881 ], [ -110.986750567021375, 32.280824375684546 ], [ -110.98675734362466, 32.280596279751634 ], [ -110.986757161041098, 32.280594302521102 ], [ -110.986745329122485, 32.280307143769576 ], [ -110.986742825305598, 32.280116516803183 ], [ -110.98674013442492, 32.279904585677151 ], [ -110.986737347775161, 32.279860585229727 ], [ -110.986736821485707, 32.279595070400866 ], [ -110.98673921931595, 32.279302862497907 ], [ -110.986739248829252, 32.279299241910252 ], [ -110.986739283857887, 32.279299242168214 ], [ -110.986740084163387, 32.279299252570851 ], [ -110.986740126622351, 32.279299252883526 ], [ -110.995200783196736, 32.27939650172106 ], [ -110.995208806570147, 32.279396593635767 ], [ -110.995208852289281, 32.279400156159767 ], [ -110.995228121678792, 32.280887130513207 ], [ -110.995228848594977, 32.280943220011991 ], [ -110.995232979754391, 32.280943268193802 ], [ -110.995233506228971, 32.280943274740977 ], [ -110.995498995629106, 32.28094639403956 ], [ -110.995534380987891, 32.280946823515023 ], [ -110.995696338362265, 32.280949722805019 ], [ -110.995903990946914, 32.280953384359982 ], [ -110.997359195089871, 32.280981374955033 ], [ -110.997369060511986, 32.280981564915599 ], [ -110.997368989886738, 32.280985093224494 ], [ -110.997357750495823, 32.281550123577347 ], [ -110.997332789515156, 32.282932564761055 ], [ -110.997331978390406, 32.282977501059435 ], [ -110.997419452347287, 32.283080379045614 ], [ -110.99742057848502, 32.283080400771183 ], [ -110.997421107059012, 32.283080410931959 ], [ -110.998675581732726, 32.283104263081668 ], [ -110.998676424481289, 32.283104279128544 ], [ -110.999188696979104, 32.283114015671849 ], [ -110.999207501373007, 32.283114410223611 ], [ -110.999232091154568, 32.283114837789036 ], [ -110.999241470874026, 32.283115000629543 ], [ -110.999241469549929, 32.283114921259717 ], [ -110.999224390229216, 32.281563699486512 ], [ -110.999203777361302, 32.279587480377934 ], [ -110.99920191418606, 32.279507565521463 ], [ -110.99920182561695, 32.279503815107219 ], [ -110.999202664159085, 32.279503823905074 ], [ -110.999223454463149, 32.279504381675366 ], [ -111.003366859236223, 32.279615505757945 ], [ -111.003374771036079, 32.279615718092863 ], [ -111.003374824084943, 32.279619216640995 ], [ -111.003401422101774, 32.281383931084655 ], [ -111.003402265527455, 32.281439913211699 ], [ -111.003406389773062, 32.28144001879285 ], [ -111.003406916179657, 32.281440032520052 ], [ -111.011826897110041, 32.281654572122854 ], [ -111.014121097189133, 32.281646337747752 ], [ -111.017596686952643, 32.281634088569916 ], [ -111.01760889135835, 32.281634045602374 ], [ -111.0176088399582, 32.281633983010671 ], [ -111.01756259025602, 32.281577995931585 ], [ -111.017518580337253, 32.281524720331674 ], [ -111.016113235593053, 32.279809058155678 ], [ -111.01611044129217, 32.279805647375142 ], [ -111.016111324584458, 32.279805640147067 ], [ -111.01614744303599, 32.279805336789146 ], [ -111.016187901521889, 32.279804996732864 ], [ -111.016188772031768, 32.279804993922177 ], [ -111.017776202283684, 32.279791991583778 ], [ -111.017779245148702, 32.279795607909442 ], [ -111.026865760960646, 32.29059242063321 ], [ -111.027272555726526, 32.29104135794195 ], [ -111.027697882925239, 32.291477711455201 ], [ -111.028141344031894, 32.291900877570853 ], [ -111.028602132444391, 32.292310505931233 ], [ -111.028603852340495, 32.292311929380759 ], [ -111.029079851253641, 32.2927058197956 ], [ -111.029080707118354, 32.292706678936341 ], [ -111.030383208768981, 32.294013934627472 ], [ -111.030384585520153, 32.294014730681354 ], [ -111.030385819737177, 32.294015444570618 ], [ -111.031127589197681, 32.294444444800739 ], [ -111.031129610883852, 32.294446505215802 ], [ -111.031130294249479, 32.294447200804875 ], [ -111.031458492862953, 32.294781593044753 ], [ -111.031803724443122, 32.295133450373136 ], [ -111.031833167620832, 32.295163291513624 ], [ -111.032010481438093, 32.295462001062589 ], [ -111.032262903501447, 32.295733061828038 ], [ -111.032903667106666, 32.296421645119601 ], [ -111.033629319725989, 32.297201269940118 ], [ -111.033640527641182, 32.297213546381109 ], [ -111.033907544243263, 32.297544920624041 ], [ -111.034090819732953, 32.297772287036715 ], [ -111.034226725688811, 32.297941168084677 ], [ -111.034286686435379, 32.298015459950811 ], [ -111.035309316928704, 32.299252757383442 ], [ -111.035703527084905, 32.299672632325951 ], [ -111.035934479911958, 32.299907114103199 ], [ -111.036186723799091, 32.300198953740242 ], [ -111.036380555725273, 32.300507306443372 ], [ -111.036810041576402, 32.301066579556725 ], [ -111.03713325690579, 32.301487587507026 ], [ -111.037190554214504, 32.301565810325805 ], [ -111.037170218397449, 32.301577007247225 ], [ -111.037277142271023, 32.301711066674045 ], [ -111.037571334771783, 32.302079730690913 ], [ -111.038117996332204, 32.302718498394455 ], [ -111.038118103344218, 32.302718632608872 ], [ -111.03862248166989, 32.303347693339134 ], [ -111.039406988870624, 32.304363460511404 ], [ -111.039933391610518, 32.305077696440726 ], [ -111.040001737429677, 32.305170420266137 ], [ -111.040033657339137, 32.305213726477554 ], [ -111.038901434735337, 32.3058436965376 ], [ -111.038808761104306, 32.305888406445327 ], [ -111.038610585191719, 32.30600754380967 ], [ -111.038092477704495, 32.306319056574779 ], [ -111.038067124863076, 32.306334299442177 ], [ -111.038383282225595, 32.306713507871933 ], [ -111.038884018670146, 32.307314329506461 ], [ -111.039348566395091, 32.307871689582647 ], [ -111.039656134571899, 32.308240699576551 ], [ -111.04007109606043, 32.30873844297512 ], [ -111.040102295959926, 32.308775596444136 ], [ -111.040380294907393, 32.30910677535352 ], [ -111.04064568082255, 32.309424552529435 ], [ -111.040754029305049, 32.309559133825509 ], [ -111.040987531850831, 32.309868608702843 ], [ -111.041030039128415, 32.309924930140248 ], [ -111.041030080917011, 32.30992500167401 ], [ -111.041018033122981, 32.309924926206619 ], [ -111.039439192317261, 32.309915071094515 ], [ -111.039438314161586, 32.309915065892923 ], [ -111.038512939097828, 32.309909230624207 ], [ -111.03851206095112, 32.309909224514406 ], [ -111.038458120232022, 32.309908849205598 ], [ -111.038457241980936, 32.309908853916561 ], [ -111.038139895228326, 32.309910414120374 ], [ -111.038139016994663, 32.309910417025606 ], [ -111.037806905623214, 32.309911618405962 ], [ -111.037806027415698, 32.309911618603572 ], [ -111.037783641048676, 32.309911627754396 ], [ -111.037782762849858, 32.309911627050113 ], [ -111.037712636577965, 32.30991156257133 ], [ -111.037711758440125, 32.30991155555423 ], [ -111.037574276765369, 32.309910513295414 ], [ -111.037573398557896, 32.309910513491424 ], [ -111.037479602326243, 32.309910541037915 ], [ -111.037479509945655, 32.309910540394419 ], [ -111.037478724179763, 32.309910534920931 ], [ -111.037476221298505, 32.309914047212281 ], [ -111.037298603007457, 32.310163341001257 ], [ -111.03729856317895, 32.310163396636632 ], [ -111.037298461988755, 32.310163538419232 ], [ -111.037292444571463, 32.310162389058711 ], [ -111.037241144408299, 32.310152592269873 ], [ -111.037137110139298, 32.310113365924231 ], [ -111.036753159079979, 32.3099662947822 ], [ -111.036485209946321, 32.309914863328558 ], [ -111.036331957039181, 32.309885018313224 ], [ -111.036025297571186, 32.309841132862289 ], [ -111.035773936188434, 32.309664403077655 ], [ -111.035773877970357, 32.309664383733093 ], [ -111.035498096315635, 32.309571511892102 ], [ -111.035469301246167, 32.309557824133151 ], [ -111.035411023233834, 32.309531961556715 ], [ -111.034926303601807, 32.309222596703947 ], [ -111.034641437965178, 32.309155861939715 ], [ -111.03444928146466, 32.309142383173381 ], [ -111.034448754055546, 32.3091423461196 ], [ -111.034444596325329, 32.309142054628524 ], [ -111.03444423459743, 32.309086462988475 ], [ -111.034442044549692, 32.308750341008661 ], [ -111.034442021115126, 32.308746732661199 ], [ -111.034433610720271, 32.30874674511854 ], [ -111.032543847055663, 32.308749557217837 ], [ -111.03254349556336, 32.308749557461169 ], [ -111.032542968851459, 32.30874955828078 ], [ -111.03253970345007, 32.30874956336384 ], [ -111.032538825315967, 32.3087495572127 ], [ -111.032538257152936, 32.30869336351779 ], [ -111.032535265790344, 32.308397609539391 ], [ -111.032526932310148, 32.308385114161126 ], [ -111.032505385828969, 32.308352808826569 ], [ -111.032505274886944, 32.308352642114492 ], [ -111.032503363695156, 32.30834977626894 ], [ -111.031113141268591, 32.307978300074311 ], [ -111.031113105254391, 32.307978290803419 ], [ -111.029685545286796, 32.307596819002093 ], [ -111.029685046436384, 32.307596685634451 ], [ -111.029680354485308, 32.307595431598322 ], [ -111.029681516158945, 32.307590094673913 ], [ -111.02969142980001, 32.307544553885037 ], [ -111.029750337825476, 32.307273943820221 ], [ -111.029750354499413, 32.307273867282682 ], [ -111.029750959228309, 32.307271089416702 ], [ -111.029730649890254, 32.307267899456932 ], [ -111.029693878913903, 32.307262123730979 ], [ -111.029464565403757, 32.307226101348796 ], [ -111.029464530363967, 32.307226101102522 ], [ -111.029463687285073, 32.307226095176532 ], [ -111.0292425341095, 32.307224540501721 ], [ -111.029241691030663, 32.30722453457426 ], [ -111.029241655990873, 32.307224534327894 ], [ -111.02924081291205, 32.307224528400425 ], [ -111.029220059794213, 32.307224382488847 ], [ -111.02922001732172, 32.307224382190228 ], [ -111.029219181675572, 32.307224376314878 ], [ -111.029219144662179, 32.307227955378707 ], [ -111.029212303704568, 32.307897353571995 ], [ -111.029212265751795, 32.30790037530403 ], [ -111.029212272542807, 32.307900441184664 ], [ -111.029212271268136, 32.307900571939598 ], [ -111.029211429404981, 32.307900440667431 ], [ -111.029202981095452, 32.307899122325878 ], [ -111.028962899933276, 32.307861657054204 ], [ -111.028951236864074, 32.307859837219901 ], [ -111.028941518611049, 32.307858402612652 ], [ -111.028941476199833, 32.30785839600162 ], [ -111.028941310775849, 32.307858372292664 ], [ -111.028940641682325, 32.307858273797507 ], [ -111.028940580261619, 32.307863156720849 ], [ -111.028929271357796, 32.308754629000447 ], [ -111.028924586371616, 32.309400980824407 ], [ -111.02890315295241, 32.312331275660725 ], [ -111.028902742267817, 32.312387426358768 ], [ -111.028903620436154, 32.312387432535829 ], [ -111.028906948466911, 32.312387443319722 ], [ -111.028907475173142, 32.312387445220921 ], [ -111.028907826661666, 32.312387446791483 ], [ -111.029091886438295, 32.312388073082055 ], [ -111.029092764641874, 32.31238807565078 ], [ -111.029286098356579, 32.312387725275471 ], [ -111.029286976604155, 32.312387723334034 ], [ -111.029378136095417, 32.312388704227267 ], [ -111.029379014228724, 32.312388714008051 ], [ -111.029828870936456, 32.312387760807972 ], [ -111.029829749184103, 32.312387758862741 ], [ -111.033180055348851, 32.312359201062456 ], [ -111.033180933517926, 32.312359207209745 ], [ -111.03421578575589, 32.312364215949394 ], [ -111.034216663942772, 32.312364220285964 ], [ -111.034355164234242, 32.312364846801515 ], [ -111.034356042421138, 32.312364851137119 ], [ -111.035318554400519, 32.312361277414176 ], [ -111.03531943265746, 32.312361274528989 ], [ -111.035674582039078, 32.312363497078664 ], [ -111.035675460217533, 32.312363502306837 ], [ -111.036031856525966, 32.312362304736773 ], [ -111.036032734783007, 32.312362301846626 ], [ -111.037560622470579, 32.31236445380317 ], [ -111.037561500684291, 32.312364455411185 ], [ -111.037593424008634, 32.312364547903805 ], [ -111.037602699847952, 32.312364574634614 ], [ -111.037602668327153, 32.312368168168874 ], [ -111.037599119313384, 32.31276982591428 ], [ -111.037570821115906, 32.315953518749524 ], [ -111.037570290132265, 32.316013214618017 ], [ -111.037570289235049, 32.31601330749919 ], [ -111.037571167440433, 32.316013313616558 ], [ -111.03757450102448, 32.316013313390066 ], [ -111.037575027770174, 32.316013313451961 ], [ -111.037575379290857, 32.316013313195107 ], [ -111.037888925161297, 32.316013299140316 ], [ -111.037889803427703, 32.31601329894314 ], [ -111.038262210891631, 32.316010664600249 ], [ -111.038263089219015, 32.316010658088132 ], [ -111.038583978668854, 32.316012304069282 ], [ -111.038585780759945, 32.31601231480407 ], [ -111.038597985480038, 32.31601238889845 ], [ -111.038598026894817, 32.316012389186589 ], [ -111.038598048208172, 32.316015903726949 ], [ -111.038598048582728, 32.316015974973304 ], [ -111.038598575302444, 32.3160159777362 ], [ -111.038598885382314, 32.316015979893621 ], [ -111.038598926797079, 32.316015980181767 ], [ -111.038598936003368, 32.316017447506773 ], [ -111.038599295098848, 32.31607653904684 ], [ -111.038599295464707, 32.316076611194973 ], [ -111.038602067584193, 32.316076577274877 ], [ -111.038602576269042, 32.316076578108643 ], [ -111.038603454510096, 32.316076580611792 ], [ -111.038604185005312, 32.316076596516091 ], [ -111.038611404787957, 32.316077107577961 ], [ -111.038618506213353, 32.316078328449969 ], [ -111.038625391741775, 32.316080242220821 ], [ -111.038631968159521, 32.316082823892863 ], [ -111.038638146613536, 32.316086036775204 ], [ -111.038643842550684, 32.316089838795904 ], [ -111.038648980017499, 32.316094177121023 ], [ -111.038650651501811, 32.316095837276592 ], [ -111.03865114558343, 32.316096361064098 ], [ -111.03865195828557, 32.316097212625273 ], [ -111.038653503271718, 32.316098995450048 ], [ -111.038656890351007, 32.316103577713967 ], [ -111.038659707730076, 32.316108429265718 ], [ -111.038661926144925, 32.31611350120351 ], [ -111.038662384098998, 32.316114797599234 ], [ -111.038662844464525, 32.316116174273695 ], [ -111.038664006855171, 32.316121508508715 ], [ -111.038664192281615, 32.31612331343846 ], [ -111.038664579472595, 32.316125119771925 ], [ -111.038664562072583, 32.316126923290625 ], [ -111.038664746428424, 32.316128729114752 ], [ -111.038663378856299, 32.316459256413282 ], [ -111.038662500646339, 32.31645925030346 ], [ -111.038649330682944, 32.316459158677425 ], [ -111.038648452472984, 32.316459152567496 ], [ -111.037888584339967, 32.316453863681993 ], [ -111.037888541863069, 32.316453863386222 ], [ -111.037887706130249, 32.316453857566778 ], [ -111.037884205865623, 32.317574388312835 ], [ -111.037884030946515, 32.317630552418223 ], [ -111.037884909167573, 32.317630558533679 ], [ -111.037888222564632, 32.317630565373513 ], [ -111.037888749311008, 32.317630566336007 ], [ -111.037889100829233, 32.317630566980156 ], [ -111.038854303349581, 32.317632415464246 ], [ -111.038855181614394, 32.317632417064154 ], [ -111.038862079221161, 32.317632430772861 ], [ -111.038862922442064, 32.317632432128939 ], [ -111.038862957485961, 32.31763243237269 ], [ -111.038863800706878, 32.317632433728782 ], [ -111.039818010733399, 32.317634261507287 ], [ -111.039826800808314, 32.317634278392305 ], [ -111.03982680013857, 32.317637874844955 ], [ -111.039826782482535, 32.317741216955184 ], [ -111.039826908171548, 32.317770165340995 ], [ -111.039832336497881, 32.319307843440228 ], [ -111.039831995523343, 32.319312038139238 ], [ -111.039831985079402, 32.319312130052261 ], [ -111.039831386825156, 32.319316903735434 ], [ -111.039830820120756, 32.319320387134006 ], [ -111.039830768655222, 32.319320658224093 ], [ -111.039829986841525, 32.319324532419557 ], [ -111.039829903727679, 32.319324891668039 ], [ -111.039829463961198, 32.319326774317105 ], [ -111.039828990264226, 32.319328651319502 ], [ -111.039828869156395, 32.31932909597689 ], [ -111.039827831494264, 32.319332739332459 ], [ -111.03982766495875, 32.319333269347027 ], [ -111.039826993967409, 32.319335341575218 ], [ -111.039826373244253, 32.319337377178101 ], [ -111.039825036037016, 32.319340805622929 ], [ -111.039824877517361, 32.319341275271277 ], [ -111.039824782919993, 32.319341503676156 ], [ -111.039821466701468, 32.319348946798108 ], [ -111.039821197618451, 32.319349538325689 ], [ -111.039819653695659, 32.31935248646797 ], [ -111.039818088611852, 32.31935542634681 ], [ -111.039817116392598, 32.319357127637701 ], [ -111.039814660197337, 32.319361176875539 ], [ -111.039813116612677, 32.319363538837337 ], [ -111.039812317283292, 32.319364711961448 ], [ -111.039811266214727, 32.319366219715036 ], [ -111.039809087990264, 32.3193691959153 ], [ -111.039808018970803, 32.31937058270033 ], [ -111.039807490789357, 32.31937128064591 ], [ -111.03980693304689, 32.319371960349699 ], [ -111.039806345022171, 32.319372696657709 ], [ -111.039805767947229, 32.319373398772619 ], [ -111.039805187703791, 32.319374099061903 ], [ -111.039804005046122, 32.319375485959114 ], [ -111.039803464764205, 32.319376117085952 ], [ -111.039802223525044, 32.319377521612502 ], [ -111.039800919241159, 32.319379076304777 ], [ -111.039800881672932, 32.319379117527454 ], [ -111.039797745879042, 32.319382274652341 ], [ -111.03979731476646, 32.319382708137425 ], [ -111.039794377500755, 32.319385541986641 ], [ -111.039794238160241, 32.319385674487698 ], [ -111.039794040935263, 32.319385862499388 ], [ -111.039792492407912, 32.319387304570697 ], [ -111.039790894333507, 32.319388708421258 ], [ -111.039790650095625, 32.319388925866299 ], [ -111.039790111377698, 32.319389394676442 ], [ -111.039789835150785, 32.319389625426496 ], [ -111.039787205641645, 32.319391822023981 ], [ -111.039787128589822, 32.319391882812319 ], [ -111.039786322479472, 32.319392547262893 ], [ -111.03978548268195, 32.319393180817528 ], [ -111.039783536052539, 32.319394716617168 ], [ -111.039783276184565, 32.319422123812281 ], [ -111.039781914874879, 32.319575618463219 ], [ -111.039781416237915, 32.319631769494876 ], [ -111.03978145435552, 32.319631781483409 ], [ -111.039782332596332, 32.319631787585976 ], [ -111.039785628014286, 32.319631794251819 ], [ -111.039786154772457, 32.31963179520659 ], [ -111.039786506298569, 32.319631795845574 ], [ -111.040036131961187, 32.319632286538464 ], [ -111.040036975200834, 32.319632287887039 ], [ -111.040037010245513, 32.319632288130464 ], [ -111.040037853485174, 32.319632289479053 ], [ -111.040259881740155, 32.319632725996229 ], [ -111.040260724979845, 32.319632727343297 ], [ -111.040260760024523, 32.319632727586672 ], [ -111.040261603264213, 32.319632728933748 ], [ -111.040316336121833, 32.319632836683041 ], [ -111.040317179361551, 32.319632838029726 ], [ -111.040317214406215, 32.319632838273115 ], [ -111.040318057645919, 32.319632839619771 ], [ -111.04042840801948, 32.319633056679159 ], [ -111.040429251259212, 32.319633058025119 ], [ -111.04042928630389, 32.319633058268437 ], [ -111.040430129543623, 32.319633059614382 ], [ -111.040728280654562, 32.319633644177294 ], [ -111.040729123894351, 32.319633645521215 ], [ -111.04072915893903, 32.319633645764497 ], [ -111.040730002178819, 32.319633647108418 ], [ -111.040986133777665, 32.319634148614576 ], [ -111.040986432205841, 32.319634148881754 ], [ -111.040986977017511, 32.319634149956805 ], [ -111.040987012062189, 32.319634150199981 ], [ -111.040987275445687, 32.319634150223969 ], [ -111.04098731049038, 32.319634150467152 ], [ -111.040987855302021, 32.319634151542189 ], [ -111.040988153730211, 32.319634151809353 ], [ -111.041323726972919, 32.319634807958018 ], [ -111.041324570212808, 32.319634809297973 ], [ -111.041324605257515, 32.319634809541043 ], [ -111.041325448497417, 32.319634810881034 ], [ -111.041430964627807, 32.319635016978516 ], [ -111.041431807867724, 32.319635018317769 ], [ -111.041431842912431, 32.319635018560817 ], [ -111.041432686152348, 32.319635019900048 ], [ -111.041450300668828, 32.319635054588744 ], [ -111.041451143908745, 32.319635055927854 ], [ -111.041451178953437, 32.319635056170902 ], [ -111.041452022193369, 32.319635057510034 ], [ -111.041520503864987, 32.31963519155142 ], [ -111.041521347104933, 32.319635192890061 ], [ -111.041521382149625, 32.319635193133088 ], [ -111.041522225389556, 32.319635194471751 ], [ -111.041696588531011, 32.319635535080124 ], [ -111.04169743177097, 32.319635536417586 ], [ -111.041697466815677, 32.319635536660556 ], [ -111.041698310055651, 32.319635537998039 ], [ -111.041913528785315, 32.319635957758862 ], [ -111.041914372025332, 32.319635959094889 ], [ -111.041914407070024, 32.319635959337795 ], [ -111.041915250310041, 32.319635960673828 ], [ -111.04209384027871, 32.319636308388667 ], [ -111.042093948607359, 32.319636308237612 ], [ -111.042094037812063, 32.319636308855848 ], [ -111.042094683518769, 32.319636309723485 ], [ -111.042094718563447, 32.31963630996637 ], [ -111.042094791847404, 32.319636309572438 ], [ -111.042094826892111, 32.319636309815294 ], [ -111.042094881052108, 32.319636310190639 ], [ -111.042094916096801, 32.319636310433509 ], [ -111.042095561803507, 32.319636311301196 ], [ -111.042095670132156, 32.319636311150106 ], [ -111.042095759336846, 32.319636311768335 ], [ -111.042167551323374, 32.319636450363561 ], [ -111.042168352076345, 32.319636452305268 ], [ -111.042168394554764, 32.319636452599632 ], [ -111.042168429599471, 32.319636452842495 ], [ -111.042168903251238, 32.31963645432112 ], [ -111.042169195307736, 32.319636454541353 ], [ -111.042169230352457, 32.319636454784202 ], [ -111.042169272830876, 32.319636455078559 ], [ -111.042169746491297, 32.319636455655449 ], [ -111.042169781536003, 32.319636455898298 ], [ -111.042169832510112, 32.319636456251544 ], [ -111.042170073592501, 32.319636456118516 ], [ -111.042170624776062, 32.319636457232612 ], [ -111.042170675750171, 32.319636457585837 ], [ -111.042170710794878, 32.319636457828686 ], [ -111.042171554034951, 32.319636459162986 ], [ -111.042371137866766, 32.319636846451836 ], [ -111.042371179283236, 32.319636846738781 ], [ -111.042371981098213, 32.31963684868655 ], [ -111.04237201614292, 32.319636848929356 ], [ -111.042372057559376, 32.31963684921628 ], [ -111.042372859374353, 32.31963685116407 ], [ -111.042372900790824, 32.319636851451008 ], [ -111.042464067040854, 32.319637029411815 ], [ -111.042469608620408, 32.319637039843919 ], [ -111.042470451860538, 32.319637041176229 ], [ -111.042470486905231, 32.319637041418986 ], [ -111.042471330145361, 32.319637042751282 ], [ -111.042471780442696, 32.319637043165194 ], [ -111.042471836726605, 32.319637043555076 ], [ -111.042472623674172, 32.319637045399233 ], [ -111.04247265871885, 32.319637045642011 ], [ -111.04247267998042, 32.319637154007658 ], [ -111.042472690010584, 32.319640642316038 ], [ -111.042473096739968, 32.31977495675811 ], [ -111.042473442540597, 32.319896820252083 ], [ -111.042473457474117, 32.319901898502479 ], [ -111.042473619861994, 32.319952980500652 ], [ -111.042474512930738, 32.319952991196324 ], [ -111.042477776503276, 32.319952997571377 ], [ -111.042478303263621, 32.319952998514957 ], [ -111.042478654791168, 32.319952999146444 ], [ -111.042596942131752, 32.319953220596439 ], [ -111.042606322922751, 32.319953237774406 ], [ -111.042606284121263, 32.319956834864612 ], [ -111.042596784839887, 32.320849193590512 ], [ -111.042597620631454, 32.320849197575967 ], [ -111.04262193192389, 32.320849307346528 ], [ -111.042622606286628, 32.320849311115516 ], [ -111.043578511158259, 32.320854946260098 ], [ -111.044047059220645, 32.320857712769836 ], [ -111.044051238110029, 32.320855082200197 ], [ -111.044789394983468, 32.320390575178799 ], [ -111.044813770213139, 32.320375244006968 ], [ -111.04482970979025, 32.320365218575944 ], [ -111.044940018442858, 32.320295838868027 ], [ -111.045265964043423, 32.320098732797049 ], [ -111.045328901615576, 32.320060672290708 ], [ -111.045905191184289, 32.31962820794503 ], [ -111.045905233973428, 32.319628175774746 ], [ -111.045926184304946, 32.31961245461094 ], [ -111.04591996904405, 32.319604268290064 ], [ -111.045919423667186, 32.319603549383601 ], [ -111.045918544754613, 32.319602392596614 ], [ -111.045915091087068, 32.319597836218293 ], [ -111.045913231589438, 32.319595382160571 ], [ -111.04590930592515, 32.319590207483969 ], [ -111.045900241882165, 32.319578180493387 ], [ -111.045899868535741, 32.319577685523441 ], [ -111.045871934676896, 32.319540763442276 ], [ -111.045850350068363, 32.319512232415498 ], [ -111.045850225257126, 32.319512068324791 ], [ -111.045760933619576, 32.319394043268012 ], [ -111.045760612690771, 32.319393619903217 ], [ -111.045717385925528, 32.319336483461591 ], [ -111.045701829676901, 32.319315921013555 ], [ -111.045701756280664, 32.319315822208615 ], [ -111.045602716821293, 32.319184913095576 ], [ -111.045595506632111, 32.319175381590213 ], [ -111.045595036788882, 32.319174760600319 ], [ -111.045566641724363, 32.319137228343372 ], [ -111.045566609226739, 32.319137183929854 ], [ -111.045560850499015, 32.319129573398477 ], [ -111.045560828474194, 32.319129544388211 ], [ -111.045560556846226, 32.319129185392434 ], [ -111.045559347639411, 32.319127586234785 ], [ -111.04555871167365, 32.319126679122832 ], [ -111.045558348104322, 32.3191261616739 ], [ -111.045558040076244, 32.319125722164841 ], [ -111.045556389898039, 32.319123370550663 ], [ -111.045549663331244, 32.319113798191879 ], [ -111.045549274620413, 32.319113244496549 ], [ -111.04554316632985, 32.319104541250788 ], [ -111.045543129662107, 32.319104488692105 ], [ -111.045520969641601, 32.319072851375822 ], [ -111.045520946598032, 32.319072817849381 ], [ -111.045513531813427, 32.319062250539275 ], [ -111.045513505635782, 32.319062211580317 ], [ -111.045504538161438, 32.319049426797278 ], [ -111.045504509868508, 32.31904938692189 ], [ -111.04547901555209, 32.319013045232317 ], [ -111.045455448028918, 32.318979449354536 ], [ -111.045451575643924, 32.318973928732611 ], [ -111.045308265970789, 32.318769654598519 ], [ -111.04530740370258, 32.31876842487479 ], [ -111.045306993004544, 32.318767838561357 ], [ -111.045304257881256, 32.318763889543611 ], [ -111.045304158342958, 32.318763748172373 ], [ -111.045293669128242, 32.318748848018778 ], [ -111.045246974715354, 32.318682251728255 ], [ -111.045246933851956, 32.318682193729586 ], [ -111.04521158236615, 32.318631737168452 ], [ -111.045211537349999, 32.318631669221091 ], [ -111.045211520600617, 32.318631643854438 ], [ -111.045204037605359, 32.318620111107549 ], [ -111.045172593624315, 32.31857162043233 ], [ -111.045172278606728, 32.31857113488126 ], [ -111.045133230757983, 32.318510985259238 ], [ -111.045018942648525, 32.318334815339902 ], [ -111.045018313661259, 32.318333846047842 ], [ -111.04501743036127, 32.318332484511146 ], [ -111.044935649510663, 32.318206463806767 ], [ -111.044935490436117, 32.318206218314664 ], [ -111.044920194910787, 32.318182645491945 ], [ -111.044901179927948, 32.318153338451722 ], [ -111.044897354735795, 32.318147443883383 ], [ -111.044897228115232, 32.318147247313711 ], [ -111.044890387781109, 32.318136705578951 ], [ -111.044890354291326, 32.318136653943881 ], [ -111.044884591865667, 32.318127668080301 ], [ -111.044884470563503, 32.318127470645528 ], [ -111.044883601961871, 32.318126127245804 ], [ -111.044873097147629, 32.318108546739751 ], [ -111.044868650645284, 32.318101103962213 ], [ -111.044868574341521, 32.318100976278444 ], [ -111.044853361737367, 32.318075513805205 ], [ -111.044832112795589, 32.318039949823905 ], [ -111.044832050081197, 32.318039844779499 ], [ -111.044831091580349, 32.318038241034088 ], [ -111.044830964062271, 32.318038027323574 ], [ -111.044765039313546, 32.317927660723683 ], [ -111.044753337699461, 32.31790808071986 ], [ -111.044751314096047, 32.317904693930942 ], [ -111.044746886443122, 32.317897281039414 ], [ -111.044746375310424, 32.317896426189584 ], [ -111.044744653787134, 32.317893544703381 ], [ -111.044742604050541, 32.317890114446399 ], [ -111.044730216777623, 32.317869385293221 ], [ -111.044729687877393, 32.31786850056055 ], [ -111.044677226818536, 32.317780706610847 ], [ -111.044669675952264, 32.317768069535205 ], [ -111.044595283863444, 32.317643552495674 ], [ -111.044595057043779, 32.317643173065626 ], [ -111.044588571247147, 32.317632324440027 ], [ -111.044582689625045, 32.317622484616969 ], [ -111.044579286313095, 32.317616788649289 ], [ -111.044579268553974, 32.317616757864691 ], [ -111.044578847316487, 32.317616053337602 ], [ -111.044577986046363, 32.317614610786173 ], [ -111.044577622472247, 32.317613984214098 ], [ -111.044577595302613, 32.317613938033503 ], [ -111.04457746367622, 32.317613709865228 ], [ -111.044577337255802, 32.317613492554742 ], [ -111.044577157575347, 32.317613181086884 ], [ -111.044577133548316, 32.317613139437135 ], [ -111.044577073010231, 32.317613028996718 ], [ -111.044576295417201, 32.317611609569049 ], [ -111.044576235932425, 32.317611500037707 ], [ -111.044572427223002, 32.317604554952787 ], [ -111.044551080071514, 32.317565630964623 ], [ -111.044550945432292, 32.317565384739069 ], [ -111.044520442115214, 32.317509793155722 ], [ -111.044518830538735, 32.317506854709727 ], [ -111.044518085288473, 32.317505495927186 ], [ -111.044496424088521, 32.31746599079068 ], [ -111.044494538003832, 32.317462551740633 ], [ -111.04449387312323, 32.317461339608244 ], [ -111.044491872101261, 32.317457704068801 ], [ -111.044483129534854, 32.317441761691022 ], [ -111.044482322703132, 32.317440290656918 ], [ -111.044474499215681, 32.317425964379623 ], [ -111.044321092031709, 32.317146275858143 ], [ -111.044320180827242, 32.31714461471929 ], [ -111.044311307834647, 32.317128436052784 ], [ -111.044301203221295, 32.317110010554046 ], [ -111.044294037826745, 32.317096945050217 ], [ -111.044293936582861, 32.317096760379002 ], [ -111.044292192463558, 32.317093580227855 ], [ -111.044292172623997, 32.317093544919715 ], [ -111.044292129854185, 32.31709346436206 ], [ -111.044290960779676, 32.317091339708426 ], [ -111.044290938859476, 32.317091299876786 ], [ -111.044290376204899, 32.31709017051562 ], [ -111.044289811417812, 32.317089042041545 ], [ -111.044282464956694, 32.317074370045226 ], [ -111.044252945749946, 32.317015415998512 ], [ -111.044217808874421, 32.316945245045972 ], [ -111.044216003010163, 32.316941637905863 ], [ -111.044215206885582, 32.316940047903792 ], [ -111.044207425871093, 32.316924512562252 ], [ -111.044132589012705, 32.316775076680223 ], [ -111.0441301798068, 32.316770265044575 ], [ -111.044115578647663, 32.316741108343805 ], [ -111.044107617420252, 32.316725210120083 ], [ -111.04409922373587, 32.316708449470987 ], [ -111.044097138601899, 32.316704285778719 ], [ -111.04409326323966, 32.316696546616363 ], [ -111.044093096504611, 32.316696214495458 ], [ -111.044051365787837, 32.316612879124101 ], [ -111.044025351218238, 32.316560927541595 ], [ -111.044048066344388, 32.316555157843403 ], [ -111.044058483343619, 32.316552511784458 ], [ -111.044080505423153, 32.316546917652481 ], [ -111.044101401164681, 32.316541609722456 ], [ -111.044144915140834, 32.316530556654222 ], [ -111.044657908528137, 32.316400248695643 ], [ -111.044365613308017, 32.315551940527861 ], [ -111.043773802904184, 32.313828591695476 ], [ -111.04362107347481, 32.313384642995459 ], [ -111.043452931171217, 32.312944796255969 ], [ -111.043269575470333, 32.312509311621312 ], [ -111.043197319561258, 32.312348181049309 ], [ -111.04321069495083, 32.312341412563022 ], [ -111.044527118795529, 32.311675218150093 ], [ -111.044495725431972, 32.311630479208347 ], [ -111.044478086461368, 32.311605340798025 ], [ -111.043523914189549, 32.310184769051908 ], [ -111.042712499918395, 32.30885786333625 ], [ -111.04245750384078, 32.308449355288118 ], [ -111.042453635381946, 32.308443158232947 ], [ -111.042454639055862, 32.308443360879828 ], [ -111.042483738892912, 32.308449272759859 ], [ -111.043540040625359, 32.308663809269412 ], [ -111.043540074569407, 32.308663813111508 ], [ -111.043540907107015, 32.308663812557903 ], [ -111.043540952705285, 32.308663819186108 ], [ -111.046040525984623, 32.30866028585821 ], [ -111.046049828389201, 32.308660272467236 ], [ -111.046049829070526, 32.30866020122803 ], [ -111.046088184183461, 32.305068821961918 ], [ -111.046088221904242, 32.305065321348351 ], [ -111.046089057534346, 32.305065327111706 ], [ -111.046089100006014, 32.305065327404613 ], [ -111.048843785852767, 32.305060939200445 ], [ -111.048844664023903, 32.305060938023459 ], [ -111.048938051723098, 32.305060814397166 ], [ -111.048938929894234, 32.305060813219519 ], [ -111.050235122134026, 32.305058642745564 ], [ -111.050236000305347, 32.305058641558908 ], [ -111.050352453261397, 32.305058461474886 ], [ -111.050361742571923, 32.305058446770502 ], [ -111.050361743249795, 32.305058375531161 ], [ -111.050381262575883, 32.303709655954741 ], [ -111.05038392768293, 32.303535902004178 ], [ -111.050383953833915, 32.303533153427615 ], [ -111.050384990085035, 32.303466760224921 ], [ -111.050399073897026, 32.302539238219296 ], [ -111.050412544214424, 32.301654831635894 ], [ -111.050413938426814, 32.301572121478507 ], [ -111.050416557314477, 32.301403090900841 ], [ -111.050419138025262, 32.301238183192112 ], [ -111.050425696363362, 32.300825140868092 ], [ -111.050435671132178, 32.300201842920416 ], [ -111.050444625102031, 32.299643305058339 ], [ -111.050446694818547, 32.299510778275348 ], [ -111.050455211526383, 32.29897697617276 ], [ -111.050459180099978, 32.298729873102239 ], [ -111.050461123939186, 32.298610572481913 ], [ -111.050473651038146, 32.297822657607561 ], [ -111.050473708909337, 32.297819029066282 ], [ -111.050464029053828, 32.297819101529051 ], [ -111.049536196217062, 32.297826067047474 ], [ -111.049535318072671, 32.297826072739333 ], [ -111.049523654748782, 32.297826152247694 ], [ -111.049522776595808, 32.297826158841204 ], [ -111.049354546306986, 32.297827395698064 ], [ -111.04935366816261, 32.297827401388638 ], [ -111.049341195808481, 32.297827476223688 ], [ -111.049340317655506, 32.29782748281594 ], [ -111.0481873729955, 32.297836121935397 ], [ -111.04818649484254, 32.297836128519641 ], [ -111.04801340961366, 32.297837415861707 ], [ -111.048012531460714, 32.297837422444722 ], [ -111.047337985807388, 32.297842472835356 ], [ -111.047337107774965, 32.297842466788978 ], [ -111.047235832622604, 32.297843315965416 ], [ -111.047234954469673, 32.297843322543038 ], [ -111.046607945926397, 32.297848009225369 ], [ -111.046607067773479, 32.297848015798607 ], [ -111.046417884830959, 32.297849423576665 ], [ -111.046417529107188, 32.297849426535379 ], [ -111.046417006678055, 32.297849430148553 ], [ -111.046416176388149, 32.297849428032158 ], [ -111.046415303586883, 32.297849430131841 ], [ -111.046183506972014, 32.297510507735623 ], [ -111.046184117591409, 32.297468063125578 ], [ -111.04622860934829, 32.294376821633726 ], [ -111.046228660875201, 32.294373207479644 ], [ -111.046219068826346, 32.294373240545802 ], [ -111.044255003680902, 32.294379933069408 ], [ -111.044254125596211, 32.294379936019801 ], [ -111.04395334718356, 32.294380936011819 ], [ -111.043952992552363, 32.294380937167617 ], [ -111.043952469098897, 32.294380938960089 ], [ -111.043951638849705, 32.294380935926284 ], [ -111.04395079999486, 32.294380944556735 ], [ -111.04395076495986, 32.294380944314526 ], [ -111.043950723175797, 32.294380872781609 ], [ -111.043753449545335, 32.294092914846424 ], [ -111.043511766158915, 32.293740151952512 ], [ -111.043509299226429, 32.293736552847925 ], [ -111.043414826164934, 32.293736150129931 ], [ -111.043414474747181, 32.293736148601042 ], [ -111.043413948147077, 32.293736146762249 ], [ -111.043413095634975, 32.293736140865505 ], [ -111.043412218687422, 32.293736136603357 ], [ -111.043243285389394, 32.293487837694826 ], [ -111.042656110998934, 32.292583212266173 ], [ -111.042429982005586, 32.292246641712168 ], [ -111.04233038834964, 32.292107912601693 ], [ -111.042211833780271, 32.29194276753568 ], [ -111.042033005954693, 32.291693539037801 ], [ -111.041904756833972, 32.291211102835611 ], [ -111.04150734604282, 32.290628450840991 ], [ -111.041504874214922, 32.290624825510406 ], [ -111.041364896093228, 32.290626513726863 ], [ -111.041343193578811, 32.290626781712447 ], [ -111.04134267641291, 32.290626794359802 ], [ -111.041341785460688, 32.290626814335738 ], [ -111.041340913790961, 32.29062681640891 ], [ -111.041229176633735, 32.290458929246761 ], [ -111.040371268539332, 32.289171712587617 ], [ -111.039526744912934, 32.2879041679887 ], [ -111.038927654906999, 32.287005197862712 ], [ -111.037459787519353, 32.28480233369833 ], [ -111.037458847705039, 32.284757914120057 ], [ -111.037454232161792, 32.284539702766104 ], [ -111.037446395254079, 32.284527932599431 ], [ -111.036693122994578, 32.283396672096046 ], [ -111.036645481020358, 32.283325352075799 ], [ -111.036643084634861, 32.283321759641481 ], [ -111.036474443944059, 32.283319907845531 ], [ -111.036474090470136, 32.283319903577933 ], [ -111.036473566089001, 32.283319898119004 ], [ -111.036472687172378, 32.283319888385037 ], [ -111.036471809282475, 32.283319882265531 ], [ -111.034202931181156, 32.279956743450413 ], [ -111.03397489370893, 32.279617200860045 ], [ -111.033972476355203, 32.279613601915777 ], [ -111.033707370649324, 32.279612107456032 ], [ -111.033707018234111, 32.27961210499187 ], [ -111.033706492787033, 32.279612102219687 ], [ -111.033705846338663, 32.279612097699584 ], [ -111.033704967414877, 32.279612092455821 ], [ -111.033704850388759, 32.279611899548954 ], [ -111.033155672785853, 32.27887419334921 ], [ -111.0331555721353, 32.278873077989942 ], [ -111.033152040144714, 32.278824917494113 ], [ -111.033144506606632, 32.278722720534709 ], [ -111.033137613884946, 32.278715170933133 ], [ -111.033091613938197, 32.2786601705604 ], [ -111.033012613808424, 32.278566170720445 ], [ -111.032952614006277, 32.27849817083036 ], [ -111.032883613930821, 32.278419170595498 ], [ -111.032677612886758, 32.278185170718402 ], [ -111.032676613200877, 32.27818317068818 ], [ -111.032608612989051, 32.278108170582541 ], [ -111.032432612857448, 32.277915169856968 ], [ -111.031904611577943, 32.277336168920328 ], [ -111.031729611021106, 32.277144168939081 ], [ -111.031701611351949, 32.277114169228028 ], [ -111.031620611300383, 32.277024168530296 ], [ -111.031593610449832, 32.276995168704516 ], [ -111.031282609625464, 32.27664016870807 ], [ -111.030909609450845, 32.276280168070848 ], [ -111.030552609281941, 32.275977167512856 ], [ -111.030105608529965, 32.27560716708502 ], [ -111.030010608068551, 32.275528166735185 ], [ -111.029373607731955, 32.274987165745344 ], [ -111.028890606958512, 32.274464165181008 ], [ -111.028817606608513, 32.274383165038735 ], [ -111.028286605597501, 32.273796164916682 ], [ -111.027356603497083, 32.272736162895335 ], [ -111.026661601190526, 32.271956162185532 ], [ -111.026016599931268, 32.271271160426579 ], [ -111.025918600105911, 32.271159160655095 ], [ -111.025689599115637, 32.270902160272193 ], [ -111.025505599180164, 32.270677159926912 ], [ -111.02540359902531, 32.2705361595076 ], [ -111.025336598130437, 32.270430159638863 ], [ -111.025266598274712, 32.270331159274498 ], [ -111.025139597557569, 32.270086158698312 ], [ -111.024835595247922, 32.269449158346646 ], [ -111.02469859517042, 32.269143157613328 ], [ -111.024647594055949, 32.269028157428664 ], [ -111.024544594218682, 32.268799157287511 ], [ -111.024291592738493, 32.268264156912814 ], [ -111.024276592340414, 32.268229156611518 ], [ -111.024142590989598, 32.26792415582652 ], [ -111.024094591511897, 32.267815155723127 ], [ -111.024082590591377, 32.267790156191396 ], [ -111.023926590476805, 32.267467155290035 ], [ -111.023893590054101, 32.267395155690878 ], [ -111.023848589278614, 32.267292154886185 ], [ -111.023834589979501, 32.267262155013007 ], [ -111.023817589306432, 32.267244155250388 ], [ -111.023679589238412, 32.267001155030222 ], [ -111.02359558814868, 32.266881154945587 ], [ -111.023561588895987, 32.266833154781544 ], [ -111.023361587216172, 32.266523153870658 ], [ -111.022838585595565, 32.265761152308961 ], [ -111.022584585059846, 32.265391151967663 ], [ -111.022233583876655, 32.264880151067267 ], [ -111.021855582364523, 32.264330150571425 ], [ -111.021196579914076, 32.263341148790261 ], [ -111.020935578378754, 32.262950147904633 ], [ -111.020853578584749, 32.262827148094765 ], [ -111.020707577819579, 32.262606147428855 ], [ -111.020589576631352, 32.262427147543342 ], [ -111.020271575319384, 32.261942146762252 ], [ -111.020126575520436, 32.261723145562605 ], [ -111.019408572429697, 32.260721144236904 ], [ -111.019360572239663, 32.260632143898881 ], [ -111.019341571749194, 32.260600143821094 ], [ -111.019159570918404, 32.260299143504056 ], [ -111.019020571009634, 32.260090143427689 ], [ -111.018792569905003, 32.259731142133234 ], [ -111.018686569498257, 32.259547142179777 ], [ -111.018640569143969, 32.259465142225999 ], [ -111.018455568485123, 32.259095141623391 ], [ -111.018182565930886, 32.258526140240299 ], [ -111.017800563517895, 32.257727139323961 ], [ -111.017691562831416, 32.257515138931893 ], [ -111.017638562669617, 32.257413138603191 ], [ -111.017521562331197, 32.257202138069935 ], [ -111.017403561583663, 32.256988137145619 ], [ -111.017400561454906, 32.256984137834827 ], [ -111.016642558888734, 32.255844135326846 ], [ -111.016608558805515, 32.255796135090598 ], [ -111.016508558441359, 32.255658134898198 ], [ -111.016475557588493, 32.255612134781721 ], [ -111.01643455745365, 32.255554134771536 ], [ -111.016375557200249, 32.255472134234218 ], [ -111.016312557616146, 32.255385134301143 ], [ -111.016272557510206, 32.255330134526318 ], [ -111.016244557096897, 32.255289134541812 ], [ -111.016160556957033, 32.255173133630521 ], [ -111.016132557058725, 32.255134133875025 ], [ -111.016108556273807, 32.255101133611674 ], [ -111.016039556454601, 32.255005133833279 ], [ -111.016016556196021, 32.254973133595932 ], [ -111.015835554919619, 32.254694132933814 ], [ -111.015295552509485, 32.253857130965876 ], [ -111.015115552098081, 32.253578131001902 ], [ -111.01490555153417, 32.253215129782397 ], [ -111.014466548572443, 32.252454128696613 ], [ -111.014279547809494, 32.252126128223054 ], [ -111.014073546507248, 32.251762126996788 ], [ -111.014055546154708, 32.25173012695258 ], [ -111.013962545653868, 32.251548126858225 ], [ -111.013633544497978, 32.250904125340696 ], [ -111.013552543282955, 32.250745125212156 ], [ -111.013528716643947, 32.250706854528815 ], [ -111.013528105466563, 32.250706845650626 ], [ -111.013429054498175, 32.250705398040246 ], [ -111.013215771938434, 32.250702270479813 ], [ -111.010960192601374, 32.250669168949429 ], [ -111.008192103886088, 32.25059517859443 ], [ -111.00630695946991, 32.250573449994661 ], [ -111.005790685649444, 32.250567494084791 ], [ -111.004950810090463, 32.250556367682911 ], [ -111.002290803981452, 32.250531217037093 ], [ -111.000555205332674, 32.250534449064979 ], [ -110.999033275998769, 32.250494869349779 ], [ -110.997852190732203, 32.250464141841462 ], [ -110.996281407201906, 32.250423258331445 ], [ -110.995432944879667, 32.2504011670826 ], [ -110.994932697821795, 32.250390904411951 ], [ -110.993609097362182, 32.250375399695592 ], [ -110.993013886878529, 32.250339953748131 ], [ -110.992812714446075, 32.250342005353197 ], [ -110.992324697770187, 32.250341785146652 ], [ -110.992304077037105, 32.250341806523899 ], [ -110.991725195303317, 32.250330955796954 ], [ -110.990806385897741, 32.249193798367159 ], [ -110.988473606198241, 32.246417871171708 ], [ -110.986260435455947, 32.243641924465862 ], [ -110.987305799410734, 32.24367547307947 ], [ -110.987563654126944, 32.243683812054051 ], [ -110.987112408797643, 32.243053946956472 ], [ -110.986936533901812, 32.242796846831503 ], [ -110.986777287417979, 32.242554471181364 ], [ -110.986606261542661, 32.242277906131044 ], [ -110.986425668922507, 32.241968200510577 ], [ -110.98609745795477, 32.241326954671358 ], [ -110.985977224975713, 32.241065193821591 ], [ -110.985894516928738, 32.24087019629922 ], [ -110.985824989883128, 32.240690842377667 ], [ -110.98576641491897, 32.240527804652146 ], [ -110.98565981400337, 32.240217954913078 ], [ -110.9854808431908, 32.239690591836627 ], [ -110.984966106175406, 32.238353132983491 ], [ -110.984840553109322, 32.238019177673188 ], [ -110.984790024960276, 32.237879992554973 ], [ -110.984761203184604, 32.237792678140863 ], [ -110.984630194122104, 32.237359726916907 ], [ -110.984376235651112, 32.236595586805606 ], [ -110.983968368077441, 32.235781262700584 ], [ -110.983739177587125, 32.235778883699126 ], [ -110.983493214624161, 32.235776036830877 ], [ -110.982394521543711, 32.235741231914034 ], [ -110.982358019590649, 32.23574007554766 ], [ -110.982231507143879, 32.235740455875586 ], [ -110.981647715317109, 32.235742208755447 ], [ -110.980816819928279, 32.235716816781775 ], [ -110.980610908575301, 32.235730840056185 ], [ -110.980174141615777, 32.235747193457549 ], [ -110.979306673549843, 32.235779669270144 ], [ -110.97798944341929, 32.235824197696317 ], [ -110.977896129061122, 32.23582735169682 ], [ -110.977872343257175, 32.235826041400294 ], [ -110.977211097104529, 32.235789619313302 ], [ -110.977133074089565, 32.23578972643638 ], [ -110.976386995515966, 32.235771980060072 ], [ -110.975727773838869, 32.235784767913309 ], [ -110.975676571316527, 32.235785761029334 ], [ -110.975584376456112, 32.235788081157864 ], [ -110.975152946160478, 32.235804385684496 ], [ -110.974878063062775, 32.235814773511088 ], [ -110.974300384298544, 32.235819668221211 ], [ -110.974106872868575, 32.235821307435458 ], [ -110.97331154009548, 32.235836417645714 ], [ -110.97329778818883, 32.235836489939118 ], [ -110.97313582874321, 32.235837338732324 ], [ -110.973068617372618, 32.235837690906934 ], [ -110.971736463283349, 32.235844663858167 ], [ -110.970248213102181, 32.235841945088062 ], [ -110.970248548709307, 32.235851739602516 ], [ -110.970250510872447, 32.23590902460726 ], [ -110.970294919243329, 32.237205421002983 ], [ -110.970281866425609, 32.238522836665943 ], [ -110.970283366083393, 32.239414790723394 ], [ -110.970283474172291, 32.239479072584118 ], [ -110.970285379623647, 32.239957320036076 ], [ -110.970287795215683, 32.240563403780527 ], [ -110.970277747766687, 32.241649345152055 ], [ -110.969446437300789, 32.241659186500399 ], [ -110.968782592142404, 32.241667041217283 ], [ -110.968779812235795, 32.241642295993259 ], [ -110.968772632805894, 32.241539099774904 ], [ -110.968762632864397, 32.240578100163823 ], [ -110.968762645955877, 32.240577146133504 ], [ -110.968763629953145, 32.240520100596946 ], [ -110.967222637203577, 32.240532102067256 ], [ -110.965677641499383, 32.240542103063625 ], [ -110.965371642745978, 32.240543103081215 ], [ -110.964454644477073, 32.240549103864005 ], [ -110.964149645636496, 32.240552104188851 ], [ -110.963840646984536, 32.240552104816956 ], [ -110.962913648988547, 32.240552105758027 ], [ -110.962605650106568, 32.240553105621231 ], [ -110.962296650452146, 32.24055310607212 ], [ -110.961369652918123, 32.240555106748907 ], [ -110.961061654210539, 32.240557106576247 ], [ -110.96075465518831, 32.240560107022908 ], [ -110.959834657885736, 32.240571108088822 ], [ -110.959528658511005, 32.240575107833983 ], [ -110.959221659653167, 32.240571108221971 ], [ -110.95894966037477, 32.240569108249453 ], [ -110.958303662467614, 32.240573109502336 ], [ -110.957997662973327, 32.240576109024154 ], [ -110.957753664030051, 32.240574109687309 ], [ -110.957024665515021, 32.24057410979524 ], [ -110.956781666468686, 32.240575110222188 ], [ -110.956484667033479, 32.240576110178104 ], [ -110.955593669804202, 32.240579111274705 ], [ -110.955297670016449, 32.240581111653405 ], [ -110.955000670746827, 32.24058411196782 ], [ -110.954109674018824, 32.240594112454907 ], [ -110.953813678699149, 32.240600112573176 ], [ -110.953812682482948, 32.240800157756858 ], [ -110.953812676652731, 32.24080111274094 ], [ -110.953808683242585, 32.241406157326054 ], [ -110.953808680595174, 32.241407112334315 ], [ -110.953808680760588, 32.241608157088578 ], [ -110.953808674930059, 32.241609112072524 ], [ -110.953538676412009, 32.24161011241155 ], [ -110.952731678577962, 32.241614112211778 ], [ -110.952462678621671, 32.241616112576693 ], [ -110.952220679685908, 32.241618112849409 ], [ -110.951494681981984, 32.241629113277575 ], [ -110.951253682646637, 32.241633114159832 ], [ -110.950954682937905, 32.241635113865193 ], [ -110.950058685472953, 32.241641114592809 ], [ -110.949760698068246, 32.241644114825142 ], [ -110.949761689948105, 32.241847160982132 ], [ -110.949761692572892, 32.241848115128256 ], [ -110.9497656873571, 32.242463114174342 ], [ -110.949767682316761, 32.242667629832603 ], [ -110.949767687796822, 32.242668114152032 ], [ -110.949764706050303, 32.242762160214291 ], [ -110.949764681087942, 32.24276311414917 ], [ -110.949757704172598, 32.243049159645665 ], [ -110.949757687698309, 32.243050113645459 ], [ -110.949756697671958, 32.243145159731029 ], [ -110.949756687563877, 32.243146113779495 ], [ -110.949462688570463, 32.243172114035268 ], [ -110.948582690888344, 32.243252114515947 ], [ -110.948289691910304, 32.243280114521092 ], [ -110.947990693290123, 32.243256114896788 ], [ -110.9470956954206, 32.24318911598742 ], [ -110.946797695950508, 32.24316711603862 ], [ -110.946489697222262, 32.243166115945712 ], [ -110.945567699152264, 32.243166116952587 ], [ -110.945260699967363, 32.243168117390482 ], [ -110.945084701315622, 32.243168117807876 ], [ -110.944613698523369, 32.243169117895029 ], [ -110.94461271645298, 32.243223163607553 ], [ -110.944612702046925, 32.243224117621956 ], [ -110.944610713412715, 32.243399163555431 ], [ -110.944610702189706, 32.243400117594291 ], [ -110.944004793875877, 32.243182150954134 ], [ -110.944004704023797, 32.243182118698762 ], [ -110.943953288117157, 32.243180030172098 ], [ -110.943951199820958, 32.243201334914474 ], [ -110.943898741343673, 32.243736369281613 ], [ -110.943893865892818, 32.243786100459332 ], [ -110.943870749346516, 32.244759923552806 ], [ -110.943872374049135, 32.244984485474781 ], [ -110.943875815602738, 32.245460376771284 ], [ -110.943888944015768, 32.245556254664599 ], [ -110.943883282544519, 32.245783927650294 ], [ -110.943902828449964, 32.246794842470024 ], [ -110.943931166790293, 32.247872311431841 ], [ -110.94393347667922, 32.248512186863451 ], [ -110.943934695312848, 32.248849688418453 ], [ -110.943932334944506, 32.248938402903121 ], [ -110.943934864113089, 32.249156260311032 ], [ -110.943970189524748, 32.249805837264752 ], [ -110.943981488767008, 32.250172886897175 ], [ -110.943983553808067, 32.250239983673133 ], [ -110.943980866933529, 32.250240073008491 ], [ -110.942547391176006, 32.250287681757975 ], [ -110.942522425841432, 32.250288511021459 ], [ -110.942439020616064, 32.250288555070007 ], [ -110.941072926790298, 32.250289266181198 ], [ -110.939646068262277, 32.250290179795861 ], [ -110.937675487715254, 32.250320450640615 ], [ -110.935509424413013, 32.250331248190719 ], [ -110.935423906497519, 32.250331673409143 ], [ -110.935422569310361, 32.250331679256078 ], [ -110.933245325007107, 32.250341018240995 ], [ -110.931142951595604, 32.250350920893212 ], [ -110.929532746033189, 32.250369444449973 ], [ -110.928978365035675, 32.250374732153595 ], [ -110.926887188999672, 32.250377436052325 ], [ -110.924182067423857, 32.250415998939488 ], [ -110.922583103129412, 32.250441737600688 ], [ -110.92209057882171, 32.250447396093961 ], [ -110.921046020479125, 32.250465539452549 ], [ -110.920446588212783, 32.250467943832831 ], [ -110.919996390145826, 32.25046679815501 ], [ -110.919101092004908, 32.250478886519844 ], [ -110.918307138869324, 32.250503710384507 ], [ -110.916179086905714, 32.250532315507861 ], [ -110.915161533033455, 32.250539714764614 ], [ -110.915120086628704, 32.25053998771007 ], [ -110.914049207343282, 32.250561644010496 ], [ -110.911399584100266, 32.250589979087202 ], [ -110.910902369922653, 32.250599164772822 ], [ -110.909722010156884, 32.250612525070323 ], [ -110.909721581396326, 32.250612527965615 ], [ -110.90972374024318, 32.250847200916894 ], [ -110.909727812137689, 32.251338142389116 ], [ -110.909746816382423, 32.253505143463642 ], [ -110.90975381754572, 32.254228143939272 ], [ -110.909755818176336, 32.254462143649192 ], [ -110.909761819165624, 32.255166143846914 ], [ -110.909764820107952, 32.255401144393709 ], [ -110.909765820281876, 32.255532144436977 ], [ -110.909768820362316, 32.255926144659092 ], [ -110.909770820881363, 32.256058144660535 ], [ -110.909771159921164, 32.256086942276994 ], [ -110.90977182154414, 32.256143144076056 ], [ -110.909777821185187, 32.256399144677403 ], [ -110.909780826802731, 32.25648614496145 ], [ -110.909780827155231, 32.256763190251299 ], [ -110.909780828296817, 32.256764144379282 ], [ -110.909782827757695, 32.257597190817194 ], [ -110.90978283102146, 32.257598144961975 ], [ -110.909783827405406, 32.257876191040495 ], [ -110.909783830669113, 32.257877145185219 ], [ -110.909783851709776, 32.257880911326254 ], [ -110.909783703091904, 32.257880914650691 ], [ -110.909794560689789, 32.258783785919491 ], [ -110.909795785436927, 32.259680052957094 ], [ -110.906066936373165, 32.259683259982673 ], [ -110.905326272683567, 32.259708426618452 ], [ -110.904944735696631, 32.259692229191799 ], [ -110.904496492470216, 32.259693019238917 ], [ -110.903812607235977, 32.259684874391034 ], [ -110.901062234162254, 32.25969508843334 ], [ -110.897940392057322, 32.259693055990937 ], [ -110.896780706584977, 32.25969125693851 ], [ -110.895719482398675, 32.259689470231052 ], [ -110.894646110610452, 32.259689294270956 ], [ -110.892612363669841, 32.25967757097618 ], [ -110.892475443075938, 32.259676780119847 ], [ -110.892462744774932, 32.261473652941767 ], [ -110.892462425259581, 32.261484147430302 ], [ -110.892431984808766, 32.262484245125584 ], [ -110.892389877325613, 32.265350903840968 ], [ -110.892437776706629, 32.268520649148286 ], [ -110.892473168500217, 32.269887906775743 ], [ -110.892495434878072, 32.270814231492842 ], [ -110.892495488990633, 32.270816500884742 ], [ -110.892495705906882, 32.270825536972907 ], [ -110.892496408468062, 32.270854741463097 ], [ -110.892496668016321, 32.270865557167362 ], [ -110.89249736167092, 32.270894420701119 ], [ -110.89249752809981, 32.270901337127086 ], [ -110.892497722751528, 32.270909426134445 ], [ -110.892497725558385, 32.270909554214178 ], [ -110.892497994107103, 32.270909648376524 ], [ -110.89273296371843, 32.270991956280724 ], [ -110.892740378458726, 32.270994553186952 ], [ -110.892740762087158, 32.270994702390389 ], [ -110.892740794116278, 32.270996670398745 ], [ -110.892740797387248, 32.270996851688992 ], [ -110.892743175463934, 32.271139888961258 ], [ -110.8927523334944, 32.271687918955749 ], [ -110.892752832019497, 32.271717718785439 ], [ -110.892753050366764, 32.271730787776171 ], [ -110.892764408055243, 32.272410431201045 ], [ -110.892765305189926, 32.272464089824815 ], [ -110.892769439348129, 32.272465433671861 ], [ -110.892769968146624, 32.272465605695643 ], [ -110.892951265389044, 32.272524523406055 ], [ -110.893385572937731, 32.272673385131263 ], [ -110.893813474441131, 32.272835248988706 ], [ -110.894013911808599, 32.272917969261115 ], [ -110.894211221831284, 32.273005950306853 ], [ -110.894405213365403, 32.27309910672507 ], [ -110.894595765214206, 32.273197362700145 ], [ -110.894782490440477, 32.273300580747069 ], [ -110.895446717667951, 32.2737185271247 ], [ -110.895888805571104, 32.274016255363037 ], [ -110.896100002455114, 32.274146560351305 ], [ -110.896316178948879, 32.274270833340502 ], [ -110.896537097752883, 32.274388935313155 ], [ -110.896762511919633, 32.274500735291234 ], [ -110.896992175447707, 32.274606112225356 ], [ -110.897225832748603, 32.274704947695646 ], [ -110.897463227057415, 32.274797133193829 ], [ -110.897696583060892, 32.274879902335762 ], [ -110.89770402432508, 32.274882541553609 ], [ -110.897704070278692, 32.274884507869601 ], [ -110.897704074590621, 32.274884691873552 ], [ -110.897705993039253, 32.274966985766127 ], [ -110.897720681692448, 32.275588571988926 ], [ -110.897726826515239, 32.275852841865039 ], [ -110.897727275223275, 32.275871669858901 ], [ -110.897728616407974, 32.275927931053317 ], [ -110.897732702579006, 32.275927890976817 ], [ -110.897733229137557, 32.275927886207342 ], [ -110.898066555924103, 32.275924644071118 ], [ -110.89838508261262, 32.275921457567492 ], [ -110.899006193557824, 32.275915437947511 ], [ -110.899014043161813, 32.275915361423507 ], [ -110.899014097902892, 32.275919015095873 ], [ -110.899019830946969, 32.276302547758981 ], [ -110.899026262871701, 32.276722551605914 ], [ -110.89902721858644, 32.276781844272215 ], [ -110.899028124479969, 32.27683808842 ], [ -110.899032238168488, 32.27683805934538 ], [ -110.899032764722307, 32.276838055472311 ], [ -110.899513165540313, 32.276834705080127 ], [ -110.900396725981224, 32.276828590153727 ], [ -110.900436969654649, 32.276828342268878 ], [ -110.901146890505046, 32.276823406508825 ], [ -110.90115490024229, 32.276823350980223 ], [ -110.901154944575154, 32.276826993746809 ], [ -110.901162386969688, 32.277440902920858 ], [ -110.901163068675572, 32.277497092955997 ], [ -110.90116719799498, 32.277497092795805 ], [ -110.901167724512604, 32.277497092520832 ], [ -110.904961453520642, 32.277496734043467 ], [ -110.904970806598129, 32.277496733224474 ], [ -110.904970806247391, 32.277496669193134 ], [ -110.904970544861726, 32.277414356172713 ], [ -110.904970533912319, 32.277410848043139 ], [ -110.904971370386363, 32.277410848431906 ], [ -110.90527403842357, 32.277410962469013 ], [ -110.905458722545518, 32.277407452681217 ], [ -110.905468008563062, 32.277407276337087 ], [ -110.905467969706464, 32.277410969840972 ], [ -110.905467728874044, 32.277433919886619 ], [ -110.905467139732465, 32.277490080816413 ], [ -110.905471350645342, 32.2774900937941 ], [ -110.905471877143384, 32.277490095304657 ], [ -110.90549722224786, 32.277490172001869 ], [ -110.905583277802606, 32.277489014145203 ], [ -110.905651804192743, 32.277487783525487 ], [ -110.905652640326423, 32.277487718976694 ], [ -110.905675596686578, 32.277485910667821 ], [ -110.905699301313007, 32.277483346315464 ], [ -110.905722887230056, 32.277480095632484 ], [ -110.905746328942968, 32.277476160218427 ], [ -110.905769598784076, 32.277471546164541 ], [ -110.905792669105793, 32.277466257758661 ], [ -110.905815512230475, 32.27746030199382 ], [ -110.905838102603454, 32.277453685880047 ], [ -110.90586041359856, 32.277446417320625 ], [ -110.905877237871522, 32.277440367374091 ], [ -110.905882417528261, 32.277438504210416 ], [ -110.905904090940794, 32.277429955379915 ], [ -110.905925407170088, 32.277420782339391 ], [ -110.905946340631573, 32.2774109948042 ], [ -110.905966868904983, 32.277400604318551 ], [ -110.905986965314383, 32.277389623294532 ], [ -110.906006608490998, 32.277378064186642 ], [ -110.906025774933255, 32.277365940334192 ], [ -110.906043665762539, 32.277352924299414 ], [ -110.906053726207873, 32.27734608973109 ], [ -110.906064098105645, 32.277339599440609 ], [ -110.906074764353136, 32.277333464112779 ], [ -110.906085708939003, 32.277327691735614 ], [ -110.906385099691676, 32.277184845334247 ], [ -110.907071433187483, 32.276864466010871 ], [ -110.907262093648427, 32.276773919812278 ], [ -110.907456906993872, 32.276681399980092 ], [ -110.90748833471838, 32.276666583686591 ], [ -110.907515132357375, 32.27665395064264 ], [ -110.907574401835959, 32.276628165345535 ], [ -110.907632086065831, 32.276605098937935 ], [ -110.907634651417524, 32.276604073335619 ], [ -110.907695811813113, 32.276581701112214 ], [ -110.907757816938243, 32.276561073396842 ], [ -110.907820596482921, 32.276542213073675 ], [ -110.907884081218739, 32.276525141232007 ], [ -110.908281239259082, 32.276432161280184 ], [ -110.908346119066636, 32.276416971601193 ], [ -110.908374445790656, 32.276408976870684 ], [ -110.908402456175736, 32.276400214872439 ], [ -110.908430119370351, 32.276390691673036 ], [ -110.908448074163204, 32.276383936170362 ], [ -110.908457413926158, 32.276380426941323 ], [ -110.908484304815886, 32.27636942039782 ], [ -110.908510767446899, 32.276357688079109 ], [ -110.908536773040865, 32.276345240577385 ], [ -110.908562294902353, 32.276332092108795 ], [ -110.908587308478815, 32.276318255103043 ], [ -110.908611787074975, 32.276303743776232 ], [ -110.908635706098437, 32.276288574164951 ], [ -110.908823589082331, 32.276175081166656 ], [ -110.908898257406889, 32.276129976893685 ], [ -110.909143176658688, 32.275969802705646 ], [ -110.90926452395955, 32.275890442883302 ], [ -110.909314747934886, 32.275857596461378 ], [ -110.90933516842486, 32.275842869551418 ], [ -110.909356154580053, 32.275828728818219 ], [ -110.909377682880233, 32.275815189404696 ], [ -110.909399729815135, 32.275802265552024 ], [ -110.909422270803191, 32.275789972394648 ], [ -110.909445280221391, 32.275778323255103 ], [ -110.909468734569614, 32.275767331472899 ], [ -110.909492605060649, 32.275757008541746 ], [ -110.909513644077109, 32.275748647008278 ], [ -110.909516867152973, 32.275747365989197 ], [ -110.909541494182236, 32.275738415325996 ], [ -110.909566457391293, 32.27573016534064 ], [ -110.909591730135801, 32.275722625740428 ], [ -110.909617284720056, 32.27571580532237 ], [ -110.909617854676327, 32.275715811671134 ], [ -110.909638660733435, 32.275716043419877 ], [ -110.911689266558128, 32.275741481002747 ], [ -110.912924877351571, 32.275753456203084 ], [ -110.914024417406395, 32.275764888239891 ], [ -110.914033791523181, 32.275764986113607 ], [ -110.91403379126524, 32.275764913064819 ], [ -110.914003398028939, 32.272416914616755 ], [ -110.91411930294413, 32.271898584006735 ], [ -110.914185151033323, 32.271849886711891 ], [ -110.914257206153408, 32.270703468049668 ], [ -110.914261704441117, 32.269981792353931 ], [ -110.914271881853495, 32.269607874386857 ], [ -110.914269348207341, 32.269470503731831 ], [ -110.914266815504959, 32.269333047409248 ], [ -110.914263960914496, 32.26916964789234 ], [ -110.914263790422652, 32.26916681214248 ], [ -110.914257456366286, 32.268814500368876 ], [ -110.914257391012171, 32.268810887189062 ], [ -110.914249702068588, 32.268810887485984 ], [ -110.913686779923424, 32.268810909386346 ], [ -110.913644520386953, 32.268810917370629 ], [ -110.912954394010839, 32.268812220833965 ], [ -110.912241628057487, 32.268812996887611 ], [ -110.912152254609879, 32.268813058937383 ], [ -110.912007274597769, 32.268813194440099 ], [ -110.911452833688614, 32.268813764431094 ], [ -110.911002122736349, 32.268814299469469 ], [ -110.910642606259415, 32.268814614241542 ], [ -110.91031521930357, 32.268816730612407 ], [ -110.910193905714621, 32.268816107507512 ], [ -110.910066127014218, 32.268815003496385 ], [ -110.909632422656898, 32.268815403152814 ], [ -110.909631896188486, 32.268815403464082 ], [ -110.909627768276152, 32.268815407524428 ], [ -110.909627761554049, 32.268815343442157 ], [ -110.909627066477285, 32.268759210924493 ], [ -110.909603603233208, 32.266879761879302 ], [ -110.909603558880633, 32.266876185840033 ], [ -110.909604396250487, 32.266876192516762 ], [ -110.909782454359032, 32.266877539985302 ], [ -110.909791334340582, 32.266877607169384 ], [ -110.909791343617698, 32.26687753600018 ], [ -110.909838785142199, 32.266509959437265 ], [ -110.90983913353729, 32.266507629225977 ], [ -110.909839575217319, 32.266505309678259 ], [ -110.909840110132492, 32.266503005302745 ], [ -110.909840738262901, 32.266500717902943 ], [ -110.909841456404706, 32.266498449256893 ], [ -110.909842266630719, 32.266496203890199 ], [ -110.909843165747077, 32.266493982679215 ], [ -110.909844154775243, 32.266491789239325 ], [ -110.909845230511408, 32.266489625348633 ], [ -110.909846392925672, 32.26648749371229 ], [ -110.909847640916922, 32.266485397928811 ], [ -110.909848972352577, 32.266483338882949 ], [ -110.909850385070214, 32.266481320164793 ], [ -110.90985187904991, 32.266479343577757 ], [ -110.909853451087869, 32.266477410899924 ], [ -110.909855100082922, 32.266475525729767 ], [ -110.909856823892568, 32.266473689853846 ], [ -110.909858620384227, 32.26647190415693 ], [ -110.909860488456815, 32.266470172237518 ], [ -110.909862424906493, 32.266468495873717 ], [ -110.909864426539386, 32.266466875941845 ], [ -110.909866493325652, 32.266465315147094 ], [ -110.909868620990181, 32.266463816160801 ], [ -110.909870808471709, 32.266462378974566 ], [ -110.909873052556449, 32.266461006268159 ], [ -110.909875350040593, 32.266459699819656 ], [ -110.909877698791576, 32.26645846051391 ], [ -110.909880095595639, 32.266457291030697 ], [ -110.90988189297758, 32.266456482003342 ], [ -110.909882538330194, 32.266456191353107 ], [ -110.90988502380138, 32.266455162357502 ], [ -110.909887549846744, 32.266454207633892 ], [ -110.909890112241058, 32.266453325344955 ], [ -110.909892708821857, 32.266452519080701 ], [ -110.90989533641519, 32.266451787914043 ], [ -110.909897991807355, 32.266451134524743 ], [ -110.909900671824346, 32.266450557985742 ], [ -110.909903373272357, 32.266450059173394 ], [ -110.909906094008875, 32.266449639874203 ], [ -110.909908828737343, 32.26644929914417 ], [ -110.90991124381118, 32.266449070396291 ], [ -110.909911576376544, 32.266449038778276 ], [ -110.909912412406527, 32.266448974199051 ], [ -110.909914332800781, 32.2664488479219 ], [ -110.909917095548963, 32.266448757217049 ], [ -110.909919016831225, 32.266448742771637 ], [ -110.909919859643125, 32.266448736864227 ], [ -110.909919866658072, 32.266448678302332 ], [ -110.909956714424524, 32.266287524144239 ], [ -110.90995749844997, 32.266284094488178 ], [ -110.90995466321796, 32.266284021388174 ], [ -110.90995185213103, 32.266283876335613 ], [ -110.909949048337808, 32.266283647472548 ], [ -110.909946256063606, 32.266283336636306 ], [ -110.909943477431028, 32.266282943843791 ], [ -110.909940717756498, 32.266282468235623 ], [ -110.909937978081444, 32.266281911623665 ], [ -110.909936533033132, 32.266281571845845 ], [ -110.909935263712356, 32.266281274050243 ], [ -110.909932576751913, 32.266280557335755 ], [ -110.909929921455301, 32.266279760612285 ], [ -110.909927299915225, 32.26627888660196 ], [ -110.909924715325545, 32.266277934428437 ], [ -110.909922171891651, 32.266276907732461 ], [ -110.909919671746081, 32.266275805629256 ], [ -110.909917219104173, 32.266274630857829 ], [ -110.909914815027236, 32.266273383426693 ], [ -110.909912463730578, 32.266272066074819 ], [ -110.909910168388166, 32.266270679729395 ], [ -110.909907931102666, 32.266269226210738 ], [ -110.90990630379271, 32.266268090483052 ], [ -110.9099062016234, 32.26626801932732 ], [ -110.909905755028106, 32.266267708249472 ], [ -110.90990364122581, 32.266266125854038 ], [ -110.909902563915139, 32.266265260545019 ], [ -110.909901594962406, 32.266264482673705 ], [ -110.909899616227975, 32.266262779610166 ], [ -110.909897709247744, 32.266261018500771 ], [ -110.909895875043262, 32.266259202960882 ], [ -110.909894116788394, 32.266257333917615 ], [ -110.909892435524554, 32.266255413182918 ], [ -110.909890834385848, 32.266253445290815 ], [ -110.90988931549488, 32.266251430258251 ], [ -110.909887879873096, 32.266249371700603 ], [ -110.909886528551937, 32.266247272331562 ], [ -110.909885264695376, 32.26624513397995 ], [ -110.90988408933481, 32.266242959359424 ], [ -110.909883003501704, 32.266240751183659 ], [ -110.909882009288765, 32.266238512174773 ], [ -110.909881106656144, 32.266236245939695 ], [ -110.909880298777779, 32.26623395340556 ], [ -110.909879583481285, 32.266231639064067 ], [ -110.909878964991933, 32.266229304752564 ], [ -110.909878442218556, 32.266226953167788 ], [ -110.909878015121308, 32.266224587916675 ], [ -110.909877686854216, 32.266222211729783 ], [ -110.909877455274724, 32.266219826393652 ], [ -110.909877321394404, 32.26621743642545 ], [ -110.909877285193289, 32.26621504362862 ], [ -110.909877347692856, 32.266212651618545 ], [ -110.90987750887318, 32.266210262198705 ], [ -110.909877766561877, 32.266207879860836 ], [ -110.909879588812061, 32.266193763887976 ], [ -110.909935161258133, 32.265763182898255 ], [ -110.90993407164882, 32.265248167133848 ], [ -110.909934064240119, 32.265244800608606 ], [ -110.909934900742854, 32.265244788337981 ], [ -110.910167046532976, 32.265241350243279 ], [ -110.910731093232371, 32.265247818722017 ], [ -110.910911427748857, 32.265249770672312 ], [ -110.910914258200634, 32.265249793210849 ], [ -110.910916885118155, 32.265249985473055 ], [ -110.910919713670239, 32.265250180242575 ], [ -110.910922338571666, 32.265250459062599 ], [ -110.910925164289154, 32.26525091082604 ], [ -110.910927990006641, 32.26525136258941 ], [ -110.910930613124862, 32.26525189931349 ], [ -110.910933234246912, 32.265252520792018 ], [ -110.910935855475444, 32.265253228845324 ], [ -110.910938474687939, 32.265254023456571 ], [ -110.910941094026853, 32.265254902839146 ], [ -110.910943712294582, 32.265255783114945 ], [ -110.910946127028154, 32.265256833114449 ], [ -110.910948541761769, 32.265257883113875 ], [ -110.910950955550575, 32.265259018777968 ], [ -110.910953368394615, 32.26526024010667 ], [ -110.910955780283913, 32.265261548001725 ], [ -110.91095798958392, 32.265262939955839 ], [ -110.910960197822703, 32.265264331901477 ], [ -110.910962406178015, 32.265265809520209 ], [ -110.910964410872779, 32.265267372091238 ], [ -110.910966415577562, 32.265268933760531 ], [ -110.910966573278756, 32.26526907028812 ], [ -110.910968418382794, 32.265270667660872 ], [ -110.91097042213292, 32.265272315896489 ], [ -110.91097101940133, 32.265272919455825 ], [ -110.910972221287651, 32.265274133847441 ], [ -110.910974021493772, 32.265275952708535 ], [ -110.910975618059254, 32.265277854718519 ], [ -110.910977214614846, 32.265279757630232 ], [ -110.910978810235633, 32.265281745304868 ], [ -110.910980203140696, 32.265283732267172 ], [ -110.910981596162273, 32.265285804902632 ], [ -110.910982786478044, 32.265287875924038 ], [ -110.910983975849049, 32.265290032610139 ], [ -110.910985165210164, 32.265292190197961 ], [ -110.910986151875406, 32.265294345269993 ], [ -110.910987138657163, 32.265296586015189 ], [ -110.910987922723123, 32.265298826048074 ], [ -110.910988706799088, 32.265301065179237 ], [ -110.910989287214406, 32.265303389262805 ], [ -110.910989868691075, 32.265305713354827 ], [ -110.910990247461825, 32.265308035832845 ], [ -110.910990626242565, 32.265310357409106 ], [ -110.910991005013372, 32.265312679887117 ], [ -110.91099118013345, 32.265315086415782 ], [ -110.91099140997207, 32.265331874586458 ], [ -110.910995533283781, 32.265331888479231 ], [ -110.910996059712332, 32.265331889965353 ], [ -110.911162270937396, 32.265332464764313 ], [ -110.911170939963739, 32.265332494999498 ], [ -110.911170952383685, 32.265332427462404 ], [ -110.911171584905802, 32.265329064227522 ], [ -110.911172430547836, 32.265325720725464 ], [ -110.911173276189771, 32.26532237722342 ], [ -110.911174323476317, 32.265319035326627 ], [ -110.911175572514139, 32.265315781609935 ], [ -110.91117682156181, 32.265312526991494 ], [ -110.911178272360701, 32.265309360553168 ], [ -110.911179925855478, 32.265306196630227 ], [ -110.911180017993971, 32.265306022412069 ], [ -110.911180041829525, 32.265305978412997 ], [ -110.911181576302795, 32.2653031165516 ], [ -110.911183429445956, 32.265300038988364 ], [ -110.911185484350241, 32.265297048703459 ], [ -110.911187538299828, 32.265294144984949 ], [ -110.911189592259234, 32.265291240364647 ], [ -110.911192049614371, 32.265288425529661 ], [ -110.911194506024728, 32.265285696359285 ], [ -110.911196961490333, 32.265283052853547 ], [ -110.911199619661645, 32.265280410961424 ], [ -110.911202274872323, 32.265277941291878 ], [ -110.911205132788709, 32.265275473235967 ], [ -110.911208191521567, 32.265273178122968 ], [ -110.911211249192959, 32.265270883001477 ], [ -110.911214306026338, 32.265268760119412 ], [ -110.911217564504113, 32.265266638842469 ], [ -110.911220821092542, 32.265264688894845 ], [ -110.91122427837081, 32.265262827118711 ], [ -110.911227735775583, 32.265261050113864 ], [ -110.911231191164404, 32.265259359666906 ], [ -110.911234548611162, 32.265257888482473 ], [ -110.91123484830436, 32.265257757399887 ], [ -110.911238503564988, 32.265256325560379 ], [ -110.911242157870973, 32.26525498028716 ], [ -110.911245811222315, 32.265253721580294 ], [ -110.911249665400163, 32.265252634914511 ], [ -110.911253518506697, 32.265251549141901 ], [ -110.911257370785307, 32.265250634707009 ], [ -110.911261422809261, 32.265249894108202 ], [ -110.911265271182785, 32.265249237560404 ], [ -110.911269321317519, 32.265248668290738 ], [ -110.911269700236701, 32.265248667699694 ], [ -110.911884398761813, 32.265248065395845 ], [ -110.912496657178679, 32.265246406320273 ], [ -110.912499487631734, 32.265246428823311 ], [ -110.912502318084776, 32.265246451326306 ], [ -110.912505147584525, 32.265246560395653 ], [ -110.912507774506224, 32.26524675262479 ], [ -110.912510602119198, 32.265247033023449 ], [ -110.912513428788813, 32.265247399086803 ], [ -110.912516051809192, 32.265247849203227 ], [ -110.912518674937573, 32.265248385894537 ], [ -110.912521499720512, 32.265248923287118 ], [ -110.912524119900908, 32.265249631299284 ], [ -110.912526740199283, 32.265250424984565 ], [ -110.912529359426472, 32.265251219563098 ], [ -110.912531978781573, 32.265252098912953 ], [ -110.912534394477532, 32.265253063217727 ], [ -110.912537009931427, 32.265254200454955 ], [ -110.912539424684127, 32.265255250424353 ], [ -110.912541837540246, 32.265256472624884 ], [ -110.912544047818415, 32.265257777985276 ], [ -110.912546459731317, 32.265259085850424 ], [ -110.91254866799504, 32.265260477768749 ], [ -110.912550876376756, 32.265261955360216 ], [ -110.912552882042718, 32.265263432241881 ], [ -110.912555087476591, 32.265265081154269 ], [ -110.912555828296362, 32.265265757992445 ], [ -110.912556889611366, 32.265266727762246 ], [ -110.912558893390852, 32.265268375973264 ], [ -110.912559042445309, 32.26526852685916 ], [ -110.912559369952504, 32.265268857722639 ], [ -110.912559846514171, 32.265269339472056 ], [ -110.912560195018756, 32.265269691244178 ], [ -110.912560692577799, 32.26527019390219 ], [ -110.912561394139928, 32.265270869526439 ], [ -110.912561768035971, 32.26527122871493 ], [ -110.912562493769428, 32.265271926174805 ], [ -110.912564292003253, 32.265273830670168 ], [ -110.912565888602415, 32.265275732660719 ], [ -110.912567484248399, 32.265277721217714 ], [ -110.912568878249786, 32.265279708171647 ], [ -110.912570271199897, 32.265281694215403 ], [ -110.912571663304803, 32.265283853400483 ], [ -110.912572853657096, 32.265285924407642 ], [ -110.912574043066115, 32.26528808107949 ], [ -110.912575029769201, 32.265290236139883 ], [ -110.912576016580388, 32.265292477775183 ], [ -110.912576800695575, 32.265294716897259 ], [ -110.912577584800857, 32.265296956921084 ], [ -110.912577607424311, 32.265297022933268 ], [ -110.912577622847138, 32.265297068146509 ], [ -110.912578367972785, 32.265299281707868 ], [ -110.912578948428816, 32.265301605784934 ], [ -110.912579327240195, 32.265303928259016 ], [ -110.912579706051574, 32.265306250733069 ], [ -110.912580084872914, 32.265308572305379 ], [ -110.912580262039612, 32.265310893176398 ], [ -110.912580437201697, 32.265313299703728 ], [ -110.912584340233039, 32.265313269408296 ], [ -110.912584866711356, 32.26531326637911 ], [ -110.912769610334365, 32.265311851795573 ], [ -110.912778603115754, 32.265311782588753 ], [ -110.912778609067502, 32.26531172401824 ], [ -110.912778830402971, 32.265309551506633 ], [ -110.912779284879065, 32.265305001865727 ], [ -110.912779915455673, 32.265302773988942 ], [ -110.912780344397461, 32.265300543607772 ], [ -110.912780976035307, 32.265298315739422 ], [ -110.912781606621763, 32.265296086960944 ], [ -110.912782438961088, 32.265293946359989 ], [ -110.912783474006361, 32.26529180737019 ], [ -110.912784306345614, 32.265289666769249 ], [ -110.912785543045416, 32.265287528480371 ], [ -110.912786576086106, 32.265285475146825 ], [ -110.912787810879664, 32.26528350999083 ], [ -110.912789249332192, 32.265281459879496 ], [ -110.91279048413557, 32.265279493821744 ], [ -110.912792122346374, 32.2652776166425 ], [ -110.91279355784124, 32.265275738753843 ], [ -110.912795195098866, 32.265273948141001 ], [ -110.912797034119251, 32.265272244803981 ], [ -110.912798671386668, 32.265270453289368 ], [ -110.912800508392579, 32.265268836510295 ], [ -110.912802548114271, 32.265267220440563 ], [ -110.912804385248165, 32.265265688432876 ], [ -110.912806423073562, 32.265264244594263 ], [ -110.91280866254354, 32.26526280235823 ], [ -110.912810699425705, 32.26526144418429 ], [ -110.912812488419405, 32.265260428532649 ], [ -110.912812938070616, 32.265260173286094 ], [ -110.912815175654174, 32.265258902379458 ], [ -110.912817614990573, 32.265257719650272 ], [ -110.912819374722844, 32.265256855270529 ], [ -110.912819851739172, 32.265256620983138 ], [ -110.91282229126216, 32.26525561410886 ], [ -110.912822432007317, 32.265255555707824 ], [ -110.912824725696154, 32.265254683848191 ], [ -110.912827161259955, 32.265253843777742 ], [ -110.912829798458347, 32.265253006211573 ], [ -110.912832233069039, 32.265252252707484 ], [ -110.912834868499402, 32.265251672143833 ], [ -110.912837502868427, 32.265251091571677 ], [ -110.912840137345725, 32.265250597574386 ], [ -110.912842769828572, 32.265250188331606 ], [ -110.912845403362724, 32.265249779998904 ], [ -110.91284623938013, 32.26524971540001 ], [ -110.912848034891596, 32.265249553816453 ], [ -110.912848360002911, 32.265249523935012 ], [ -110.912850664644438, 32.265249392550338 ], [ -110.912853496993947, 32.265249242814249 ], [ -110.913501359164727, 32.265245972524902 ], [ -110.914111994315121, 32.265240401400028 ], [ -110.914119250162358, 32.265240861202052 ], [ -110.914126404198541, 32.265241989340844 ], [ -110.914133370578526, 32.265243774313213 ], [ -110.914140065698646, 32.265246193812175 ], [ -110.91414641134098, 32.265249218358839 ], [ -110.914152331469623, 32.265252813080863 ], [ -110.914157754383012, 32.26525693502402 ], [ -110.914160311572417, 32.265259222478846 ], [ -110.914160389314588, 32.265259295240931 ], [ -110.91416497496563, 32.265264174373939 ], [ -110.914168901351047, 32.265269453188147 ], [ -110.914172119304027, 32.265275066362904 ], [ -110.914174590290429, 32.265280946858176 ], [ -110.914176284316028, 32.265287023192776 ], [ -110.914177180977703, 32.265293220354259 ], [ -110.914177269414111, 32.265299464307809 ], [ -110.914181485883176, 32.265299500479443 ], [ -110.914182012282225, 32.265299504657477 ], [ -110.914411528159505, 32.265301466799627 ], [ -110.914420321936532, 32.265301541990425 ], [ -110.91442033440363, 32.265301469944305 ], [ -110.91442075272154, 32.265299140273328 ], [ -110.914420979848913, 32.265296823514213 ], [ -110.914421410633878, 32.265294421797108 ], [ -110.914422043183308, 32.265292107353254 ], [ -110.914422675612997, 32.265289707236214 ], [ -110.914423509807136, 32.265287394392438 ], [ -110.914424343049717, 32.265285168115142 ], [ -110.914424715206678, 32.265284141197711 ], [ -110.914425177243771, 32.265282855271337 ], [ -110.914426170810955, 32.265280720447521 ], [ -110.914426213202262, 32.265280629700783 ], [ -110.914427433368914, 32.265278447075318 ], [ -110.914429234955222, 32.265275318552455 ], [ -110.914429924108646, 32.265274130922236 ], [ -110.914431361463315, 32.265272080783035 ], [ -110.914432799879222, 32.265270030652218 ], [ -110.914434439939797, 32.265267982121443 ], [ -110.914436078107215, 32.265266105821915 ], [ -110.914437717226065, 32.265264142955836 ], [ -110.914439556096497, 32.265262353921081 ], [ -110.914441396028167, 32.265260564894717 ], [ -110.914443437614366, 32.265258776566625 ], [ -110.914445275543017, 32.265257073196544 ], [ -110.914447517932118, 32.265255459609826 ], [ -110.914449556683493, 32.265253929177661 ], [ -110.914451797069589, 32.265252401247245 ], [ -110.914454036633771, 32.265251044654725 ], [ -110.914456477842592, 32.265249689662184 ], [ -110.914458716345351, 32.265248333061173 ], [ -110.914461155670907, 32.265247149398064 ], [ -110.914463668632422, 32.26524602583887 ], [ -110.914463797692491, 32.265245968245097 ], [ -110.914466235124905, 32.26524495681317 ], [ -110.914468874201972, 32.265243946981201 ], [ -110.914471310692747, 32.265243021213941 ], [ -110.914474150592568, 32.265242184319831 ], [ -110.91447678789622, 32.265241432392145 ], [ -110.914479423196994, 32.265240766120762 ], [ -110.914482260262176, 32.265240187122522 ], [ -110.914484895672729, 32.26523960742594 ], [ -110.914487730854773, 32.265239199757112 ], [ -110.914490565085345, 32.265238878654706 ], [ -110.914493399315916, 32.265238557552223 ], [ -110.914493936714067, 32.265238526645518 ], [ -110.914496028947539, 32.265238407072594 ], [ -110.91449886129503, 32.265238257299551 ], [ -110.91450169174955, 32.265238279757718 ], [ -110.915087910874874, 32.265232708580257 ], [ -110.915262825043598, 32.265231088851671 ], [ -110.915793354870871, 32.265226070262088 ], [ -110.91580132136211, 32.265225994510914 ], [ -110.915801369362669, 32.265229647234882 ], [ -110.915808240042693, 32.265756123410156 ], [ -110.91581494585445, 32.266268900597936 ], [ -110.915817583594873, 32.266433845076065 ], [ -110.91582185038402, 32.26681878622081 ], [ -110.915822341047345, 32.266958287955688 ], [ -110.915822782679655, 32.267102255978735 ], [ -110.915824196290814, 32.267470767792503 ], [ -110.915825024463047, 32.267597989496203 ], [ -110.915825419288211, 32.267635701029747 ], [ -110.91582656684767, 32.267770569929006 ], [ -110.915827907578347, 32.267943148759315 ], [ -110.91582945195789, 32.268115643526656 ], [ -110.91583321794441, 32.268577140000424 ], [ -110.915833676698213, 32.268633296811515 ], [ -110.915837820309775, 32.268633312512456 ], [ -110.915838346748146, 32.268633314880496 ], [ -110.916024545886742, 32.268634035427745 ], [ -110.916279547184303, 32.268631675401643 ], [ -110.916385308139581, 32.268630708544123 ], [ -110.916523020703806, 32.268629480590242 ], [ -110.916900364792497, 32.268626025624748 ], [ -110.917105618604637, 32.268624128649172 ], [ -110.917320580150715, 32.26862213590713 ], [ -110.917514508899245, 32.268620405672316 ], [ -110.917664152559851, 32.268619012941755 ], [ -110.918059089935326, 32.268615435752793 ], [ -110.918170303769699, 32.268615112925026 ], [ -110.918455626735522, 32.268613421087778 ], [ -110.918829317494854, 32.268611215662929 ], [ -110.919220601488306, 32.26860889556847 ], [ -110.919428477659594, 32.268607616133281 ], [ -110.919819760622019, 32.268605293271641 ], [ -110.920107915293798, 32.268603616442469 ], [ -110.920393426948479, 32.268604958119447 ], [ -110.92040132881796, 32.268604995200299 ], [ -110.920401379764073, 32.268608589328231 ], [ -110.920403712763118, 32.268772162395308 ], [ -110.920406901726366, 32.268998441679273 ], [ -110.920408906990289, 32.269148005188256 ], [ -110.920411348387574, 32.269313120295827 ], [ -110.920415300861492, 32.269599104714729 ], [ -110.920418287243535, 32.269806915042714 ], [ -110.920423953375305, 32.270213685572017 ], [ -110.920426899280869, 32.270425102813597 ], [ -110.920354119194926, 32.270563621626273 ], [ -110.920351099514903, 32.270718618561702 ], [ -110.920355258139111, 32.271285436314258 ], [ -110.920355972839886, 32.271382817908929 ], [ -110.920357137552514, 32.271556929294121 ], [ -110.920357508403029, 32.271612348622106 ], [ -110.920361659808961, 32.271612732177339 ], [ -110.920362186823908, 32.27161278052376 ], [ -110.920439925823857, 32.2716199562662 ], [ -110.920934437294264, 32.27168355525302 ], [ -110.921112980970094, 32.271721039857304 ], [ -110.92117444481184, 32.271735699956913 ], [ -110.921290256750581, 32.271763348837041 ], [ -110.921301431763453, 32.27176636329613 ], [ -110.921464988820432, 32.271810479358642 ], [ -110.922493539713017, 32.272112172798764 ], [ -110.922502906866654, 32.27211492041306 ], [ -110.92250287936254, 32.272117150380275 ], [ -110.922502877730054, 32.272117300068388 ], [ -110.92250152760019, 32.272226206815191 ], [ -110.922500959471506, 32.272272071260346 ], [ -110.922500830299199, 32.272282455522628 ], [ -110.922505048851917, 32.27228242830963 ], [ -110.922505575371304, 32.272282425239901 ], [ -110.922522455940594, 32.272282317338451 ], [ -110.922586861536956, 32.272281906268262 ], [ -110.922587123735255, 32.272281904724871 ], [ -110.922587966592772, 32.27228189963575 ], [ -110.922595323044163, 32.272281852930348 ], [ -110.922595338548106, 32.272285492769903 ], [ -110.92259560756618, 32.27234774614103 ], [ -110.922596489425203, 32.272517620390659 ], [ -110.922596781800721, 32.272573838108841 ], [ -110.922600936536924, 32.272573823917753 ], [ -110.922601463048153, 32.27257382174934 ], [ -110.923780965825742, 32.272569667923165 ], [ -110.923808874616867, 32.272587925404004 ], [ -110.923836167885227, 32.272606951795552 ], [ -110.92386284657394, 32.272626660531536 ], [ -110.923865282693598, 32.272628605053654 ], [ -110.92388850642692, 32.272647134106649 ], [ -110.923913552761803, 32.272668290035462 ], [ -110.923915190517818, 32.272669760239779 ], [ -110.923937782736942, 32.27269004014979 ], [ -110.923961197522431, 32.272712471935158 ], [ -110.923983795938071, 32.2727354988087 ], [ -110.924005579183444, 32.272759205550649 ], [ -110.924037598901322, 32.272789865465391 ], [ -110.924068395203847, 32.272821459954812 ], [ -110.924097968080787, 32.272853989921593 ], [ -110.924126114808146, 32.272887453773258 ], [ -110.92415283926438, 32.272921592720877 ], [ -110.924178341215892, 32.272956582385206 ], [ -110.924202218170549, 32.272992245553937 ], [ -110.92422467190832, 32.273028670387781 ], [ -110.924245500498145, 32.273065684857869 ], [ -110.924264907743478, 32.27310328876294 ], [ -110.924282893642911, 32.273141482103576 ], [ -110.92429905460186, 32.273180091266262 ], [ -110.924301695047731, 32.273180039869573 ], [ -110.92430221634406, 32.273180029536839 ], [ -110.924605402783072, 32.273174109484245 ], [ -110.924612749744909, 32.273173966093637 ], [ -110.924612839056223, 32.273177658818334 ], [ -110.924656646220342, 32.274993367046086 ], [ -110.924678026337801, 32.275815918895027 ], [ -110.924678444954893, 32.27588893565423 ], [ -110.92467837541993, 32.275932484550232 ], [ -110.924680733066552, 32.276830649040328 ], [ -110.924680924652264, 32.277184635459122 ], [ -110.924681111284173, 32.277557604072697 ], [ -110.924681123022353, 32.277872418811889 ], [ -110.924681476784599, 32.278248653260128 ], [ -110.924681675048745, 32.278657699812086 ], [ -110.924681893733322, 32.279466664199376 ], [ -110.924681900477125, 32.279491595755509 ], [ -110.924681964580543, 32.279522862993616 ], [ -110.924686131213051, 32.279522857849216 ], [ -110.924686657744985, 32.279522857476429 ], [ -110.925166300096322, 32.279522285853517 ], [ -110.925772774843921, 32.279521551609328 ], [ -110.925782487081506, 32.279521539443806 ], [ -110.925782422260738, 32.279525157908488 ], [ -110.92576702103328, 32.280385977487143 ], [ -110.925766414022732, 32.280423252742928 ], [ -110.925764403294835, 32.280532705253982 ], [ -110.925763440293181, 32.280585146197964 ], [ -110.92576765075394, 32.280586777249894 ], [ -110.925768174024512, 32.280586979754801 ], [ -110.925959180775706, 32.280660983291902 ], [ -110.926181397713805, 32.280747201113506 ], [ -110.926190563867578, 32.280750757615081 ], [ -110.926190548697676, 32.280752543986281 ], [ -110.926190546531643, 32.280752743269829 ], [ -110.926188933150556, 32.280938001638802 ], [ -110.92618745634185, 32.281092527311777 ], [ -110.926187455489156, 32.281092605762765 ], [ -110.926178148296671, 32.281092450692114 ], [ -110.926091440426859, 32.281091001275648 ], [ -110.926090605123591, 32.281090987508428 ], [ -110.926090576993403, 32.281094649547306 ], [ -110.926089640153023, 32.281218528655131 ], [ -110.926089215205721, 32.281274710929019 ], [ -110.92609341686007, 32.28127471413017 ], [ -110.926093943392488, 32.281274714653428 ], [ -110.926125008922895, 32.281274734701192 ], [ -110.926453224115591, 32.2812749894956 ], [ -110.926483759412363, 32.281275056700352 ], [ -110.926534305693323, 32.281275086019008 ], [ -110.926542809872771, 32.281275090477081 ], [ -110.926542822655151, 32.281278701433692 ], [ -110.926543164801032, 32.281372758627683 ], [ -110.926543796906202, 32.281491617930911 ], [ -110.926544094755727, 32.281547740042605 ], [ -110.926548249394585, 32.281547772619909 ], [ -110.926548775889458, 32.281547776748255 ], [ -110.926640953889247, 32.281548499498228 ], [ -110.926859434251853, 32.281550129325247 ], [ -110.926867836980151, 32.281550191584309 ], [ -110.926867856467283, 32.281553772833618 ], [ -110.92686992838513, 32.281934857959236 ], [ -110.926871091361647, 32.282153922672926 ], [ -110.926871388832055, 32.282209999686962 ], [ -110.926872311207561, 32.282210012328044 ], [ -110.926877548357311, 32.28315415688747 ], [ -110.926880166365777, 32.2836260803127 ], [ -110.926957443694718, 32.283660432758808 ], [ -110.927035100468586, 32.283694162274458 ], [ -110.927113130375972, 32.283727263398731 ], [ -110.927191525994985, 32.283759735170882 ], [ -110.927270280984715, 32.283791574835128 ], [ -110.927349387962352, 32.283822777823872 ], [ -110.927428838454119, 32.283853342266447 ], [ -110.927508628242094, 32.283883265423697 ], [ -110.927588747790921, 32.28391254541669 ], [ -110.927669189717648, 32.283941177677875 ], [ -110.927749948723118, 32.283969161263336 ], [ -110.928121822976834, 32.284087767598287 ], [ -110.928513141471043, 32.284204220888327 ], [ -110.928512854491785, 32.284204448604527 ], [ -110.928519197251902, 32.284206337939246 ], [ -110.928519583491578, 32.28420645278662 ], [ -110.928939258148731, 32.284331456714213 ], [ -110.929495232197965, 32.28449686289774 ], [ -110.929664765762027, 32.284547407339744 ], [ -110.929991133912921, 32.284644531145965 ], [ -110.930144946066733, 32.284690228402994 ], [ -110.930459322925884, 32.284783856584845 ], [ -110.930598113206671, 32.284825191132853 ], [ -110.930600128895065, 32.284825808383168 ], [ -110.930684822529074, 32.284850979224032 ], [ -110.930713219542227, 32.284859418281926 ], [ -110.930712404066739, 32.284861394999382 ], [ -110.930712348455714, 32.284861530738773 ], [ -110.930711504629286, 32.284863576674397 ], [ -110.930691828176847, 32.284911305650958 ], [ -110.930696871553863, 32.284912808674839 ], [ -110.930697342457748, 32.284912948525651 ], [ -110.93080677514655, 32.284945557624056 ], [ -110.930813787835078, 32.284947647768419 ], [ -110.930813904452364, 32.284947368215342 ], [ -110.930833051593126, 32.284901360253542 ], [ -110.930835381891356, 32.284895761960811 ], [ -110.930836101462745, 32.284895976799433 ], [ -110.931520687003541, 32.285100109145191 ], [ -110.931520688717086, 32.285100147034676 ], [ -110.931533679277365, 32.285104014357891 ], [ -110.932399659013115, 32.285361801803361 ], [ -110.932697788862527, 32.285450557877176 ], [ -110.932699484221956, 32.285451053558702 ], [ -110.932700051429137, 32.285451222108797 ], [ -110.932700405074016, 32.285451013840614 ], [ -110.932707121132083, 32.2854470576221 ], [ -110.93306003052561, 32.285239183598343 ], [ -110.933090444939467, 32.285221268843102 ], [ -110.933099725146491, 32.285215802201577 ], [ -110.933100830951815, 32.285215150688749 ], [ -110.933100607274426, 32.285215710775567 ], [ -110.933097654855331, 32.285223092559399 ], [ -110.933097490116239, 32.28522350340446 ], [ -110.933094077272401, 32.28523203592156 ], [ -110.933066142818461, 32.285301871109098 ], [ -110.933047021937767, 32.285349672426918 ], [ -110.933052036631409, 32.285351183250178 ], [ -110.933052507521921, 32.2853513248958 ], [ -110.934119837781594, 32.285672904893161 ], [ -110.934474815594868, 32.285778637501828 ], [ -110.934652332862584, 32.285831511771697 ], [ -110.934831071534433, 32.28588474970406 ], [ -110.934929068129463, 32.285914580727884 ], [ -110.935025810352698, 32.285947231812038 ], [ -110.935121186077382, 32.285982666015308 ], [ -110.935215084286298, 32.286020841896288 ], [ -110.935302492852514, 32.286057539698717 ], [ -110.935359159972535, 32.286083100117601 ], [ -110.935617440546409, 32.286251722502385 ], [ -110.935673191762277, 32.286287136085008 ], [ -110.935730359157446, 32.286320880568745 ], [ -110.935788874167187, 32.286352914837472 ], [ -110.935848666083913, 32.286383199562032 ], [ -110.935909662028038, 32.286411699905699 ], [ -110.935971789129425, 32.286438380130001 ], [ -110.936034971303798, 32.286463207177057 ], [ -110.936099131356542, 32.286486152489623 ], [ -110.93615563962959, 32.286504421969454 ], [ -110.936163382768839, 32.286506925110764 ], [ -110.936164193154255, 32.286507187518723 ], [ -110.936164226811513, 32.286506920843557 ], [ -110.936164218969381, 32.286506860361214 ], [ -110.936195142216434, 32.286260920959187 ], [ -110.936347741285729, 32.285042716941405 ], [ -110.936348463628619, 32.285036952750708 ], [ -110.936349266072156, 32.28503716279058 ], [ -110.936349314766503, 32.285037175794017 ], [ -110.937066805869378, 32.28522505305682 ], [ -110.937074273487994, 32.285227008407347 ], [ -110.937074343636226, 32.285226803338212 ], [ -110.937074362283283, 32.285226747570476 ], [ -110.937250111402093, 32.284714516717635 ], [ -110.937313912845553, 32.284528563547077 ], [ -110.937410112094454, 32.284248180240134 ], [ -110.937550217919494, 32.283839821921234 ], [ -110.93756226872226, 32.283804695953059 ], [ -110.937563436958911, 32.283801292550606 ], [ -110.937564254497048, 32.283801282657308 ], [ -110.937722581765726, 32.283799280867321 ], [ -110.937731921925391, 32.283799162998207 ], [ -110.937731921445149, 32.283799108885674 ], [ -110.937732811251152, 32.28221500127345 ], [ -110.9377328134116, 32.282211539228314 ], [ -110.937732799893141, 32.282211512970932 ], [ -110.937733636252645, 32.282211528473084 ], [ -110.937733677641177, 32.282211529695765 ], [ -110.938944099843681, 32.282207798223837 ], [ -110.939071615144272, 32.282207377788779 ], [ -110.939565554256546, 32.282205881131809 ], [ -110.939573973937229, 32.28220585520112 ], [ -110.939573993449471, 32.282209480643075 ], [ -110.939574241818192, 32.282256708743397 ], [ -110.939578689147851, 32.283092052524282 ], [ -110.939579321157069, 32.283215967497831 ], [ -110.939579540573945, 32.283270943748697 ], [ -110.939584197831323, 32.284062441954411 ], [ -110.939588949261804, 32.284920683094171 ], [ -110.93959174650702, 32.285432998703932 ], [ -110.939593880323372, 32.285856404790557 ], [ -110.939599196709224, 32.286133809387778 ], [ -110.939609830561594, 32.28668861945728 ], [ -110.939610098686217, 32.286701334390791 ], [ -110.939607430999516, 32.286891680167884 ], [ -110.939606654476478, 32.286947060809432 ], [ -110.939610874887435, 32.286947419023207 ], [ -110.939611400980397, 32.286947463675915 ], [ -110.940252027356024, 32.287001873997397 ], [ -110.940678762596804, 32.287039188848205 ], [ -110.941411279665971, 32.287112518401067 ], [ -110.941417863269493, 32.287113177075781 ], [ -110.941417913982875, 32.287113100813372 ], [ -110.941417956059055, 32.287113038011441 ], [ -110.941583661799498, 32.286862788589545 ], [ -110.941583576708467, 32.286851793025093 ], [ -110.941584257611353, 32.286755835431521 ], [ -110.941584767704342, 32.286683871965437 ], [ -110.941583441421656, 32.286429862398158 ], [ -110.941578981256626, 32.285618266253927 ], [ -110.941577864106435, 32.285401451753195 ], [ -110.941575309235958, 32.284903139482772 ], [ -110.941573808765824, 32.284570961104166 ], [ -110.941571009303374, 32.283906520179933 ], [ -110.941569931180155, 32.283661648695862 ], [ -110.941569889316128, 32.283652168506869 ], [ -110.941570728633565, 32.283652702549496 ], [ -110.941570769752659, 32.28365272901965 ], [ -110.941584942151763, 32.283661751089397 ], [ -110.941766694134714, 32.283777451282077 ], [ -110.941766737357625, 32.283777479572031 ], [ -110.941767029438012, 32.283777664895347 ], [ -110.941767600955728, 32.283777431229147 ], [ -110.941780047349496, 32.283772352718941 ], [ -110.941918725526122, 32.283715759576701 ], [ -110.941922598155614, 32.283714179734659 ], [ -110.94192429744011, 32.28371351649227 ], [ -110.941926022741455, 32.283712902148622 ], [ -110.941927771917349, 32.283712338490844 ], [ -110.94192954285441, 32.283711824600772 ], [ -110.94193133233918, 32.283711363159057 ], [ -110.941933140371646, 32.283710954165691 ], [ -110.941934963776959, 32.283710596694334 ], [ -110.941936799351225, 32.283710292523949 ], [ -110.941938647094517, 32.283710041654466 ], [ -110.941940502760758, 32.283709844053107 ], [ -110.94194133893248, 32.283709779264697 ], [ -110.941942366349949, 32.283709699719914 ], [ -110.941944233606421, 32.283709609523804 ], [ -110.941946104520511, 32.283709574366561 ], [ -110.941947974865471, 32.283709592411903 ], [ -110.941949843570143, 32.283709664553385 ], [ -110.941951708521188, 32.283709789872866 ], [ -110.941953567576249, 32.283709970157446 ], [ -110.941955417570085, 32.283710203579062 ], [ -110.94195725850274, 32.283710490137743 ], [ -110.941957719382529, 32.283710575760509 ], [ -110.941959086118501, 32.28371083070239 ], [ -110.941960898323273, 32.28371122255141 ], [ -110.941962695097786, 32.283711667488348 ], [ -110.94196447221529, 32.28371216367691 ], [ -110.941966228623912, 32.283712710207126 ], [ -110.941969669741624, 32.283713956022382 ], [ -110.941971352366281, 32.283714651684043 ], [ -110.941973004738117, 32.283715396711948 ], [ -110.942036478789376, 32.283745174874738 ], [ -110.94221953105442, 32.283871980375572 ], [ -110.942280350863342, 32.28389534587761 ], [ -110.94228256241351, 32.283898004356296 ], [ -110.942282804527835, 32.283898295706869 ], [ -110.942419535738964, 32.284062704408804 ], [ -110.942422135291665, 32.284064421679837 ], [ -110.942423293808375, 32.284065187240394 ], [ -110.942468736424431, 32.284095209332229 ], [ -110.942491223315514, 32.284110500831211 ], [ -110.942513299345961, 32.284126390666174 ], [ -110.942518001825192, 32.284130005342909 ], [ -110.942534760695068, 32.284142878166755 ], [ -110.942555409959297, 32.284159958203048 ], [ -110.942558273689528, 32.284162485534495 ], [ -110.942575444542214, 32.284177635905621 ], [ -110.942575590443553, 32.28417769204183 ], [ -110.942576516592339, 32.284178049090386 ], [ -110.942582487932285, 32.284180350592663 ], [ -110.942589337444417, 32.284183326211419 ], [ -110.942595979064578, 32.28418638409476 ], [ -110.942602615950861, 32.28418978553227 ], [ -110.942609050233557, 32.284193271078784 ], [ -110.942615481769408, 32.284197013620734 ], [ -110.942621710692038, 32.284200841173458 ], [ -110.942627734108399, 32.284204925059292 ], [ -110.942633552943875, 32.284209178711322 ], [ -110.942636689043297, 32.284211650425995 ], [ -110.942639168250366, 32.284213603039461 ], [ -110.942644580037538, 32.284218197142025 ], [ -110.942648711806072, 32.284221772240713 ], [ -110.94264875387158, 32.284221809539581 ], [ -110.942649989838344, 32.28422287780316 ], [ -110.942654993515674, 32.284227812348163 ], [ -110.94265999520664, 32.284232833451789 ], [ -110.942664592615216, 32.284237936207127 ], [ -110.942668984507861, 32.284243296197502 ], [ -110.942673376410667, 32.284248655286035 ], [ -110.942674725023124, 32.284248818997291 ], [ -110.942675306031418, 32.284248889311471 ], [ -110.942676405495561, 32.284249022242776 ], [ -110.942679434716624, 32.284249475774608 ], [ -110.942682665635829, 32.28424992996041 ], [ -110.942685691964002, 32.284250554814392 ], [ -110.942688515688062, 32.28425126377779 ], [ -110.942691541246433, 32.284252059970321 ], [ -110.942694565743352, 32.284252856154581 ], [ -110.942697386710805, 32.284253823015248 ], [ -110.942700206762623, 32.284254875541102 ], [ -110.942703228648796, 32.284256015296059 ], [ -110.942705844109724, 32.284257238490113 ], [ -110.942708662330361, 32.284258462346244 ], [ -110.942711277021587, 32.28425985687884 ], [ -110.942713890651362, 32.284261251403194 ], [ -110.942716503501728, 32.284262818167925 ], [ -110.942718920048392, 32.284264376203922 ], [ -110.942718955899053, 32.28426439902578 ], [ -110.942721327081287, 32.284266029758697 ], [ -110.942721377667908, 32.284266064417821 ], [ -110.942723731065925, 32.28426776986408 ], [ -110.942724598181059, 32.284268485378099 ], [ -110.942725935669571, 32.284269590496535 ], [ -110.942728140409528, 32.284271497704175 ], [ -110.942730108438056, 32.284273203785055 ], [ -110.942730344059129, 32.284273407608765 ], [ -110.942732345172118, 32.284275395310701 ], [ -110.942734338875113, 32.284277480351342 ], [ -110.942736143801369, 32.284279547703221 ], [ -110.942737940294677, 32.284281708778643 ], [ -110.942739730593729, 32.284283952773137 ], [ -110.942741341245622, 32.284286218829095 ], [ -110.942742923777629, 32.284288533366087 ], [ -110.942744313991682, 32.284290863554141 ], [ -110.94274570435168, 32.284293279415586 ], [ -110.942751691982494, 32.284300712355851 ], [ -110.942758086799913, 32.28430789141963 ], [ -110.942764887897994, 32.28431490137028 ], [ -110.942771892517001, 32.284321741545774 ], [ -110.94277910264374, 32.284328325387214 ], [ -110.942781537573325, 32.284330348899694 ], [ -110.942786719966833, 32.284334654450149 ], [ -110.942794541872416, 32.284340813745978 ], [ -110.942796206128989, 32.284342037717977 ], [ -110.942802568224195, 32.284346716699417 ], [ -110.942806614667646, 32.284349535415011 ], [ -110.942810798106549, 32.284352448975696 ], [ -110.94281943715275, 32.284357841717963 ], [ -110.942828076979254, 32.284363062219242 ], [ -110.94283712597921, 32.284367942284646 ], [ -110.942846175759399, 32.284372650109006 ], [ -110.942855431953021, 32.284377016835421 ], [ -110.942864893654132, 32.284381127227384 ], [ -110.942874559801126, 32.284384981276631 ], [ -110.942891668077039, 32.284392585647019 ], [ -110.942908368381424, 32.284400617034009 ], [ -110.942924657675874, 32.284409161086636 ], [ -110.942940739782046, 32.284418218475103 ], [ -110.942956412865229, 32.284427701970657 ], [ -110.942974336598638, 32.284434797682771 ], [ -110.942991807092611, 32.284442384091228 ], [ -110.942991850402947, 32.284442404265121 ], [ -110.9430089531687, 32.284450526218407 ], [ -110.943025951105412, 32.284459119911439 ], [ -110.943026043979629, 32.284459171129157 ], [ -110.943042537009845, 32.284468222655292 ], [ -110.943058612711525, 32.284477881489309 ], [ -110.94307428030605, 32.284487880765596 ], [ -110.943089700743315, 32.284498458000456 ], [ -110.943089729096044, 32.284498487077116 ], [ -110.943090857975392, 32.284499642888463 ], [ -110.943091915451788, 32.28450072510234 ], [ -110.943094540763767, 32.284503412008142 ], [ -110.943099748000364, 32.284508176760674 ], [ -110.943102906302485, 32.284510857855913 ], [ -110.943105158766855, 32.284512770835896 ], [ -110.943110571510758, 32.284517279253841 ], [ -110.943114535339902, 32.284520280390886 ], [ -110.943116188690226, 32.284521532230869 ], [ -110.94312214154057, 32.284525666952732 ], [ -110.943122205859808, 32.284525708030259 ], [ -110.943128236535614, 32.284529613389381 ], [ -110.94313426275221, 32.284533439354234 ], [ -110.943140666615392, 32.284536994079112 ], [ -110.943140696174211, 32.284537009637845 ], [ -110.94314713140804, 32.284540410394108 ], [ -110.943153739638078, 32.284543616790273 ], [ -110.943153774504495, 32.284543632389941 ], [ -110.94316046982452, 32.28454663654913 ], [ -110.943167257958095, 32.284549498936968 ], [ -110.943171402415871, 32.284550995435914 ], [ -110.943174308514003, 32.284552044105617 ], [ -110.943181350528221, 32.284554494517558 ], [ -110.943188415274449, 32.284556705221966 ], [ -110.943194454511058, 32.284558219935647 ], [ -110.943200339125681, 32.284559898488908 ], [ -110.943206164674535, 32.284561739814791 ], [ -110.94321191847726, 32.284563738404678 ], [ -110.94321199671198, 32.28456376876769 ], [ -110.94321784210986, 32.284566037705808 ], [ -110.943223676836823, 32.284568411171804 ], [ -110.943223734970047, 32.284568435067122 ], [ -110.943229473266186, 32.284570990857617 ], [ -110.943229525030276, 32.284571014703815 ], [ -110.943235151359943, 32.284573815826008 ], [ -110.943240783240213, 32.284576693644908 ], [ -110.943246123978412, 32.284579794672503 ], [ -110.943251424053386, 32.284583025247571 ], [ -110.943256595137271, 32.284586405430886 ], [ -110.943261674643438, 32.284589911161952 ], [ -110.943266520782529, 32.284593598161933 ], [ -110.943267866165868, 32.284594660950347 ], [ -110.94327130228659, 32.284597373041208 ], [ -110.943275160355455, 32.284600734985297 ], [ -110.943275855615596, 32.28460134005126 ], [ -110.943280287923642, 32.28460540622951 ], [ -110.94328085268809, 32.284605705476423 ], [ -110.9432820898854, 32.284606361614472 ], [ -110.943302515228666, 32.284617196547238 ], [ -110.943324250497497, 32.284629631472214 ], [ -110.943345458892807, 32.284642692699933 ], [ -110.943352782143577, 32.284647537782305 ], [ -110.94336613938215, 32.284656377517216 ], [ -110.943373513644232, 32.284661615280633 ], [ -110.943386198705781, 32.284670670776492 ], [ -110.94340565771661, 32.284685508609954 ], [ -110.943410704427137, 32.284686321266371 ], [ -110.943415751293898, 32.284687218694259 ], [ -110.943420593570039, 32.284688286791429 ], [ -110.943425636620745, 32.284689442108288 ], [ -110.943430273537899, 32.284690852213252 ], [ -110.943435112144698, 32.284692263872635 ], [ -110.94343994799695, 32.284693933429331 ], [ -110.943444580183353, 32.284695687088359 ], [ -110.943449008840773, 32.284697611424924 ], [ -110.943453639344057, 32.284699622087579 ], [ -110.943457862496203, 32.28470180275859 ], [ -110.94346226414072, 32.284704069575703 ], [ -110.94346648054298, 32.284706484665996 ], [ -110.943470526766646, 32.284709029207505 ], [ -110.943474605861297, 32.284711676808989 ], [ -110.943478558694707, 32.284714417225821 ], [ -110.943482369163092, 32.284717366667891 ], [ -110.943482759607832, 32.284717686213838 ], [ -110.943485977932554, 32.284720315457065 ], [ -110.943489584872282, 32.284723435576645 ], [ -110.943489804544484, 32.284723641981479 ], [ -110.943492989207755, 32.284726639806891 ], [ -110.943496190938902, 32.28472992814784 ], [ -110.943499389622659, 32.284733303039324 ], [ -110.943502340646148, 32.284736805883128 ], [ -110.943505178252607, 32.284740391721414 ], [ -110.94350820833175, 32.284742555980934 ], [ -110.943509411510234, 32.284743415664494 ], [ -110.943517810589597, 32.284749416136194 ], [ -110.943530776925186, 32.284758081496562 ], [ -110.943544087082699, 32.284766362627309 ], [ -110.943557803150554, 32.284774211308907 ], [ -110.943571677997809, 32.284781705898105 ], [ -110.943585960820485, 32.284788773464697 ], [ -110.943600450980654, 32.284795413364222 ], [ -110.943615148478145, 32.284801625596536 ], [ -110.943620574479326, 32.284803703706892 ], [ -110.943630253950658, 32.284807410805968 ], [ -110.94363022091018, 32.284809212375279 ], [ -110.94363021774933, 32.284809408946337 ], [ -110.943628799360653, 32.284886854801364 ], [ -110.943629996520485, 32.285191372262581 ], [ -110.94363119458545, 32.28549580314246 ], [ -110.943632392631088, 32.285800234008008 ], [ -110.943633590657413, 32.286104664859195 ], [ -110.943634787749488, 32.2864091813613 ], [ -110.943635818759333, 32.28671026065976 ], [ -110.943636200973387, 32.286901013395003 ], [ -110.94363624010866, 32.286935917486012 ], [ -110.943636775360616, 32.287220390553983 ], [ -110.943636880897785, 32.287276512119938 ], [ -110.943637758802737, 32.287276518885541 ], [ -110.943641049619359, 32.287276544246311 ], [ -110.943641576150029, 32.287276548304021 ], [ -110.943641927524311, 32.287276551011892 ], [ -110.943725914541176, 32.287277191917774 ], [ -110.943735174484502, 32.287277262371241 ], [ -110.943735140509872, 32.287280841407032 ], [ -110.943733702831295, 32.28742997945043 ], [ -110.943736260716278, 32.287603615379005 ], [ -110.943737088286284, 32.28765983088384 ], [ -110.943737966243077, 32.287659833140133 ], [ -110.943741209650213, 32.287659825667845 ], [ -110.943741736250516, 32.287659823413009 ], [ -110.943742087664802, 32.287659822513675 ], [ -110.944015845656295, 32.287658834903333 ], [ -110.944024668274579, 32.287658802767588 ], [ -110.944024661506973, 32.287662419889138 ], [ -110.944024294488841, 32.287860078331022 ], [ -110.944024190568953, 32.287916250585525 ], [ -110.944025068509035, 32.287916254643349 ], [ -110.944028372270807, 32.287916262959548 ], [ -110.94402889884374, 32.287916263408754 ], [ -110.944029250239794, 32.287916264312109 ], [ -110.944499019366305, 32.287917040699476 ], [ -110.944506939124977, 32.287917053883646 ], [ -110.94450699094493, 32.287920654321951 ], [ -110.944517630621277, 32.288668034742933 ], [ -110.944518467199842, 32.288726833101954 ], [ -110.944518498826113, 32.288729042788162 ], [ -110.944519328109308, 32.288728533336204 ], [ -110.944519368718431, 32.288728508398115 ], [ -110.944522586451427, 32.288726532951777 ], [ -110.944523107962169, 32.288726212314451 ], [ -110.944531253286044, 32.288721211348886 ], [ -110.94453993400667, 32.288715881735982 ], [ -110.944561690840388, 32.288702523855868 ], [ -110.944590317012285, 32.288684947872191 ], [ -110.944690889497892, 32.288623198534033 ], [ -110.944698258956734, 32.288618674054661 ], [ -110.944698655951896, 32.288618879117024 ], [ -110.944698742538804, 32.288618923070658 ], [ -110.944777709296787, 32.28865965714273 ], [ -110.944813482473549, 32.288676715255406 ], [ -110.944859003058639, 32.288698421480341 ], [ -110.944858031483193, 32.288699332048118 ], [ -110.944857856686838, 32.288699495734548 ], [ -110.944830354525052, 32.288725263485809 ], [ -110.94481664203964, 32.28873811158364 ], [ -110.944816368578159, 32.288738368299136 ], [ -110.944777083018593, 32.288775184535126 ], [ -110.944768499580206, 32.28878353688981 ], [ -110.944760317857316, 32.288792149353064 ], [ -110.944752337055604, 32.288800935608769 ], [ -110.944744755984317, 32.288810068531937 ], [ -110.94473757951809, 32.288819290241555 ], [ -110.944730803705937, 32.288828772051808 ], [ -110.944724431565817, 32.288838430117359 ], [ -110.944718255058504, 32.288848260131282 ], [ -110.944706330353398, 32.288875737668008 ], [ -110.944686916213968, 32.288920474166417 ], [ -110.9446869563902, 32.288920489806543 ], [ -110.944691796716285, 32.288922459655389 ], [ -110.944692245970344, 32.288922642574761 ], [ -110.944736285625737, 32.288940567863698 ], [ -110.944796718150357, 32.288963194222859 ], [ -110.944857977026459, 32.288984195533516 ], [ -110.944915754103064, 32.289002171487205 ], [ -110.944923086021731, 32.28900445269165 ], [ -110.944923172444689, 32.289004213474449 ], [ -110.944923191058948, 32.289004160410727 ], [ -110.944924545215173, 32.289000427405881 ], [ -110.944947719424022, 32.288926152054493 ], [ -110.944949463900301, 32.288920562514171 ], [ -110.944950215482066, 32.288920768501164 ], [ -110.944950274766654, 32.288920784288287 ], [ -110.944969370231419, 32.288926018381432 ], [ -110.944978884606826, 32.288928627504809 ], [ -110.945006160649285, 32.288936106037475 ], [ -110.94502899782259, 32.288941699882976 ], [ -110.945062779745555, 32.288949973368652 ], [ -110.945063414022115, 32.288950128852527 ], [ -110.945121298216904, 32.288962542250033 ], [ -110.945179556929929, 32.288973387544004 ], [ -110.945460070426165, 32.289021555273528 ], [ -110.94589249013039, 32.289095918495384 ], [ -110.945952639407238, 32.289107203626656 ], [ -110.945963267641332, 32.289109501998162 ], [ -110.945993744644781, 32.289116092293611 ], [ -110.945997659534044, 32.289116938532814 ], [ -110.946012366839227, 32.289120118670461 ], [ -110.946018912832187, 32.289121733642006 ], [ -110.946022901633469, 32.289122717524322 ], [ -110.946071671535861, 32.28913474748925 ], [ -110.946109654030039, 32.289145269645751 ], [ -110.946130352703747, 32.289151003769646 ], [ -110.946137648832391, 32.289153260279882 ], [ -110.946151032689954, 32.289157396070379 ], [ -110.946160834601699, 32.289160425756947 ], [ -110.946163343549316, 32.289161200762372 ], [ -110.946163375290951, 32.289161210926316 ], [ -110.94618820652299, 32.289168885945898 ], [ -110.946195113987926, 32.289171251290213 ], [ -110.946200071922291, 32.289172948736159 ], [ -110.946221608842819, 32.289180322472632 ], [ -110.946245435915912, 32.289188480349289 ], [ -110.946250438678888, 32.289190354893293 ], [ -110.946266215728954, 32.289196266700408 ], [ -110.946277513451506, 32.289200500072134 ], [ -110.946301839929873, 32.289209615895288 ], [ -110.94630666431685, 32.289211591872871 ], [ -110.94631973160368, 32.289216943562607 ], [ -110.946325063377799, 32.289219127248892 ], [ -110.946331363417244, 32.28922170705814 ], [ -110.946357417673852, 32.28923237644684 ], [ -110.946361053609593, 32.28923399609063 ], [ -110.946365339390169, 32.28923590479976 ], [ -110.946374350512741, 32.289239918583725 ], [ -110.946391764124868, 32.289247675437458 ], [ -110.946411968362767, 32.289256674789748 ], [ -110.946413834758573, 32.289257572909847 ], [ -110.946445799130075, 32.289272945565088 ], [ -110.946465692627129, 32.289282513368924 ], [ -110.946467311200564, 32.28928335457325 ], [ -110.94646746112835, 32.289283432379513 ], [ -110.946507118778683, 32.289304047761149 ], [ -110.946518189052611, 32.289309802526816 ], [ -110.946518805403613, 32.289310146344725 ], [ -110.946535332875612, 32.289319368129398 ], [ -110.946569859056993, 32.289338631923407 ], [ -110.946610550701266, 32.289363146542961 ], [ -110.946621706247342, 32.289369867797078 ], [ -110.94662176845803, 32.289369907954828 ], [ -110.946639565752605, 32.289381418365004 ], [ -110.946662246320884, 32.289396056805096 ], [ -110.946672461473284, 32.289402656299558 ], [ -110.946721712112094, 32.289436863499297 ], [ -110.946751615531497, 32.289458652880647 ], [ -110.946880604841695, 32.289555393779011 ], [ -110.946885846910106, 32.289559325369204 ], [ -110.946886101306262, 32.289558864692914 ], [ -110.946886117537176, 32.289558835959575 ], [ -110.947204909724306, 32.288980334119735 ], [ -110.947209758530278, 32.288971536283164 ], [ -110.947210127685906, 32.28897086636475 ], [ -110.947210576355374, 32.288971503784829 ], [ -110.947210618060268, 32.288971575348313 ], [ -110.947213559273862, 32.288975826536294 ], [ -110.947213854137374, 32.288976251751002 ], [ -110.947222214593609, 32.288988335317789 ], [ -110.947256572169366, 32.289038012196642 ], [ -110.947256815783732, 32.289038364872646 ], [ -110.947256865981302, 32.289038436501343 ], [ -110.947304595453474, 32.289107449016178 ], [ -110.947318766138508, 32.289127939703441 ], [ -110.947334338949986, 32.289150457609196 ], [ -110.947354488269411, 32.28917959208421 ], [ -110.947378849189292, 32.289214816371164 ], [ -110.947390850330024, 32.289232170119362 ], [ -110.947416678221501, 32.289269515904927 ], [ -110.947425950419827, 32.289282923105489 ], [ -110.947448886269243, 32.289316086616729 ], [ -110.947458026723112, 32.289329304324532 ], [ -110.947476414653408, 32.289355859599148 ], [ -110.947538916483907, 32.289446228544598 ], [ -110.947542588443099, 32.289451550375937 ], [ -110.947566169676819, 32.289484332843671 ], [ -110.947587926369792, 32.289514578028324 ], [ -110.947587944148069, 32.289514603415562 ], [ -110.947608084481857, 32.28954260149623 ], [ -110.94762261317203, 32.289562085768019 ], [ -110.947635344618462, 32.289579160125314 ], [ -110.947649860763434, 32.289598627163222 ], [ -110.947652968033168, 32.289602641536746 ], [ -110.947664746763849, 32.289617858057539 ], [ -110.947699157152812, 32.2896623146232 ], [ -110.947733453358822, 32.289704733106426 ], [ -110.947738066139692, 32.289710439110465 ], [ -110.947759169669268, 32.289735825692503 ], [ -110.94775920214677, 32.289735866523351 ], [ -110.947796940454424, 32.289781269353355 ], [ -110.94782509443128, 32.2898141563035 ], [ -110.947836072680218, 32.289826980467083 ], [ -110.947876564598019, 32.28987232504403 ], [ -110.947921936263697, 32.289923135967946 ], [ -110.94795312246481, 32.289955823407915 ], [ -110.947980202254399, 32.28998420654132 ], [ -110.94802555380889, 32.290031727458214 ], [ -110.948025846750838, 32.290032034518696 ], [ -110.948056987952157, 32.29006257076275 ], [ -110.948057264282852, 32.290062842524968 ], [ -110.94806342148334, 32.29006888141145 ], [ -110.948119409978617, 32.290123797607507 ], [ -110.948127413847359, 32.290131196163273 ], [ -110.948142426569063, 32.290145815197548 ], [ -110.948221998144476, 32.290218808747618 ], [ -110.948227731687581, 32.290224055289634 ], [ -110.948228235165658, 32.290224531701881 ], [ -110.948229569479466, 32.290225650265683 ], [ -110.948244995812431, 32.290239914440569 ], [ -110.948247685672726, 32.290242151730645 ], [ -110.948255004897788, 32.290248241004505 ], [ -110.948257937452581, 32.290250818335991 ], [ -110.948265156290304, 32.290257162954354 ], [ -110.948268057295166, 32.290259712087376 ], [ -110.948281569155682, 32.290271505935046 ], [ -110.948290953807643, 32.290279649147621 ], [ -110.948296176980705, 32.29028416941933 ], [ -110.948305599126442, 32.290292281354901 ], [ -110.948334008059234, 32.290316496505568 ], [ -110.948337339455463, 32.290319306856695 ], [ -110.948347334707009, 32.290327737917686 ], [ -110.94835463147966, 32.290333843246295 ], [ -110.948361927191712, 32.290339948566384 ], [ -110.948391270783645, 32.290364230392399 ], [ -110.948406021890833, 32.290376301569651 ], [ -110.948413376258358, 32.290382282886362 ], [ -110.948420745623309, 32.290388251692285 ], [ -110.948465227676721, 32.290423824871624 ], [ -110.948480157243836, 32.290435588988672 ], [ -110.948481920491119, 32.290437306036083 ], [ -110.948503066839635, 32.290457899684554 ], [ -110.948666322998463, 32.290616886802312 ], [ -110.948667930258523, 32.29061799753427 ], [ -110.948669730391359, 32.290619241409786 ], [ -110.948820920503877, 32.290723725798713 ], [ -110.948979609584057, 32.290826215860363 ], [ -110.949142190214445, 32.290924096618546 ], [ -110.949308460822195, 32.291017453087974 ], [ -110.949311603009676, 32.291019090508136 ], [ -110.949478422009705, 32.291106027339964 ], [ -110.949651469558461, 32.291189729059411 ], [ -110.949828007929881, 32.291268560429167 ], [ -110.949848867077677, 32.291277148516869 ], [ -110.950007429706389, 32.291342432013266 ], [ -110.950189536050559, 32.291411170030813 ], [ -110.950374327847044, 32.29147468880452 ], [ -110.950561398628409, 32.291533070884363 ], [ -110.950750549397483, 32.291586056818851 ], [ -110.950941980004089, 32.291633820373519 ], [ -110.951134885279373, 32.291676096559549 ], [ -110.951368186861771, 32.291723708033224 ], [ -110.951667075354152, 32.291784703719841 ], [ -110.951822045442995, 32.291818700632419 ], [ -110.9519755539784, 32.291856981527012 ], [ -110.952127399428505, 32.291899630541749 ], [ -110.952277378899652, 32.291946559558873 ], [ -110.952298988463198, 32.291954000459377 ], [ -110.952330782685365, 32.29196487028981 ], [ -110.952338211027765, 32.291967410624437 ], [ -110.952338211707513, 32.291967446702152 ], [ -110.952338259671933, 32.29196943466615 ], [ -110.952338264160943, 32.291969612357732 ], [ -110.952338849706791, 32.291993829628744 ], [ -110.95234014686018, 32.292047505573265 ], [ -110.952344268485788, 32.292048898793809 ], [ -110.952344799563065, 32.292049077802154 ], [ -110.952470932486605, 32.292091703156977 ], [ -110.952599820519154, 32.29213975670087 ], [ -110.952726652339493, 32.292191607283662 ], [ -110.952851272551129, 32.292247192401888 ], [ -110.953183630192228, 32.292406304866226 ], [ -110.953261891784706, 32.292443313735859 ], [ -110.953341565859915, 32.292478080604212 ], [ -110.953422563638327, 32.29251056691507 ], [ -110.953504794197642, 32.292540735899685 ], [ -110.953588166586513, 32.292568553494668 ], [ -110.953672585559033, 32.292593990113183 ], [ -110.953757958001631, 32.292617015283049 ], [ -110.953844189672068, 32.292637604836372 ], [ -110.953931183133349, 32.292655735483045 ], [ -110.954018839857966, 32.292671386630211 ], [ -110.954107064464935, 32.292684541316547 ], [ -110.954195757307431, 32.292695184352162 ], [ -110.954284819761952, 32.292703304162387 ], [ -110.954305668371518, 32.292706329051683 ], [ -110.954326372112448, 32.292710002139344 ], [ -110.954346902359546, 32.292714319599938 ], [ -110.954367232639356, 32.292719274919108 ], [ -110.954387334355204, 32.292724861566256 ], [ -110.954407181043152, 32.292731072125264 ], [ -110.954426745196685, 32.292737897368504 ], [ -110.954446001422937, 32.292745328986271 ], [ -110.954464922224872, 32.292753356849133 ], [ -110.954465800185403, 32.292753363540463 ], [ -110.954564621821191, 32.292754457551716 ], [ -110.954564717367077, 32.292754458279852 ], [ -110.954664557705485, 32.292752386492793 ], [ -110.954850297278597, 32.292745813400565 ], [ -110.955908938031442, 32.292708121478512 ], [ -110.955917594188904, 32.292707813098822 ], [ -110.955917593789422, 32.292707850972 ], [ -110.955917599114997, 32.292711573701126 ], [ -110.955918224892073, 32.293204049204199 ], [ -110.95591826411237, 32.293229018027702 ], [ -110.955919276530039, 32.293871245345542 ], [ -110.955919276840262, 32.293871316591201 ], [ -110.955909929563788, 32.29387130678073 ], [ -110.955006681441589, 32.293870375353748 ], [ -110.95500662199008, 32.293870374900891 ], [ -110.955005818333035, 32.293870368779196 ], [ -110.955006415035925, 32.293873886791161 ], [ -110.955010462028014, 32.293897746245193 ], [ -110.955017692376018, 32.293940380460455 ], [ -110.955046661439098, 32.294202847675429 ], [ -110.95508673293682, 32.294565898466466 ], [ -110.955094424771886, 32.294634923259068 ], [ -110.95509449263227, 32.294635535205664 ], [ -110.95488445225385, 32.294893603450575 ], [ -110.954655196803643, 32.295189836647424 ], [ -110.954467834869078, 32.295483466831222 ], [ -110.954265666024583, 32.295800177572218 ], [ -110.954260178920336, 32.295821781970538 ], [ -110.954210624758531, 32.296013127924034 ], [ -110.954168440168473, 32.296176826329479 ], [ -110.954154311804885, 32.296231651672876 ], [ -110.954150408954575, 32.296246105941236 ], [ -110.954149890717218, 32.29624802465618 ], [ -110.954150852954228, 32.296247494511839 ], [ -110.954150924504859, 32.29624745537761 ], [ -110.954155940710507, 32.296244694394169 ], [ -110.954156560124204, 32.296244353722265 ], [ -110.95433246134543, 32.296147540454399 ], [ -110.954340927036498, 32.296142881288738 ], [ -110.954341148169334, 32.296143155322049 ], [ -110.954341189883039, 32.296143226883288 ], [ -110.954344099071946, 32.296147044792392 ], [ -110.95434425721028, 32.296147251611323 ], [ -110.954477036512287, 32.29632156428481 ], [ -110.954481570986729, 32.296327517447189 ], [ -110.954509898024881, 32.296364841165463 ], [ -110.954169233198584, 32.296547048416677 ], [ -110.954159236585639, 32.296552394803101 ], [ -110.954159011278193, 32.296552515731896 ], [ -110.954504811607734, 32.297478122546217 ], [ -110.954892325848505, 32.298514854669406 ], [ -110.954902820106881, 32.298543034219286 ], [ -110.954920845399357, 32.298591434784875 ], [ -110.954400865581164, 32.299026839145732 ], [ -110.953831698655847, 32.299503439696963 ], [ -110.953716597571784, 32.299599970149593 ], [ -110.953758110348758, 32.299939754427982 ], [ -110.953809177702396, 32.300355628063784 ], [ -110.953813422514642, 32.300390194460597 ], [ -110.95397291097774, 32.301159565056373 ], [ -110.95398393921397, 32.301212762322564 ], [ -110.953906619611374, 32.301313188279607 ], [ -110.95357776455171, 32.301740432172906 ], [ -110.953538728976099, 32.301791146270197 ], [ -110.953532941139969, 32.301798665611237 ], [ -110.953533851478014, 32.30179863107373 ], [ -110.953540108077959, 32.301798392034854 ], [ -110.953540646535259, 32.301798380812407 ], [ -110.953555356557843, 32.301797808572069 ], [ -110.953875733812765, 32.301785561151 ], [ -110.954294511114867, 32.30176960458823 ], [ -110.954294612026501, 32.301769600848523 ], [ -110.954294712947672, 32.301769596207073 ], [ -110.95461921303837, 32.301755239228534 ], [ -110.955211795224685, 32.301736830944549 ], [ -110.955220976534989, 32.301736545560999 ], [ -110.955220978006139, 32.301736506794242 ], [ -110.955227607565632, 32.301604507549548 ], [ -110.955229941591469, 32.301558032368412 ], [ -110.955234974806416, 32.301521908010791 ], [ -110.955241423450957, 32.301485880105389 ], [ -110.955249083829941, 32.301450032772841 ], [ -110.955255448625635, 32.301425565467852 ], [ -110.95525836044861, 32.301414369995513 ], [ -110.955262599090659, 32.30140009862496 ], [ -110.955271000475733, 32.301372609524421 ], [ -110.955277467587862, 32.301353233730559 ], [ -110.955285311236139, 32.301331402863752 ], [ -110.955293654374586, 32.301309328703738 ], [ -110.955305897891179, 32.301280380870573 ], [ -110.955307807885077, 32.30127607483152 ], [ -110.955309736923098, 32.301271775250143 ], [ -110.955317662584491, 32.301254545152794 ], [ -110.955319290461375, 32.30125111352708 ], [ -110.955321731750388, 32.301245965633512 ], [ -110.955324412977504, 32.301240418260498 ], [ -110.955324834140555, 32.301239548513124 ], [ -110.955327183583734, 32.301234752528806 ], [ -110.955327396288666, 32.301234317671266 ], [ -110.955327448384139, 32.301234210752312 ], [ -110.95532998381303, 32.301229096942578 ], [ -110.955340846431199, 32.301207641671887 ], [ -110.955346049098097, 32.301198305144872 ], [ -110.955348907478069, 32.301193175757902 ], [ -110.955359195933113, 32.301174711033383 ], [ -110.95537438424013, 32.301153867665242 ], [ -110.955390177130269, 32.301133285915782 ], [ -110.955411691083867, 32.301107165508576 ], [ -110.955434210502858, 32.301081653361273 ], [ -110.955458144422934, 32.301056324226884 ], [ -110.955483080927479, 32.301031775575467 ], [ -110.955487576827949, 32.301027428802065 ], [ -110.955514504154323, 32.301005901947249 ], [ -110.95554223233961, 32.300985154037818 ], [ -110.955570760479759, 32.300965270738651 ], [ -110.955600088565603, 32.300946252950887 ], [ -110.955630014713776, 32.300928013464805 ], [ -110.955660942701684, 32.300910725796605 ], [ -110.955692266132132, 32.300894299656932 ], [ -110.955724388606086, 32.300878824692028 ], [ -110.955757108398188, 32.300864299365671 ], [ -110.955789515888114, 32.300851093711252 ], [ -110.955790424447443, 32.300850723669342 ], [ -110.955824134124725, 32.30083818173248 ], [ -110.955858643762028, 32.300826504401265 ], [ -110.955893748755116, 32.300815862364068 ], [ -110.955929046557031, 32.300806166884421 ], [ -110.955964939865225, 32.300797593273217 ], [ -110.956001023124685, 32.300790136639961 ], [ -110.956036892707985, 32.300783710044328 ], [ -110.956072953306858, 32.30077840043468 ], [ -110.956109408436774, 32.300774039818656 ], [ -110.956110244757923, 32.300773974939354 ], [ -110.956145852754233, 32.300770804572416 ], [ -110.956146160955953, 32.300770778059565 ], [ -110.956182486148393, 32.300768669162537 ], [ -110.956219311371711, 32.300767574090109 ], [ -110.956645910597885, 32.300757423645393 ], [ -110.956646520998419, 32.300757436403927 ], [ -110.956646788636149, 32.300757430323017 ], [ -110.956651876694352, 32.300757539359928 ], [ -110.956652754609024, 32.300757557760136 ], [ -110.956657742254208, 32.300757522644865 ], [ -110.956663812807207, 32.300757298267889 ], [ -110.956664649127916, 32.300757233384921 ], [ -110.956669682350395, 32.300756903722913 ], [ -110.956669912923175, 32.300756888341972 ], [ -110.956675555465026, 32.300756271126168 ], [ -110.956681429596813, 32.300755542042872 ], [ -110.956687304463514, 32.300754642522243 ], [ -110.956692979429533, 32.300753568333015 ], [ -110.956698858979706, 32.300752325256667 ], [ -110.956704537567418, 32.300750907503669 ], [ -110.956710015164106, 32.300749317779292 ], [ -110.956715697373369, 32.300747556462532 ], [ -110.956717632472703, 32.300746904738361 ], [ -110.956721178750186, 32.300745708847842 ], [ -110.956726460058036, 32.300743601792966 ], [ -110.956731944004034, 32.300741409704749 ], [ -110.956729102686126, 32.300550437292721 ], [ -110.956726954266799, 32.30040886154729 ], [ -110.95672647391568, 32.300377677705711 ], [ -110.956723908542259, 32.300198904404397 ], [ -110.956721249186273, 32.300009909232976 ], [ -110.95671867112388, 32.299832339745777 ], [ -110.956716411379361, 32.299682086793304 ], [ -110.956716188861463, 32.299664819887028 ], [ -110.956716040561247, 32.299659750568971 ], [ -110.956710906181172, 32.299302549289251 ], [ -110.956708339900104, 32.299123862525839 ], [ -110.956707042645277, 32.299035807726206 ], [ -110.956702002413223, 32.29868891395337 ], [ -110.956700543123887, 32.29859386976392 ], [ -110.956700541713445, 32.298593802117189 ], [ -110.956700442803594, 32.298587371435708 ], [ -110.956700359161587, 32.298581708313485 ], [ -110.956693831200511, 32.298140051470185 ], [ -110.95669388190322, 32.298135241582905 ], [ -110.95669372998286, 32.298130515827026 ], [ -110.956693626791008, 32.298121066742958 ], [ -110.956693475773704, 32.298116255321688 ], [ -110.956693525497315, 32.298111538313698 ], [ -110.956693524749312, 32.298111508548189 ], [ -110.956684730148481, 32.297515117507587 ], [ -110.956684678682223, 32.297511639723261 ], [ -110.956685516345473, 32.297511646093263 ], [ -110.956685556689209, 32.297511646400032 ], [ -110.956867128447541, 32.297511061071404 ], [ -110.956868006559091, 32.297511057827784 ], [ -110.956941363592975, 32.297510766934614 ], [ -110.956942241704539, 32.297510763690461 ], [ -110.957074054654342, 32.297510315603844 ], [ -110.95707493276592, 32.297510312358781 ], [ -110.957272484432181, 32.297509589996494 ], [ -110.957273362543788, 32.297509586749989 ], [ -110.95743430305042, 32.297509016056509 ], [ -110.95743518116204, 32.297509012808888 ], [ -110.957632935617937, 32.297508291423185 ], [ -110.957633813729586, 32.297508288174214 ], [ -110.957765627593517, 32.29750775369989 ], [ -110.95776650570518, 32.297507750449952 ], [ -110.957898116950645, 32.297507299970441 ], [ -110.957898995062322, 32.297507296719608 ], [ -110.957990555317352, 32.297506971219455 ], [ -110.957991433429029, 32.29750696796799 ], [ -110.958030808047823, 32.297506845830263 ], [ -110.958031686150022, 32.297506843480235 ], [ -110.958163499118911, 32.29750639425577 ], [ -110.958164377230631, 32.297506391003104 ], [ -110.95837831347437, 32.297505619967794 ], [ -110.958379191586104, 32.297505616713636 ], [ -110.958770521882983, 32.297504129948294 ], [ -110.958771399994745, 32.2975041266914 ], [ -110.959236357458579, 32.297502509955983 ], [ -110.959237235570413, 32.297502506695842 ], [ -110.959398177018883, 32.297501847832372 ], [ -110.959399055130731, 32.29750184457113 ], [ -110.959807578195878, 32.297500392975557 ], [ -110.959808456307783, 32.297500389711459 ], [ -110.959952252001571, 32.297499871626115 ], [ -110.959960698644736, 32.297499840948923 ], [ -110.959960716917493, 32.297503458262945 ], [ -110.959961551881975, 32.297668970885262 ], [ -110.959961986053344, 32.297781672050441 ], [ -110.959963667126914, 32.298102942441211 ], [ -110.959883893454432, 32.298187606144189 ], [ -110.959850756668047, 32.298222772823827 ], [ -110.959766258063041, 32.298312675344519 ], [ -110.959749911955285, 32.298330067366038 ], [ -110.959734906794324, 32.298346050997218 ], [ -110.959598743327248, 32.29849109634025 ], [ -110.959523824926606, 32.298571069305574 ], [ -110.959471300996569, 32.298627137214702 ], [ -110.959447010992406, 32.29865307496766 ], [ -110.959229576868225, 32.298885092262545 ], [ -110.959228374099794, 32.298886383555391 ], [ -110.959201888396848, 32.298914826977956 ], [ -110.95916794651778, 32.298935224673237 ], [ -110.959161098304108, 32.298939340010193 ], [ -110.959145707189791, 32.29894858860149 ], [ -110.959194553463007, 32.299016130684379 ], [ -110.959180915285728, 32.299024273424699 ], [ -110.959478855822809, 32.299436743573239 ], [ -110.959479335143357, 32.299437407335247 ], [ -110.959479568518745, 32.299437731052272 ], [ -110.959480213302328, 32.299437401368543 ], [ -110.959480707684719, 32.299437137278602 ], [ -110.959481087763777, 32.299436939056157 ], [ -110.960030127501938, 32.299150882922852 ], [ -110.960049057431135, 32.299139516527703 ], [ -110.960068389324363, 32.299128495864821 ], [ -110.960088320214496, 32.299118167821796 ], [ -110.960108447413972, 32.299108356198708 ], [ -110.960129175591376, 32.299099149734083 ], [ -110.960148944474909, 32.299091102944118 ], [ -110.960150099321808, 32.299090632831565 ], [ -110.960171420175598, 32.299082720444311 ], [ -110.960193140285924, 32.299075411686424 ], [ -110.960215054898214, 32.299068791580488 ], [ -110.960237367696649, 32.299062775997314 ], [ -110.96025967237594, 32.299057533203005 ], [ -110.960282375242258, 32.299052894931172 ], [ -110.960305071789776, 32.299048858117096 ], [ -110.960328164725894, 32.299045597156244 ], [ -110.960351250444546, 32.299043023318546 ], [ -110.960352086747505, 32.299042958410752 ], [ -110.960374330841304, 32.299041057258712 ], [ -110.960374523197672, 32.299041040679597 ], [ -110.960397602853462, 32.299039852875161 ], [ -110.960420869706866, 32.299039341943008 ], [ -110.960421747729526, 32.299039348594086 ], [ -110.960471439185497, 32.299039134311599 ], [ -110.960472317321802, 32.299039130141381 ], [ -110.960789617086093, 32.299038278531313 ], [ -110.960790495203511, 32.299038276162392 ], [ -110.960798315409988, 32.299038257821792 ], [ -110.960800743441354, 32.299038181516522 ], [ -110.960802968594066, 32.299038112693147 ], [ -110.960803545738727, 32.299038055739985 ], [ -110.960805398338621, 32.299037873172487 ], [ -110.960807828083148, 32.299037633651793 ], [ -110.960810057004593, 32.299037306938104 ], [ -110.960812284864303, 32.299036980216307 ], [ -110.960814717306349, 32.299036483698977 ], [ -110.960816948035585, 32.299035984752422 ], [ -110.960819178592786, 32.299035401034018 ], [ -110.96082059566676, 32.299035034805783 ], [ -110.96082064895981, 32.299035015369419 ], [ -110.960821410221129, 32.299034816421887 ], [ -110.960823642586107, 32.299034060470667 ], [ -110.960825672204933, 32.299033299376973 ], [ -110.96082790756401, 32.299032460481484 ], [ -110.960829940014406, 32.299031530769987 ], [ -110.960831972464774, 32.299030601058476 ], [ -110.960834005814263, 32.299029585681424 ], [ -110.960836040062873, 32.299028484638818 ], [ -110.960837871527474, 32.299027382060807 ], [ -110.960839704962368, 32.299026192923506 ], [ -110.960841538225196, 32.299024919014386 ], [ -110.96084337255914, 32.299023644211537 ], [ -110.960845206730497, 32.299022283735148 ], [ -110.960845504551045, 32.299022031678653 ], [ -110.960846868053565, 32.299020902110058 ], [ -110.960848472527701, 32.299019474061993 ], [ -110.960849373493645, 32.299018508728537 ] ] ] } },
{ "type": "Feature", "properties": { "OBJECTID": 2, "WARD": "6", "NAME": "Miranda Schubert", "PHONE": "520-791-4601", "URL": "http://www.tucsonaz.gov/ward-6", "ADDRESS": "3202 E. 1st ST", "KEYID": 6, "UNIT": 6, "DATASOURCE": "WARD_COT", "City": "Tucson", "State": "AZ", "Zipcode": "85716", "Label": "Ward 6", "GlobalID": "{0F2A198C-6263-4B58-B065-209C17059702}", "created_user": null, "created_date": null, "last_edited_user": "CBOYER1", "last_edited_date": "2024-06-14T13:21:45Z", "ShapeSTArea": 512921601.03130347, "ShapeSTLength": 134383.65401408231 }, "geometry": { "type": "Polygon", "coordinates": [ [ [ -110.968573554987302, 32.212070447195266 ], [ -110.968572764064419, 32.212070509802423 ], [ -110.968530700849783, 32.212073831402179 ], [ -110.967750889729913, 32.212073650190376 ], [ -110.967014656076316, 32.212060820556928 ], [ -110.966236029320598, 32.212043887469157 ], [ -110.965456258522323, 32.212059239891744 ], [ -110.96469015040536, 32.212062664532361 ], [ -110.963922098039319, 32.212058854363853 ], [ -110.963171748152647, 32.212062645580218 ], [ -110.962400904617155, 32.212074524845214 ], [ -110.961626904354731, 32.212079073473525 ], [ -110.96089931544509, 32.212057197555964 ], [ -110.960890365372094, 32.212056928782467 ], [ -110.96091589435801, 32.214697138047441 ], [ -110.960921304816111, 32.21469710139656 ], [ -110.96241828024047, 32.214686927186769 ], [ -110.963183337368562, 32.21468943634823 ], [ -110.963939850380939, 32.214677960410008 ], [ -110.963959166244763, 32.215984456524289 ], [ -110.963978280459074, 32.217290865185902 ], [ -110.963974919084407, 32.218601398686666 ], [ -110.963975203506664, 32.218671065031941 ], [ -110.964024691609708, 32.219894207502207 ], [ -110.964048214429155, 32.220603479935484 ], [ -110.964062464062408, 32.220613036650441 ], [ -110.964081532998051, 32.220625463217822 ], [ -110.964099789293002, 32.220638400403935 ], [ -110.964118246258366, 32.220651423871296 ], [ -110.964136096450375, 32.220664443665235 ], [ -110.964153743311599, 32.220677633271208 ], [ -110.964171391080626, 32.220690736306359 ], [ -110.964188229633265, 32.220703919816522 ], [ -110.964204466064515, 32.220716755191916 ], [ -110.964220501676749, 32.220729417705314 ], [ -110.964480490874422, 32.220933581918707 ], [ -110.964497786497063, 32.220941701476356 ], [ -110.964531581086476, 32.220956816320573 ], [ -110.964565982458566, 32.220971935726404 ], [ -110.964601397294715, 32.220986719161246 ], [ -110.964637213615205, 32.221001763532186 ], [ -110.964673844528789, 32.221016213412817 ], [ -110.964710487098515, 32.221029546009468 ], [ -110.964748726634653, 32.221044779945942 ], [ -110.964790600043358, 32.221060385733885 ], [ -110.964843953940743, 32.221079685260399 ], [ -110.964902544225353, 32.221100827844076 ], [ -110.9649611460014, 32.22112076835446 ], [ -110.965015526125839, 32.221138614579417 ], [ -110.965064280216126, 32.221153326968917 ], [ -110.965110432857358, 32.221165614588024 ], [ -110.965154794886189, 32.221175139948024 ], [ -110.965197967707212, 32.221182422520052 ], [ -110.96524056150011, 32.221187037629406 ], [ -110.965282370389474, 32.221189500472832 ], [ -110.965323592203916, 32.221190067756595 ], [ -110.96536259506064, 32.221190189959664 ], [ -110.965399176694376, 32.22119003600676 ], [ -110.965433128962516, 32.221190033602412 ], [ -110.965462215185298, 32.221191541200028 ], [ -110.965487647858339, 32.221194567025535 ], [ -110.965508411568536, 32.221199533610644 ], [ -110.965524910646906, 32.221206529673616 ], [ -110.965538163916378, 32.221214703443252 ], [ -110.965518649663125, 32.221225551652324 ], [ -110.963758100044998, 32.2212653636822 ], [ -110.960976395597214, 32.221328216384407 ], [ -110.960936640482458, 32.221329114317072 ], [ -110.960786181942041, 32.221357783678215 ], [ -110.960634391088306, 32.221378625766611 ], [ -110.959693921043552, 32.221360994509531 ], [ -110.959420431044165, 32.221355866411344 ], [ -110.957900380405448, 32.221382741610157 ], [ -110.956684644904684, 32.221354790390436 ], [ -110.956321980996051, 32.221346450476851 ], [ -110.95477179849469, 32.221355965922832 ], [ -110.953225366551564, 32.221373994230774 ], [ -110.952352748220946, 32.221408914848844 ], [ -110.950985942996525, 32.221468573170064 ], [ -110.949559048727025, 32.221414958689429 ], [ -110.949504959236421, 32.221412926050455 ], [ -110.948122963483016, 32.221403003981536 ], [ -110.948066139915767, 32.221402595603912 ], [ -110.946651747095046, 32.221413911345749 ], [ -110.945162090438131, 32.221414152706899 ], [ -110.944044743219905, 32.221447821853026 ], [ -110.944015610211707, 32.221446656170272 ], [ -110.943996867224698, 32.221445906815539 ], [ -110.943886037209438, 32.22143448904346 ], [ -110.943773486735154, 32.221437788302339 ], [ -110.942400566649042, 32.221478022949121 ], [ -110.941014400859032, 32.221442252979905 ], [ -110.94091920194461, 32.221439795631419 ], [ -110.939477849032343, 32.221496520057684 ], [ -110.93947670724684, 32.221468186802191 ], [ -110.939476425873309, 32.221429239439608 ], [ -110.93947470692224, 32.221191186595469 ], [ -110.939470706568329, 32.220361187063638 ], [ -110.93946970648868, 32.220085187449349 ], [ -110.939466705511265, 32.219822188356154 ], [ -110.939457704529033, 32.2190351885653 ], [ -110.939454704518695, 32.21877318865694 ], [ -110.939453704359309, 32.218509189527339 ], [ -110.939450703549952, 32.217720189730343 ], [ -110.939449703250702, 32.217457189776582 ], [ -110.939447703951217, 32.21727418999361 ], [ -110.939441702859128, 32.216725190589493 ], [ -110.939439702401202, 32.216543190898683 ], [ -110.939435702370346, 32.216157191540965 ], [ -110.939423700601935, 32.21415319312149 ], [ -110.936945706799563, 32.214153194312125 ], [ -110.936829707177409, 32.214200194658005 ], [ -110.936735707290225, 32.214228194487482 ], [ -110.935259710382198, 32.214218196109243 ], [ -110.93508171163198, 32.214197195838643 ], [ -110.935084710923718, 32.214014196034569 ], [ -110.935093710387946, 32.213468196064817 ], [ -110.935097709764108, 32.213286196911518 ], [ -110.935096710470347, 32.213106197059332 ], [ -110.935094709819779, 32.212565196978296 ], [ -110.935094709476246, 32.212387196989397 ], [ -110.934704710332937, 32.212388197549032 ], [ -110.93353471313381, 32.212390198199294 ], [ -110.933144713885341, 32.212392198573966 ], [ -110.932695715349013, 32.212390198879987 ], [ -110.931350718328702, 32.212385199613685 ], [ -110.930902718844436, 32.212385200677176 ], [ -110.930902719035586, 32.212425200106999 ], [ -110.93090271958674, 32.212545200198399 ], [ -110.930903719015419, 32.212585200204451 ], [ -110.930903719773852, 32.212739199897136 ], [ -110.930906719937369, 32.213200199663945 ], [ -110.930907720053781, 32.213324199902551 ], [ -110.93090771974758, 32.213355199137027 ], [ -110.930902720851378, 32.213504199802777 ], [ -110.930889720634326, 32.213950199188702 ], [ -110.930885721619887, 32.214101198859787 ], [ -110.926624735884076, 32.214233952711531 ], [ -110.926624543883591, 32.214221226505202 ], [ -110.926624110231828, 32.213459303764154 ], [ -110.926626756134468, 32.21327112060856 ], [ -110.92662560151976, 32.21240791751795 ], [ -110.926628379978695, 32.211498702594575 ], [ -110.926635479053715, 32.210582392475828 ], [ -110.926627977516674, 32.209689504544258 ], [ -110.926624489280357, 32.20878049808573 ], [ -110.926625742135528, 32.207871894768545 ], [ -110.926625786507401, 32.207840090542952 ], [ -110.926681131144917, 32.206982563338642 ], [ -110.926682268026511, 32.206964956038277 ], [ -110.926684306208543, 32.206933373937744 ], [ -110.924514947198347, 32.20697048488276 ], [ -110.923766401313131, 32.206980300093036 ], [ -110.922466128877844, 32.206997339272903 ], [ -110.922402306365129, 32.206994603555891 ], [ -110.922337093007059, 32.206987797766743 ], [ -110.92233287513001, 32.206987357872066 ], [ -110.922326443988524, 32.206987853796093 ], [ -110.922214568907052, 32.206996477260589 ], [ -110.920268420727808, 32.207002715040645 ], [ -110.918032826736578, 32.207035755800867 ], [ -110.917551745689465, 32.207032727745094 ], [ -110.913597401572446, 32.207028216278879 ], [ -110.910835787923233, 32.207047077533787 ], [ -110.909557989335227, 32.207047777489507 ], [ -110.909553683912037, 32.207047780167407 ], [ -110.909555793779631, 32.206851895396404 ], [ -110.909570843985193, 32.205454269899732 ], [ -110.909571038790745, 32.205436206177872 ], [ -110.909523058407402, 32.203867662089493 ], [ -110.909521974660635, 32.203844633574207 ], [ -110.909474435453106, 32.20283417381998 ], [ -110.909489913730539, 32.201722857505246 ], [ -110.909457281331655, 32.199494991324606 ], [ -110.90935007643219, 32.197507132814103 ], [ -110.909315581609732, 32.196201620476437 ], [ -110.909315573531103, 32.19620129485434 ], [ -110.909290476589916, 32.195251478072898 ], [ -110.909287833894368, 32.195150963370203 ], [ -110.909284466886348, 32.195150937448709 ], [ -110.909282185801487, 32.195150920178229 ], [ -110.909170792507666, 32.195151308788844 ], [ -110.8962031849249, 32.195195921174509 ], [ -110.895945185808515, 32.195235921413193 ], [ -110.894948185522637, 32.195308921666481 ], [ -110.894124185616647, 32.195331921082534 ], [ -110.894120818597486, 32.19533189656071 ], [ -110.892772185134618, 32.19532291987376 ], [ -110.892771891415165, 32.195322914789998 ], [ -110.892768818127266, 32.195322894414183 ], [ -110.892512097552654, 32.195316958357161 ], [ -110.892484890144729, 32.196128500480839 ], [ -110.892362562873529, 32.199776934128181 ], [ -110.892375898416063, 32.200624342973441 ], [ -110.892355394778704, 32.201426380300056 ], [ -110.892354847894083, 32.201601351343939 ], [ -110.892352221119694, 32.20205212421952 ], [ -110.892347904094677, 32.202383312980338 ], [ -110.892344239297429, 32.202872559813272 ], [ -110.892344076639205, 32.203157568474282 ], [ -110.89234053145411, 32.203654203918084 ], [ -110.892340606374532, 32.203917911703854 ], [ -110.892338971141911, 32.204442479266426 ], [ -110.892337429674427, 32.204706173924542 ], [ -110.89233976611574, 32.205254910779061 ], [ -110.892297305363272, 32.206976045536564 ], [ -110.892297182620396, 32.206981034303581 ], [ -110.891531511922324, 32.206972270598989 ], [ -110.889931730090893, 32.206953943516346 ], [ -110.883692081185231, 32.206912909007514 ], [ -110.881024556990681, 32.206903197137343 ], [ -110.875809717637651, 32.206893744063755 ], [ -110.875105250748589, 32.206892450472004 ], [ -110.875105222535865, 32.206890179466001 ], [ -110.875083972595249, 32.205195875439301 ], [ -110.875096956754604, 32.204446607957095 ], [ -110.875109485709928, 32.203666327664578 ], [ -110.875102505077621, 32.202505786955648 ], [ -110.875115185918503, 32.199726058102144 ], [ -110.875109327567429, 32.19972592326986 ], [ -110.875109215047374, 32.199638244053595 ], [ -110.875105827421024, 32.199638246809904 ], [ -110.874757828194092, 32.199651247169612 ], [ -110.873716830235082, 32.199689248181926 ], [ -110.87337083126053, 32.199703247804749 ], [ -110.872861832198467, 32.199701248255273 ], [ -110.871334835367762, 32.199695249036537 ], [ -110.87082683691942, 32.199694249680377 ], [ -110.869962839240856, 32.199695250029379 ], [ -110.867373844373191, 32.19970025156988 ], [ -110.866510846465516, 32.19970325217691 ], [ -110.866126846922455, 32.199704253032898 ], [ -110.864975849609465, 32.199707253321783 ], [ -110.864592850594207, 32.199710253557797 ], [ -110.864041851339977, 32.199710254318809 ], [ -110.862387855023826, 32.19971225483286 ], [ -110.861837856340344, 32.199714255457501 ], [ -110.861431857639644, 32.199714255903679 ], [ -110.860214859823756, 32.199715256969903 ], [ -110.859809861476236, 32.199716257070165 ], [ -110.859437861616968, 32.199714257299959 ], [ -110.858323863896175, 32.199711257694993 ], [ -110.858036864840329, 32.199711257552245 ], [ -110.85797955014192, 32.199713304557164 ], [ -110.857984274003968, 32.200231195228213 ], [ -110.857961702210929, 32.200627425206214 ], [ -110.857953395048753, 32.200995771437832 ], [ -110.857959606455267, 32.201436393431571 ], [ -110.857956618530665, 32.201886301910207 ], [ -110.85796392756211, 32.202214664303575 ], [ -110.857964169742971, 32.202595022060081 ], [ -110.857962286022982, 32.20298438104232 ], [ -110.857951918830324, 32.203373583290961 ], [ -110.857959246998476, 32.203770063437695 ], [ -110.857958047481048, 32.204553957512559 ], [ -110.857982797660242, 32.206760621351428 ], [ -110.857982729602426, 32.206777666873798 ], [ -110.85798249658697, 32.206835779633785 ], [ -110.857972645992717, 32.209293920457569 ], [ -110.857977058997875, 32.20941876664773 ], [ -110.857996507903152, 32.209972540391895 ], [ -110.858003009957329, 32.210213624408446 ], [ -110.857989405010713, 32.210655368532521 ], [ -110.857992745629133, 32.210785617500399 ], [ -110.857996118742562, 32.211033728369145 ], [ -110.858004637383416, 32.211660327481468 ], [ -110.857972856638796, 32.212415016295346 ], [ -110.857957883913528, 32.213358391492889 ], [ -110.857956825678187, 32.21418214213525 ], [ -110.857974879456876, 32.21459468798723 ], [ -110.857964935562492, 32.214982003776257 ], [ -110.857969213903999, 32.21531034014248 ], [ -110.857977493725471, 32.215746769746325 ], [ -110.857975926168223, 32.21605641754239 ], [ -110.857966162070682, 32.216567598746309 ], [ -110.857961241895012, 32.216922401048471 ], [ -110.857991769262384, 32.217339861474279 ], [ -110.857956503125862, 32.21808112127755 ], [ -110.857933890811253, 32.221287404420558 ], [ -110.857933652949185, 32.221390934075707 ], [ -110.857928586276515, 32.223593022844064 ], [ -110.857962764281652, 32.225194870045179 ], [ -110.857971303857298, 32.225661193525738 ], [ -110.857947894797661, 32.228900536577626 ], [ -110.857997958780004, 32.230753421926188 ], [ -110.857990497226396, 32.230856522077261 ], [ -110.857966817813605, 32.232445427026619 ], [ -110.857930644633655, 32.233176970344154 ], [ -110.857935283930445, 32.233369505183326 ], [ -110.857926376286045, 32.23427702343767 ], [ -110.857902725560223, 32.235569658755232 ], [ -110.85789711518072, 32.235876274113153 ], [ -110.857904505803134, 32.23790540413524 ], [ -110.85789875061225, 32.238035576360602 ], [ -110.857887494941949, 32.238256668055222 ], [ -110.857882840240322, 32.238466218678589 ], [ -110.857862526683817, 32.238875692862059 ], [ -110.85790157897344, 32.239691186633515 ], [ -110.857912220709039, 32.239836699822604 ], [ -110.85791843274005, 32.239893736322841 ], [ -110.857931949967849, 32.240017851112803 ], [ -110.857974997161861, 32.240539330583061 ], [ -110.857979447996669, 32.240593245584861 ], [ -110.857974817970302, 32.240734435575625 ], [ -110.857950672797159, 32.241470704089984 ], [ -110.857919511001853, 32.242135632003084 ], [ -110.857912186701327, 32.242152236066367 ], [ -110.857482508622013, 32.243126316908302 ], [ -110.857515846591411, 32.243153482911566 ], [ -110.857701380102128, 32.243304670725408 ], [ -110.85775517338007, 32.243337504632173 ], [ -110.857819096126647, 32.243333573679472 ], [ -110.857871811941465, 32.243337365663834 ], [ -110.857908901562368, 32.243339893112029 ], [ -110.857972399549638, 32.243344220897953 ], [ -110.859644402480143, 32.243389744244304 ], [ -110.860196347390172, 32.243398998537472 ], [ -110.862315855643772, 32.243395744046758 ], [ -110.863890914302587, 32.243364210993306 ], [ -110.864510002722525, 32.243370742226865 ], [ -110.865178185158186, 32.243379654865201 ], [ -110.866685775895533, 32.243396658781236 ], [ -110.868826308337844, 32.243410992825531 ], [ -110.869889803631864, 32.243426937816018 ], [ -110.870487881698764, 32.243432492839759 ], [ -110.870983029996097, 32.243441487639778 ], [ -110.871199547944954, 32.243439585562427 ], [ -110.873127092551968, 32.243465569897722 ], [ -110.875504398819146, 32.243457007634944 ], [ -110.875471682958334, 32.244428754421605 ], [ -110.875426010760378, 32.24584491406538 ], [ -110.875415413813982, 32.246720379647137 ], [ -110.875435794244524, 32.24773336502448 ], [ -110.875359272202999, 32.249266175850643 ], [ -110.875347204070849, 32.249721332862734 ], [ -110.875339347432543, 32.250675416867651 ], [ -110.875509372666514, 32.250675603465645 ], [ -110.877274596946492, 32.250677524277584 ], [ -110.879875413307943, 32.250674758191124 ], [ -110.882017326066773, 32.250672046238918 ], [ -110.884051662834565, 32.250671854618666 ], [ -110.885503271484595, 32.250662923528566 ], [ -110.888430344932175, 32.250644948432154 ], [ -110.890558224762486, 32.2506498799778 ], [ -110.892666705797723, 32.250636064549909 ], [ -110.892665134761941, 32.25074237730837 ], [ -110.892626351614169, 32.253366681128128 ], [ -110.892576590196228, 32.256070419314845 ], [ -110.892536904752973, 32.257876351313421 ], [ -110.892475443075938, 32.259676780119847 ], [ -110.892612363669841, 32.25967757097618 ], [ -110.894646110610452, 32.259689294270956 ], [ -110.895719482398675, 32.259689470231052 ], [ -110.896780706584977, 32.25969125693851 ], [ -110.897940392057322, 32.259693055990937 ], [ -110.901062234162254, 32.25969508843334 ], [ -110.903812607235977, 32.259684874391034 ], [ -110.904496492470216, 32.259693019238917 ], [ -110.904944735696631, 32.259692229191799 ], [ -110.905326272683567, 32.259708426618452 ], [ -110.906066936373165, 32.259683259982673 ], [ -110.909795785436927, 32.259680052957094 ], [ -110.909794560689789, 32.258783785919491 ], [ -110.909783703091904, 32.257880914650691 ], [ -110.909783851709776, 32.257880911326254 ], [ -110.909783830669113, 32.257877145185219 ], [ -110.909783827405406, 32.257876191040495 ], [ -110.90978283102146, 32.257598144961975 ], [ -110.909782827757695, 32.257597190817194 ], [ -110.909780828296817, 32.256764144379282 ], [ -110.909780827155231, 32.256763190251299 ], [ -110.909780826802731, 32.25648614496145 ], [ -110.909777821185187, 32.256399144677403 ], [ -110.90977182154414, 32.256143144076056 ], [ -110.909771159921164, 32.256086942276994 ], [ -110.909770820881363, 32.256058144660535 ], [ -110.909768820362316, 32.255926144659092 ], [ -110.909765820281876, 32.255532144436977 ], [ -110.909764820107952, 32.255401144393709 ], [ -110.909761819165624, 32.255166143846914 ], [ -110.909755818176336, 32.254462143649192 ], [ -110.90975381754572, 32.254228143939272 ], [ -110.909746816382423, 32.253505143463642 ], [ -110.909727812137689, 32.251338142389116 ], [ -110.90972374024318, 32.250847200916894 ], [ -110.909721581396326, 32.250612527965615 ], [ -110.909722010156884, 32.250612525070323 ], [ -110.910902369922653, 32.250599164772822 ], [ -110.911399584100266, 32.250589979087202 ], [ -110.914049207343282, 32.250561644010496 ], [ -110.915120086628704, 32.25053998771007 ], [ -110.915161533033455, 32.250539714764614 ], [ -110.916179086905714, 32.250532315507861 ], [ -110.918307138869324, 32.250503710384507 ], [ -110.919101092004908, 32.250478886519844 ], [ -110.919996390145826, 32.25046679815501 ], [ -110.920446588212783, 32.250467943832831 ], [ -110.921046020479125, 32.250465539452549 ], [ -110.92209057882171, 32.250447396093961 ], [ -110.922583103129412, 32.250441737600688 ], [ -110.924182067423857, 32.250415998939488 ], [ -110.926887188999672, 32.250377436052325 ], [ -110.928978365035675, 32.250374732153595 ], [ -110.929532746033189, 32.250369444449973 ], [ -110.931142951595604, 32.250350920893212 ], [ -110.933245325007107, 32.250341018240995 ], [ -110.935422569310361, 32.250331679256078 ], [ -110.935423906497519, 32.250331673409143 ], [ -110.935509424413013, 32.250331248190719 ], [ -110.937675487715254, 32.250320450640615 ], [ -110.939646068262277, 32.250290179795861 ], [ -110.941072926790298, 32.250289266181198 ], [ -110.942439020616064, 32.250288555070007 ], [ -110.942522425841432, 32.250288511021459 ], [ -110.942547391176006, 32.250287681757975 ], [ -110.943980866933529, 32.250240073008491 ], [ -110.943983553808067, 32.250239983673133 ], [ -110.943981488767008, 32.250172886897175 ], [ -110.943970189524748, 32.249805837264752 ], [ -110.943934864113089, 32.249156260311032 ], [ -110.943932334944506, 32.248938402903121 ], [ -110.943934695312848, 32.248849688418453 ], [ -110.94393347667922, 32.248512186863451 ], [ -110.943931166790293, 32.247872311431841 ], [ -110.943902828449964, 32.246794842470024 ], [ -110.943883282544519, 32.245783927650294 ], [ -110.943888944015768, 32.245556254664599 ], [ -110.943875815602738, 32.245460376771284 ], [ -110.943872374049135, 32.244984485474781 ], [ -110.943870749346516, 32.244759923552806 ], [ -110.943893865892818, 32.243786100459332 ], [ -110.943898741343673, 32.243736369281613 ], [ -110.943951199820958, 32.243201334914474 ], [ -110.943953288117157, 32.243180030172098 ], [ -110.944004704023797, 32.243182118698762 ], [ -110.944004793875877, 32.243182150954134 ], [ -110.944610702189706, 32.243400117594291 ], [ -110.944610713412715, 32.243399163555431 ], [ -110.944612702046925, 32.243224117621956 ], [ -110.94461271645298, 32.243223163607553 ], [ -110.944613698523369, 32.243169117895029 ], [ -110.945084701315622, 32.243168117807876 ], [ -110.945260699967363, 32.243168117390482 ], [ -110.945567699152264, 32.243166116952587 ], [ -110.946489697222262, 32.243166115945712 ], [ -110.946797695950508, 32.24316711603862 ], [ -110.9470956954206, 32.24318911598742 ], [ -110.947990693290123, 32.243256114896788 ], [ -110.948289691910304, 32.243280114521092 ], [ -110.948582690888344, 32.243252114515947 ], [ -110.949462688570463, 32.243172114035268 ], [ -110.949756687563877, 32.243146113779495 ], [ -110.949756697671958, 32.243145159731029 ], [ -110.949757687698309, 32.243050113645459 ], [ -110.949757704172598, 32.243049159645665 ], [ -110.949764681087942, 32.24276311414917 ], [ -110.949764706050303, 32.242762160214291 ], [ -110.949767687796822, 32.242668114152032 ], [ -110.949767682316761, 32.242667629832603 ], [ -110.9497656873571, 32.242463114174342 ], [ -110.949761692572892, 32.241848115128256 ], [ -110.949761689948105, 32.241847160982132 ], [ -110.949760698068246, 32.241644114825142 ], [ -110.950058685472953, 32.241641114592809 ], [ -110.950954682937905, 32.241635113865193 ], [ -110.951253682646637, 32.241633114159832 ], [ -110.951494681981984, 32.241629113277575 ], [ -110.952220679685908, 32.241618112849409 ], [ -110.952462678621671, 32.241616112576693 ], [ -110.952731678577962, 32.241614112211778 ], [ -110.953538676412009, 32.24161011241155 ], [ -110.953808674930059, 32.241609112072524 ], [ -110.953808680760588, 32.241608157088578 ], [ -110.953808680595174, 32.241407112334315 ], [ -110.953808683242585, 32.241406157326054 ], [ -110.953812676652731, 32.24080111274094 ], [ -110.953812682482948, 32.240800157756858 ], [ -110.953813678699149, 32.240600112573176 ], [ -110.954109674018824, 32.240594112454907 ], [ -110.955000670746827, 32.24058411196782 ], [ -110.955297670016449, 32.240581111653405 ], [ -110.955593669804202, 32.240579111274705 ], [ -110.956484667033479, 32.240576110178104 ], [ -110.956781666468686, 32.240575110222188 ], [ -110.957024665515021, 32.24057410979524 ], [ -110.957753664030051, 32.240574109687309 ], [ -110.957997662973327, 32.240576109024154 ], [ -110.958303662467614, 32.240573109502336 ], [ -110.95894966037477, 32.240569108249453 ], [ -110.959221659653167, 32.240571108221971 ], [ -110.959528658511005, 32.240575107833983 ], [ -110.959834657885736, 32.240571108088822 ], [ -110.96075465518831, 32.240560107022908 ], [ -110.961061654210539, 32.240557106576247 ], [ -110.961369652918123, 32.240555106748907 ], [ -110.962296650452146, 32.24055310607212 ], [ -110.962605650106568, 32.240553105621231 ], [ -110.962913648988547, 32.240552105758027 ], [ -110.963840646984536, 32.240552104816956 ], [ -110.964149645636496, 32.240552104188851 ], [ -110.964454644477073, 32.240549103864005 ], [ -110.965371642745978, 32.240543103081215 ], [ -110.965677641499383, 32.240542103063625 ], [ -110.967222637203577, 32.240532102067256 ], [ -110.968763629953145, 32.240520100596946 ], [ -110.968762645955877, 32.240577146133504 ], [ -110.968762632864397, 32.240578100163823 ], [ -110.968772632805894, 32.241539099774904 ], [ -110.968779812235795, 32.241642295993259 ], [ -110.968782592142404, 32.241667041217283 ], [ -110.969446437300789, 32.241659186500399 ], [ -110.970277747766687, 32.241649345152055 ], [ -110.970287795215683, 32.240563403780527 ], [ -110.970285379623647, 32.239957320036076 ], [ -110.970283474172291, 32.239479072584118 ], [ -110.970283366083393, 32.239414790723394 ], [ -110.970281866425609, 32.238522836665943 ], [ -110.970294919243329, 32.237205421002983 ], [ -110.970250510872447, 32.23590902460726 ], [ -110.970248548709307, 32.235851739602516 ], [ -110.970248213102181, 32.235841945088062 ], [ -110.969832950179537, 32.235848626347597 ], [ -110.96949050623688, 32.235854134995662 ], [ -110.968703638756807, 32.235871512549132 ], [ -110.968703016869625, 32.235840155089768 ], [ -110.968684007636028, 32.234881181996684 ], [ -110.968670876441692, 32.234218748141707 ], [ -110.96869088305607, 32.234219065060216 ], [ -110.969497030424108, 32.234231814860181 ], [ -110.969557207428068, 32.23423101685362 ], [ -110.970250051611487, 32.234221822580544 ], [ -110.970237060558418, 32.232940288473955 ], [ -110.971006558665835, 32.232938747811552 ], [ -110.97136284755878, 32.23293752746234 ], [ -110.971770610121297, 32.232936130050732 ], [ -110.971761681604761, 32.232080218536716 ], [ -110.971756811481868, 32.231613358155563 ], [ -110.971743709152193, 32.230301413996628 ], [ -110.971752391564095, 32.228993669922787 ], [ -110.971752346357746, 32.228983069536675 ], [ -110.971752172628342, 32.228942135313837 ], [ -110.971746927249654, 32.227705232498295 ], [ -110.97172868083598, 32.226382511966733 ], [ -110.971733592998376, 32.225165533783219 ], [ -110.971727284677058, 32.225091613601748 ], [ -110.971709355291736, 32.224869303166507 ], [ -110.971665666020797, 32.22432759723084 ], [ -110.971636832773129, 32.224155636216302 ], [ -110.971484240449527, 32.223245579591151 ], [ -110.971416111483876, 32.222839251313872 ], [ -110.971255137621441, 32.221927282854239 ], [ -110.971250215239621, 32.221899393150167 ], [ -110.971131116833874, 32.22106503132791 ], [ -110.971123214831934, 32.221009647909717 ], [ -110.971118961041057, 32.221010130129393 ], [ -110.971106878115165, 32.220942759929216 ], [ -110.971100927395014, 32.220909584137068 ], [ -110.971020180647997, 32.22045938020905 ], [ -110.970921958380032, 32.219952272808676 ], [ -110.97075845926517, 32.219074536785534 ], [ -110.970635920143735, 32.218398280982484 ], [ -110.970421229458026, 32.217195463225167 ], [ -110.970220894902383, 32.21608990618779 ], [ -110.970191281773793, 32.215944343421874 ], [ -110.970030206317574, 32.215087667442859 ], [ -110.96995577462404, 32.214645245708155 ], [ -110.969890990141849, 32.214305631344423 ], [ -110.969768039002659, 32.213611937150851 ], [ -110.969734103647156, 32.213474244571657 ], [ -110.969676463048089, 32.213342385080388 ], [ -110.96959740488181, 32.213229610993245 ], [ -110.969506763272065, 32.213123273883902 ], [ -110.969315451396682, 32.21290340078955 ], [ -110.968698948492388, 32.212217684583742 ], [ -110.968573554987302, 32.212070447195266 ] ] ] } },
{ "type": "Feature", "properties": { "OBJECTID": 3, "WARD": "1", "NAME": "Lane Santa Cruz", "PHONE": "520-791-4040", "URL": "http://www.tucsonaz.gov/ward-1", "ADDRESS": "940 W. Alameda ST", "KEYID": 1, "UNIT": 1, "DATASOURCE": "WARD_COT", "City": "Tucson", "State": "AZ", "Zipcode": "85745", "Label": "Ward 1", "GlobalID": "{0D3E7377-2A28-4572-BB11-C4DC5E4845E0}", "created_user": null, "created_date": null, "last_edited_user": "CBOYER1", "last_edited_date": "2024-06-26T12:52:21Z", "ShapeSTArea": 840886817.99758077, "ShapeSTLength": 225054.09038858459 }, "geometry": { "type": "Polygon", "coordinates": [ [ [ -111.033230562569699, 32.27611447449091 ], [ -111.033379470370974, 32.276115948068167 ], [ -111.033734736476816, 32.27611946321467 ], [ -111.035305637433737, 32.276134731869867 ], [ -111.036331038716028, 32.276119721741424 ], [ -111.037146784204296, 32.276107736195719 ], [ -111.037403774515894, 32.27610621514922 ], [ -111.037437336709331, 32.272541813680036 ], [ -111.037433280836055, 32.271641220306812 ], [ -111.037427404535293, 32.271154105887909 ], [ -111.037423192390449, 32.270714669035762 ], [ -111.037419172203315, 32.270471704428736 ], [ -111.037415410907755, 32.270159853820672 ], [ -111.037426285073252, 32.268906060972689 ], [ -111.037424864693278, 32.268906079041365 ], [ -111.037424892390604, 32.268902986871673 ], [ -111.037415620542163, 32.268903225339052 ], [ -111.037274493745542, 32.268906852932389 ], [ -111.037273967141758, 32.268906866400499 ], [ -111.037271186540579, 32.268906938124488 ], [ -111.037271412539184, 32.268883507544807 ], [ -111.037271988254886, 32.268798068919864 ], [ -111.037286009460885, 32.266719469135879 ], [ -111.037287525102002, 32.266534583583841 ], [ -111.037287872284907, 32.266492201952012 ], [ -111.037288303744788, 32.266439540984493 ], [ -111.037288629281733, 32.266400284030723 ], [ -111.037295767918621, 32.265539456248298 ], [ -111.03729558945993, 32.265537049833789 ], [ -111.037295410175048, 32.265534729087094 ], [ -111.037295028176402, 32.265532406929054 ], [ -111.03729464617777, 32.265530084771036 ], [ -111.03729426417047, 32.265527763514761 ], [ -111.037293679458116, 32.265525439945399 ], [ -111.037292892258492, 32.265523201541647 ], [ -111.037292105902466, 32.265520875666574 ], [ -111.037291318702913, 32.265518637262836 ], [ -111.037290327963461, 32.265516483115555 ], [ -111.037289339111581, 32.265514243307841 ], [ -111.037288146728528, 32.26551208685482 ], [ -111.037286952449307, 32.265510016963994 ], [ -111.037285760292818, 32.265507947087883 ], [ -111.037284365422636, 32.265505875800478 ], [ -111.037282968656342, 32.265503891075191 ], [ -111.03728137024639, 32.265501904044179 ], [ -111.037279771010333, 32.265500002680945 ], [ -111.037277969287061, 32.265498186483299 ], [ -111.037276369224955, 32.265496370787822 ], [ -111.037274363718112, 32.265494554073129 ], [ -111.0372725603427, 32.265492909210998 ], [ -111.037270555079843, 32.265491177269681 ], [ -111.037269314027739, 32.265490215398145 ], [ -111.037269151852939, 32.265490082602305 ], [ -111.037268550304702, 32.265489614875165 ], [ -111.037267144929118, 32.265488522898302 ], [ -111.037266543380909, 32.265488055171133 ], [ -111.037265140154105, 32.265486960503722 ], [ -111.037262929690542, 32.265485485056075 ], [ -111.037260719462168, 32.265484095283547 ], [ -111.037258305693996, 32.265482789767404 ], [ -111.037256093578222, 32.265481485655222 ], [ -111.037253678975262, 32.265480266708558 ], [ -111.037251263554865, 32.265479132527886 ], [ -111.037248847299608, 32.265478084916722 ], [ -111.037246228557166, 32.265477122471047 ], [ -111.037243811475804, 32.26547616052757 ], [ -111.037241190019699, 32.265475369410012 ], [ -111.037238569633658, 32.265474577398024 ], [ -111.037235947351405, 32.265473871948124 ], [ -111.037233122581981, 32.265473251663721 ], [ -111.03723049970867, 32.26547271755669 ], [ -111.037227874939148, 32.265472270011792 ], [ -111.037225047691095, 32.265471906730575 ], [ -111.037222219616822, 32.26547162911708 ], [ -111.037219594256214, 32.265471352915007 ], [ -111.037216764520792, 32.265471247538734 ], [ -111.037213933959123, 32.265471227830211 ], [ -111.036640335404371, 32.265467748536977 ], [ -111.036277819470243, 32.265465479275342 ], [ -111.035973764173477, 32.265464768241451 ], [ -111.035973236667573, 32.265464767268838 ], [ -111.035965776265428, 32.265464749519658 ], [ -111.036017007800908, 32.265408708292775 ], [ -111.036072996825865, 32.265347463304629 ], [ -111.036114172323721, 32.265304965000986 ], [ -111.036112403551954, 32.265304355660774 ], [ -111.036053310380296, 32.265284011506814 ], [ -111.035993276745302, 32.265261259203641 ], [ -111.03593426906194, 32.265236795144318 ], [ -111.035876289437851, 32.265210621148668 ], [ -111.035819337875338, 32.26518273721814 ], [ -111.035763615226671, 32.265153227722912 ], [ -111.035709118508393, 32.265122181924703 ], [ -111.03565585281234, 32.265089512383376 ], [ -111.035603815180878, 32.265055305655224 ], [ -111.035553408107234, 32.26501964841939 ], [ -111.035504431803702, 32.264982456315977 ], [ -111.035503829398408, 32.264981968734325 ], [ -111.035456883795973, 32.264943985448141 ], [ -111.035410966329664, 32.264904065881453 ], [ -111.035366679871444, 32.264862868968031 ], [ -111.035324022298212, 32.264820394694731 ], [ -111.03528319654599, 32.264776731054582 ], [ -111.035243998857865, 32.264731874823866 ], [ -111.033300349522221, 32.26199177327954 ], [ -111.033288424657812, 32.261976375962114 ], [ -111.033257844284606, 32.261934904418752 ], [ -111.033215106383508, 32.261880145994994 ], [ -111.03317074198921, 32.261826320393332 ], [ -111.033110144333222, 32.26175769317382 ], [ -111.033046697799648, 32.261690848748593 ], [ -111.032987418470285, 32.261632194978048 ], [ -111.032954320934081, 32.261601554729509 ], [ -111.032922895741251, 32.26157106234848 ], [ -111.032837512326807, 32.261493928707957 ], [ -111.032749069656958, 32.261419264448648 ], [ -111.032657570299222, 32.261347242732867 ], [ -111.032563416725765, 32.261277950240945 ], [ -111.032466404329952, 32.261211472110162 ], [ -111.032366736874437, 32.261147809760452 ], [ -111.032264614319175, 32.261087137736332 ], [ -111.032185790896492, 32.261043724707079 ], [ -111.032167690566354, 32.261033668851994 ], [ -111.032165245757966, 32.261032409917277 ], [ -111.032160035837194, 32.26102954079785 ], [ -111.032109423824309, 32.261003671000587 ], [ -111.032061466504103, 32.260978980425413 ], [ -111.032056456718578, 32.260976596984342 ], [ -111.032053203904681, 32.260974933781462 ], [ -111.032026290285998, 32.260962241469784 ], [ -111.031953190017134, 32.260927455573295 ], [ -111.031944120063386, 32.260923485333905 ], [ -111.031833181338484, 32.260875295627741 ], [ -111.031720393141427, 32.260830352972199 ], [ -111.031605753517965, 32.260788748433129 ], [ -111.031489463064844, 32.260750480705703 ], [ -111.031371724677768, 32.26071563958623 ], [ -111.031252739155008, 32.260684312151717 ], [ -111.031132305701036, 32.260656408611794 ], [ -111.031011028360638, 32.260632022478326 ], [ -111.030888908428636, 32.260611237627693 ], [ -111.030765944829994, 32.260594054049818 ], [ -111.030642338121794, 32.260580474050698 ], [ -111.030518091482378, 32.260570496748777 ], [ -111.030393809811798, 32.260564127287978 ], [ -111.030269087699395, 32.260561361921383 ], [ -111.030144533457275, 32.2605622914921 ], [ -111.030019942016935, 32.260566828887534 ], [ -111.029895721119203, 32.260575062643369 ], [ -111.029771870310142, 32.26058681960663 ], [ -111.029648385760225, 32.26060227380384 ], [ -111.029525879377374, 32.260621255480871 ], [ -111.029403944891911, 32.260643849263886 ], [ -111.029283188047003, 32.260669973736199 ], [ -111.029163609908295, 32.260699627104835 ], [ -111.029045211270329, 32.260732726410467 ], [ -111.028928194858636, 32.260769269473691 ], [ -111.0289282077092, 32.260767949289921 ], [ -111.028920800046535, 32.260770295186695 ], [ -111.028920271988412, 32.260770462822613 ], [ -111.02891688435065, 32.260771535635719 ], [ -111.028916046488348, 32.260771801197073 ], [ -111.028916622172133, 32.26071265984865 ], [ -111.028931429895223, 32.259191367860737 ], [ -111.028943381301474, 32.257963439595059 ], [ -111.02894704031057, 32.257587485517689 ], [ -111.028947915556216, 32.257497555164335 ], [ -111.028949442002599, 32.257340713818678 ], [ -111.028950399989128, 32.257242280715836 ], [ -111.028951358813529, 32.257143761041952 ], [ -111.028972403256788, 32.256144731331176 ], [ -111.028978154895256, 32.255553700629335 ], [ -111.028984333901334, 32.254939565352117 ], [ -111.028991637675603, 32.254334372323463 ], [ -111.029002798802225, 32.251899125599124 ], [ -111.029013680400411, 32.250780710002388 ], [ -111.029014559189761, 32.250700092755032 ], [ -111.029014570629883, 32.250699025972871 ], [ -111.029014611312292, 32.250694844482339 ], [ -111.029014591805065, 32.250684523825761 ], [ -111.029017627291694, 32.250684593851695 ], [ -111.029014235879274, 32.250495099567303 ], [ -111.029015071075605, 32.250495098220725 ], [ -111.031114748329898, 32.250491286008014 ], [ -111.031148693409989, 32.25049131651528 ], [ -111.031148719965216, 32.25049492221072 ], [ -111.031148975866785, 32.250530333388397 ], [ -111.031153127208725, 32.250530350761593 ], [ -111.031153653557837, 32.250530352647132 ], [ -111.031444692191286, 32.250531565233246 ], [ -111.031747317880189, 32.250532826744958 ], [ -111.032062477939675, 32.250534174393991 ], [ -111.032125751892579, 32.250534446064471 ], [ -111.032439497238713, 32.250535697194294 ], [ -111.032736463893542, 32.250536915827624 ], [ -111.033056993231895, 32.250538323812684 ], [ -111.033066380427485, 32.250538365116626 ], [ -111.033066378977637, 32.250538295665699 ], [ -111.033065646924172, 32.250488746796627 ], [ -111.033065601511453, 32.250485655912939 ], [ -111.033066438118766, 32.250485618476311 ], [ -111.033097633715045, 32.250484209752209 ], [ -111.033245650426451, 32.250480778083677 ], [ -111.033393709541684, 32.250472965455238 ], [ -111.033394545358277, 32.25047290005422 ], [ -111.033397193185706, 32.250472673268554 ], [ -111.033541205718691, 32.250460596287688 ], [ -111.033550563206205, 32.250459539822643 ], [ -111.033687935890555, 32.250443926184666 ], [ -111.033834102243674, 32.250422786115791 ], [ -111.033979298809143, 32.250397343692029 ], [ -111.034123123158238, 32.250367510431545 ], [ -111.034265776052749, 32.250333374316554 ], [ -111.034412908126001, 32.250293216244515 ], [ -111.03454201496703, 32.250253742889448 ], [ -111.034652319182754, 32.250217541637021 ], [ -111.034757414745656, 32.250180581563725 ], [ -111.034761555911558, 32.250179125159057 ], [ -111.034877751443034, 32.250133083494291 ], [ -111.034881492778396, 32.250131600847475 ], [ -111.03500307591257, 32.250087435496972 ], [ -111.035037128304339, 32.250076127014133 ], [ -111.035126325175312, 32.250046551684335 ], [ -111.03525101782401, 32.250008938832543 ], [ -111.03537689113854, 32.249974770059708 ], [ -111.035504146524801, 32.249943960191615 ], [ -111.03563237885416, 32.249916593876492 ], [ -111.035761589210253, 32.249892670217328 ], [ -111.035891776780105, 32.249872274879344 ], [ -111.035896026343849, 32.249871788658773 ], [ -111.035900277786993, 32.249871217679264 ], [ -111.035904328222557, 32.249870472147158 ], [ -111.035908581094077, 32.24986964325425 ], [ -111.035912634010415, 32.249868640717963 ], [ -111.035916687753655, 32.249867552513578 ], [ -111.035920743159423, 32.249866292071353 ], [ -111.035923386628994, 32.249865414983461 ], [ -111.035924799392035, 32.249864945960994 ], [ -111.035928654833768, 32.24986351277704 ], [ -111.035932510049889, 32.249861993015799 ], [ -111.035934145942434, 32.249861275742106 ], [ -111.035936367980923, 32.249860301925921 ], [ -111.035940024886855, 32.249858438087067 ], [ -111.035943681801328, 32.249856573346335 ], [ -111.035947340369518, 32.249854537269535 ], [ -111.035950797085633, 32.249852414111814 ], [ -111.035954255698371, 32.249850204391635 ], [ -111.03595751245031, 32.249847908492278 ], [ -111.035960567358856, 32.249845524610237 ], [ -111.035963826608679, 32.249842969903249 ], [ -111.035966681553049, 32.249840413279692 ], [ -111.03596784403706, 32.249839377065371 ], [ -111.035969740838638, 32.249837685831139 ], [ -111.035972394766404, 32.249834955556864 ], [ -111.03597505141768, 32.249832053052181 ], [ -111.035977706998935, 32.24982915144183 ], [ -111.035979960180299, 32.249826160450816 ], [ -111.035982415806089, 32.249823085197214 ], [ -111.035984467962166, 32.249819921457352 ], [ -111.035986520126812, 32.249816756815683 ], [ -111.035988573109492, 32.249813507407758 ], [ -111.035990222631241, 32.249810168611837 ], [ -111.035991872152863, 32.249806829815903 ], [ -111.035993319822495, 32.249803403939183 ], [ -111.035994768553167, 32.249799978069824 ], [ -111.035996015431863, 32.249796465119658 ], [ -111.035997059631754, 32.249792950756706 ], [ -111.03599790221395, 32.24978943498833 ], [ -111.035998745631687, 32.249785832650211 ], [ -111.035999387423075, 32.249782229808481 ], [ -111.035999826544412, 32.249778624652137 ], [ -111.036000265657009, 32.249775020397621 ], [ -111.036017338960704, 32.249639847942554 ], [ -111.036034811696453, 32.249526066941883 ], [ -111.036056929325838, 32.249412834157809 ], [ -111.036083488327677, 32.249300233843037 ], [ -111.03611366256942, 32.249192056034822 ], [ -111.036150123951558, 32.249077876172592 ], [ -111.036193417044757, 32.248948985475486 ], [ -111.036241348893782, 32.248821157875746 ], [ -111.036293312982352, 32.248694560489177 ], [ -111.036349710629509, 32.248569282682631 ], [ -111.037026106390528, 32.2471039994984 ], [ -111.037201594522969, 32.246725032429467 ], [ -111.037329464469778, 32.246441166177775 ], [ -111.037455893351407, 32.24613882118129 ], [ -111.037561002856421, 32.245867166665661 ], [ -111.037575799409353, 32.245821055359521 ], [ -111.037599228393077, 32.245739270917667 ], [ -111.037619428076482, 32.245656948156345 ], [ -111.037636197684733, 32.245574000006528 ], [ -111.03764953368136, 32.245490684368328 ], [ -111.03765899042601, 32.24541129355724 ], [ -111.037665418091763, 32.2453316237481 ], [ -111.037669016635064, 32.245251848581979 ], [ -111.037669380970769, 32.245172050013103 ], [ -111.037666499999233, 32.245090737239856 ], [ -111.037654314898077, 32.244763408230057 ], [ -111.03765434137317, 32.244760659637244 ], [ -111.037654570515912, 32.244757912454354 ], [ -111.037654394323354, 32.24475516245159 ], [ -111.037654219191893, 32.244752412456208 ], [ -111.037654042999336, 32.24474966245343 ], [ -111.037653665200281, 32.244746911048104 ], [ -111.037653084960866, 32.244744244810086 ], [ -111.037605872658034, 32.244399030500446 ], [ -111.037602032920219, 32.244378920939134 ], [ -111.03759567271031, 32.244345616305289 ], [ -111.037538258525814, 32.244052214147089 ], [ -111.037429556216892, 32.243752871843519 ], [ -111.037426149830466, 32.243711469481042 ], [ -111.037414175182235, 32.243565933623181 ], [ -111.037403197768697, 32.243320528843554 ], [ -111.03739922498562, 32.242998464946638 ], [ -111.037401762134664, 32.242651191487241 ], [ -111.037403434279639, 32.24151540586071 ], [ -111.037403440033586, 32.241511834653338 ], [ -111.037404276149132, 32.241511839569647 ], [ -111.037487687037341, 32.241512343301729 ], [ -111.037497027533021, 32.241512400174642 ], [ -111.037497027149513, 32.241512329829206 ], [ -111.037496559085469, 32.241267239791405 ], [ -111.037496090615718, 32.241022080300567 ], [ -111.037495259727166, 32.240604689437667 ], [ -111.037494755651224, 32.240363222669224 ], [ -111.037494169145248, 32.240088340699728 ], [ -111.037493520785588, 32.239677107842937 ], [ -111.037493514941005, 32.239673528437322 ], [ -111.037484830426976, 32.239673468013748 ], [ -111.037401197019662, 32.239672886093508 ], [ -111.037400670749804, 32.239672882431563 ], [ -111.037396494543813, 32.239672853372099 ], [ -111.037396492943515, 32.239616732454266 ], [ -111.037396479323917, 32.239128852906617 ], [ -111.0373965033166, 32.239126362217789 ], [ -111.037400774431305, 32.238787948474048 ], [ -111.037398613584401, 32.238172894002986 ], [ -111.037396925942147, 32.237697514697118 ], [ -111.037382196053599, 32.237422019259924 ], [ -111.037374893329471, 32.236816206015639 ], [ -111.03737265626566, 32.236589868790119 ], [ -111.037372647465304, 32.236587698022035 ], [ -111.037372510178685, 32.236580910789726 ], [ -111.03737237312788, 32.236574209232948 ], [ -111.037371830769516, 32.236567505757804 ], [ -111.037370885243021, 32.236560798575482 ], [ -111.037369937821822, 32.236554177955725 ], [ -111.037363614604288, 32.236518743409469 ], [ -111.03726892817923, 32.235988105571906 ], [ -111.037268294941853, 32.235984558773431 ], [ -111.037269142694967, 32.235984561967399 ], [ -111.037269548008624, 32.235984562984271 ], [ -111.0375138135322, 32.235985357137999 ], [ -111.037523174933966, 32.235985387995392 ], [ -111.037523174532993, 32.235985319453427 ], [ -111.037522345496484, 32.235882559969774 ], [ -111.037509206314539, 32.23432949383195 ], [ -111.037503256866728, 32.233645950055276 ], [ -111.037499684950788, 32.23321926341071 ], [ -111.037484526926463, 32.231455899825768 ], [ -111.03748031531731, 32.228870554287944 ], [ -111.037470052226325, 32.227144590090916 ], [ -111.037461149079562, 32.225634156604904 ], [ -111.037460444379875, 32.225518359130199 ], [ -111.037459569710265, 32.225357291189532 ], [ -111.037450763980416, 32.22507539377181 ], [ -111.037450443486932, 32.225024710361986 ], [ -111.03744922909226, 32.224835895169605 ], [ -111.037449228717236, 32.224835823922234 ], [ -111.037448787040475, 32.224797838370883 ], [ -111.037443513477697, 32.224002028254887 ], [ -111.037438982398783, 32.223339024384927 ], [ -111.037437189836737, 32.223063359532162 ], [ -111.037434895391698, 32.222719813830921 ], [ -111.037434871840532, 32.222716309144921 ], [ -111.037435707836082, 32.222716308647342 ], [ -111.03967297085542, 32.22271390497361 ], [ -111.040306989644307, 32.222713215210909 ], [ -111.040315257346265, 32.222713205798051 ], [ -111.040315289508541, 32.222716819666211 ], [ -111.040327097880038, 32.224027895255638 ], [ -111.040336742802424, 32.22508678150443 ], [ -111.04033674324026, 32.225086846439432 ], [ -111.040327379403806, 32.225086853662383 ], [ -111.03959058577702, 32.225087420006119 ], [ -111.039589749759429, 32.225087420517553 ], [ -111.039589781852612, 32.225090927967507 ], [ -111.039595920702396, 32.225770622297937 ], [ -111.039605125057662, 32.226790399913689 ], [ -111.039610825481077, 32.227417419506288 ], [ -111.039610826108913, 32.227417464602262 ], [ -111.039612959309224, 32.227658210921909 ], [ -111.039615010171218, 32.227876820285992 ], [ -111.039615455847752, 32.227924312965079 ], [ -111.039675489345015, 32.227986953271952 ], [ -111.0398470910486, 32.228154531050208 ], [ -111.040025412713902, 32.228317001237777 ], [ -111.040028772870031, 32.228319867119914 ], [ -111.040209848336445, 32.228474273930097 ], [ -111.04038235288607, 32.228611869523476 ], [ -111.040382551101359, 32.228611888934445 ], [ -111.040731680486005, 32.228645739782905 ], [ -111.041182989416711, 32.228689411438545 ], [ -111.04150446358355, 32.228698853482264 ], [ -111.041643791241441, 32.228691571835931 ], [ -111.041644000567416, 32.228691539015557 ], [ -111.041713422078942, 32.228680688110693 ], [ -111.041722734378425, 32.228679232991119 ], [ -111.041722803510936, 32.228672017908686 ], [ -111.041722154374114, 32.228549864724442 ], [ -111.041712950905094, 32.226747112613658 ], [ -111.041709045058681, 32.226015650542237 ], [ -111.041704445280146, 32.225087629107826 ], [ -111.041704427940488, 32.225084123563335 ], [ -111.041705263958377, 32.225084123037895 ], [ -111.041932002803861, 32.225083895098905 ], [ -111.043447619132081, 32.225082434092798 ], [ -111.043808744041328, 32.225082083229786 ], [ -111.043818084561579, 32.225082073784144 ], [ -111.04381808412127, 32.2250820088491 ], [ -111.043816919409338, 32.224612540737077 ], [ -111.043816601230134, 32.224490865911001 ], [ -111.043816596733578, 32.224489227249023 ], [ -111.043815928334951, 32.224229247563841 ], [ -111.04381513689745, 32.223876237504761 ], [ -111.043813747489736, 32.223256424917587 ], [ -111.043813739588614, 32.223252811216703 ], [ -111.043805089896139, 32.223252821827352 ], [ -111.043294732713377, 32.22325343490968 ], [ -111.041698133539043, 32.223255240173877 ], [ -111.041697607319989, 32.223255241040341 ], [ -111.041693452757116, 32.223255245648424 ], [ -111.041693123241714, 32.223199054652618 ], [ -111.041689842379554, 32.222640523034158 ], [ -111.0416896100174, 32.222580391694308 ], [ -111.04168278699629, 32.221420820380672 ], [ -111.041682765912526, 32.221417262501923 ], [ -111.041683601853634, 32.221417266484941 ], [ -111.042751620410783, 32.221422166989477 ], [ -111.043831590508503, 32.22142713739126 ], [ -111.045937134849822, 32.221436699253509 ], [ -111.04594646707649, 32.221436741895793 ], [ -111.045946466677577, 32.221436672451858 ], [ -111.045946064330479, 32.219405507762708 ], [ -111.045946063802631, 32.219405451845326 ], [ -111.045946062829856, 32.219401435971257 ], [ -111.0459372972865, 32.219402286443113 ], [ -111.04487143631691, 32.219507424683798 ], [ -111.044870909628614, 32.219507476964999 ], [ -111.044867505240319, 32.219507817826191 ], [ -111.044866669602243, 32.219507895031612 ], [ -111.044867568164307, 32.219450759222404 ], [ -111.044878995572233, 32.218724574829849 ], [ -111.044889143010153, 32.21806356069132 ], [ -111.044921254516595, 32.216010036571731 ], [ -111.044921295286869, 32.216007431453008 ], [ -111.045752850575283, 32.215925972026909 ], [ -111.045753018183092, 32.215925972279798 ], [ -111.045944833717869, 32.215925920153524 ], [ -111.046482692130382, 32.215926769462442 ], [ -111.046495107830125, 32.215926789094212 ], [ -111.046494874086079, 32.215930391216567 ], [ -111.046443390535117, 32.216724966146856 ], [ -111.046439669446869, 32.216782398213411 ], [ -111.046440506119652, 32.216782321004438 ], [ -111.046444107961179, 32.216781954403864 ], [ -111.046444637823882, 32.216781901235905 ], [ -111.046468596250122, 32.216779504956364 ], [ -111.046469431750424, 32.216779439462954 ], [ -111.046497715419221, 32.216777465250487 ], [ -111.046526625788445, 32.216776297076507 ], [ -111.046555730410461, 32.216775895890507 ], [ -111.046584826031591, 32.21677643975849 ], [ -111.046613914293118, 32.216777756441338 ], [ -111.046642994371325, 32.216779932509546 ], [ -111.046671864730342, 32.216782965674213 ], [ -111.046700558864359, 32.216786792135778 ], [ -111.046729130340694, 32.21679146817673 ], [ -111.046757417223759, 32.216796954805744 ], [ -111.04678564975174, 32.216803248196371 ], [ -111.046813469958153, 32.216810397289969 ], [ -111.046841080196117, 32.216818318706778 ], [ -111.046868279174575, 32.216827095834326 ], [ -111.046895066403906, 32.216836557320967 ], [ -111.046921643920314, 32.216846875905567 ], [ -111.046947609195357, 32.216857878372153 ], [ -111.046973161091557, 32.216869736535941 ], [ -111.046998304186189, 32.216882192503974 ], [ -111.047022832340204, 32.216895504586759 ], [ -111.047046950632534, 32.216909414467061 ], [ -111.047070455633062, 32.216924007321808 ], [ -111.047093146041661, 32.216939367440908 ], [ -111.04711542551992, 32.216955326252936 ], [ -111.047137093583075, 32.216971882379042 ], [ -111.047137394610658, 32.216972131552367 ], [ -111.047157946817904, 32.216989119192775 ], [ -111.047161055644835, 32.216991845178789 ], [ -111.047178189444509, 32.21700686855435 ], [ -111.047197616181961, 32.217025298597015 ], [ -111.047216432319658, 32.21704424028637 ], [ -111.047234233713482, 32.217063689941206 ], [ -111.04725142344644, 32.217083651236052 ], [ -111.047267799980972, 32.21710412188326 ], [ -111.047283364132028, 32.217125016214403 ], [ -111.047298115075435, 32.217146420800276 ], [ -111.047462472360081, 32.217395114561299 ], [ -111.047466059082183, 32.217400464557215 ], [ -111.047469850042376, 32.217405644608789 ], [ -111.04747404491151, 32.217410741763288 ], [ -111.047478242480665, 32.217415666685817 ], [ -111.047482843958832, 32.217420508711193 ], [ -111.047487448128408, 32.217425179406327 ], [ -111.047492254668896, 32.217429764916666 ], [ -111.047497264386749, 32.21743418047528 ], [ -111.047498342338301, 32.217435058157513 ], [ -111.047502478351376, 32.217438425187652 ], [ -111.047507165908783, 32.217442025076011 ], [ -111.047507895739102, 32.217442585624234 ], [ -111.047513517127896, 32.217446489538581 ], [ -111.047519139332209, 32.217450307783977 ], [ -111.047524964713915, 32.217453956077534 ], [ -111.047530995157402, 32.217457347856083 ], [ -111.047537229032542, 32.2174606544569 ], [ -111.04754346429246, 32.217463704044114 ], [ -111.047549702252226, 32.217466581399158 ], [ -111.047556344121091, 32.217469375856673 ], [ -111.047562990319804, 32.217471826744635 ], [ -111.047569636273082, 32.217474191956292 ], [ -111.047576487287955, 32.217476300652748 ], [ -111.04758333994171, 32.217478237109717 ], [ -111.04759019504074, 32.217479916560251 ], [ -111.047597253562657, 32.217481511734697 ], [ -111.048194702481183, 32.217601754295686 ], [ -111.048904017122183, 32.217646826647261 ], [ -111.049276244747091, 32.217841614638104 ], [ -111.049276329198321, 32.217841658505662 ], [ -111.049985564024851, 32.218098691501872 ], [ -111.04999845550384, 32.2181031610017 ], [ -111.050011754401197, 32.218107289694487 ], [ -111.050025057380523, 32.218110988238664 ], [ -111.050038363611804, 32.218114344106588 ], [ -111.050052078082331, 32.218117272596707 ], [ -111.050065795813055, 32.218119857508661 ], [ -111.05007951761651, 32.218122013173712 ], [ -111.05009324349254, 32.218123739591881 ], [ -111.050107176058674, 32.218125037250324 ], [ -111.050121313424228, 32.218125993613945 ], [ -111.050135252261114, 32.218126518439881 ], [ -111.050149195417973, 32.218126699694871 ], [ -111.050163142398276, 32.218126366026887 ], [ -111.050177093698181, 32.218125688787943 ], [ -111.050177929208758, 32.218125623270218 ], [ -111.050191048008557, 32.218124582294706 ], [ -111.050205006646735, 32.21812313132876 ], [ -111.050218766746568, 32.218121249727048 ], [ -111.050232530917086, 32.218118938878398 ], [ -111.050246298345556, 32.218116284451519 ], [ -111.050259867235155, 32.218113199388988 ], [ -111.050273238655038, 32.21810968279636 ], [ -111.050286411775446, 32.218105822145944 ], [ -111.050299587100952, 32.218101617008401 ], [ -111.050307849849432, 32.21809861912481 ], [ -111.050312363390816, 32.218096980763072 ], [ -111.050325141885466, 32.21809200003068 ], [ -111.050337722901133, 32.218086588670204 ], [ -111.050349902203649, 32.218080916630605 ], [ -111.050361884026941, 32.218074813963106 ], [ -111.050373666497705, 32.21806836632917 ], [ -111.050385248803408, 32.218061659397648 ], [ -111.050396632808656, 32.218054608408835 ], [ -111.05040761673375, 32.218047124502071 ], [ -111.050418198133002, 32.218039465585441 ], [ -111.050759532785818, 32.217783503404085 ], [ -111.051848116319377, 32.217173078696668 ], [ -111.052279200721813, 32.216986108832423 ], [ -111.052286429225163, 32.216982973880796 ], [ -111.052994954594212, 32.216854758171287 ], [ -111.052998800817122, 32.216854011577048 ], [ -111.053002446312618, 32.216853177035063 ], [ -111.053006296034383, 32.21685217253961 ], [ -111.053009943149505, 32.216851166659794 ], [ -111.053012160693783, 32.216850451323943 ], [ -111.053013591884337, 32.216849989442252 ], [ -111.053017242247364, 32.216848639985194 ], [ -111.05302069000372, 32.216847289143786 ], [ -111.05302414044904, 32.216845766070122 ], [ -111.05302758982495, 32.216844243890939 ], [ -111.053030839283252, 32.216842548095244 ], [ -111.053034292166345, 32.216840767113091 ], [ -111.053037341447464, 32.216838812926596 ], [ -111.053040593343496, 32.21683685922244 ], [ -111.053043644503504, 32.216834818472421 ], [ -111.053046493866717, 32.216832690669364 ], [ -111.053049344858024, 32.216830390626797 ], [ -111.05305219584919, 32.216828090584158 ], [ -111.053054845043562, 32.216825703488482 ], [ -111.053057496108408, 32.216823230731194 ], [ -111.053059945384987, 32.216820670019089 ], [ -111.053062192856274, 32.216818023155717 ], [ -111.053064642942431, 32.216815376774704 ], [ -111.053066690495953, 32.216812556294926 ], [ -111.05306873805786, 32.216809734913355 ], [ -111.053070584065452, 32.21680691305658 ], [ -111.053072429821981, 32.216804005523784 ], [ -111.053074277457497, 32.216801011427556 ], [ -111.053075720689861, 32.216797928894223 ], [ -111.053077164173075, 32.216794932036912 ], [ -111.053295107066504, 32.216308023740361 ], [ -111.053295230618076, 32.216307746818934 ], [ -111.053295345479015, 32.216307491482183 ], [ -111.05326948195011, 32.21628947292492 ], [ -111.053220492923089, 32.216255343841716 ], [ -111.053149484818476, 32.21620275526827 ], [ -111.053147444284463, 32.216201243380858 ], [ -111.05307643515529, 32.216145180890116 ], [ -111.053010220544067, 32.216089396415853 ], [ -111.053007666261877, 32.216087244320484 ], [ -111.052941137863428, 32.216027518449863 ], [ -111.052876647337641, 32.215966003700835 ], [ -111.052867834855547, 32.215957610525102 ], [ -111.052860564464325, 32.215951049593663 ], [ -111.052858818384237, 32.215949474781596 ], [ -111.052849394275469, 32.215941593274977 ], [ -111.052843529562665, 32.215937043120682 ], [ -111.052839564642269, 32.215933966921462 ], [ -111.052829529157592, 32.215926682759751 ], [ -111.052819288631397, 32.215919655121006 ], [ -111.052808641770696, 32.21591296830394 ], [ -111.052797789876948, 32.215906537107891 ], [ -111.05278653057934, 32.215900447627909 ], [ -111.052775268042936, 32.215894700822176 ], [ -111.052763598102516, 32.215889295732396 ], [ -111.052751925733205, 32.215884147647969 ], [ -111.052739845158143, 32.215879426046349 ], [ -111.052727761326835, 32.215875048922413 ], [ -111.052715472461941, 32.215870927419097 ], [ -111.052702977986812, 32.215867234684836 ], [ -111.05269027872852, 32.215863883247138 ], [ -111.052677574342539, 32.215860961948593 ], [ -111.052664665983286, 32.215858296277709 ], [ -111.052651753556802, 32.215856060753161 ], [ -111.05263863552787, 32.21585425309565 ], [ -111.052625513999558, 32.215852703337731 ], [ -111.052612389472813, 32.215851582831583 ], [ -111.052599259825925, 32.215850891562681 ], [ -111.05258612799048, 32.215850543876719 ], [ -111.052572790292743, 32.215850539283338 ], [ -111.052568949547563, 32.215850598704058 ], [ -111.052565111483688, 32.215850486794324 ], [ -111.052561072444604, 32.21585020126011 ], [ -111.052557234949077, 32.215849917103448 ], [ -111.052553400134911, 32.215849461616294 ], [ -111.052549565078849, 32.215848919551206 ], [ -111.052545732704175, 32.215848206155606 ], [ -111.052541900079092, 32.215847407083828 ], [ -111.052538270868681, 32.215846523728061 ], [ -111.052534440933627, 32.215845552423893 ], [ -111.052530814162822, 32.215844411159715 ], [ -111.052527188210917, 32.215843183324822 ], [ -111.052523563069443, 32.215841869821027 ], [ -111.052520141092216, 32.215840386357222 ], [ -111.05251651757159, 32.215838901515603 ], [ -111.052513299828036, 32.2158372471972 ], [ -111.052509881351412, 32.215835505832175 ], [ -111.052506665228762, 32.215833680176011 ], [ -111.052503449925098, 32.215831767949162 ], [ -111.052500436966866, 32.215829772332974 ], [ -111.052497424827635, 32.215827690146121 ], [ -111.05249441537849, 32.21582543572702 ], [ -111.052491607464461, 32.215823183587432 ], [ -111.052488800369431, 32.215820844877193 ], [ -111.052486196689131, 32.215818421883135 ], [ -111.052483592758563, 32.215815913212957 ], [ -111.052481192251221, 32.215813319357146 ], [ -111.052478792554368, 32.215810639832526 ], [ -111.052476595453342, 32.215807962594674 ], [ -111.052474601533632, 32.215805113593433 ], [ -111.052472607605537, 32.215802265493906 ], [ -111.052470613677556, 32.2157994173944 ], [ -111.052468822922364, 32.215796398433234 ], [ -111.052467233952584, 32.215793467427723 ], [ -111.052465646612134, 32.215790364182801 ], [ -111.052464261875983, 32.215787262322927 ], [ -111.052463078683289, 32.215784161840872 ], [ -111.052461896309566, 32.215780974788224 ], [ -111.052460915470789, 32.215777790015146 ], [ -111.052459936503197, 32.215774519580528 ], [ -111.052459159087562, 32.215771249621937 ], [ -111.052458583206814, 32.215767981942975 ], [ -111.052458209938735, 32.215764714747301 ], [ -111.052457836662143, 32.215761448453414 ], [ -111.052457521137086, 32.215755329147406 ], [ -111.052457526765124, 32.215751481956424 ], [ -111.052457761058974, 32.215748133239963 ], [ -111.052457954299967, 32.215745423644066 ], [ -111.052457993481653, 32.215744870185034 ], [ -111.052458428499847, 32.215741609417002 ], [ -111.052459044642518, 32.21573837784409 ], [ -111.052459066940941, 32.215738263463429 ], [ -111.05245970350235, 32.215735004073245 ], [ -111.052460744469926, 32.215731832220222 ], [ -111.052461583635235, 32.215728574215063 ], [ -111.052462826137415, 32.215725404641631 ], [ -111.052700469367622, 32.215085442601534 ], [ -111.052829719024388, 32.214538715143874 ], [ -111.052833733259774, 32.214520188210379 ], [ -111.052836941088898, 32.214501569190084 ], [ -111.052839542974951, 32.214482861256492 ], [ -111.052841134793596, 32.214464059844538 ], [ -111.052842120110896, 32.21444534086438 ], [ -111.052842297963053, 32.214426529790295 ], [ -111.052841870133165, 32.214407714577405 ], [ -111.0528406329598, 32.21438889383402 ], [ -111.052838587746436, 32.214370154145229 ], [ -111.052835732380643, 32.214351494594752 ], [ -111.052832270524561, 32.2143329165742 ], [ -111.052831551687888, 32.214329958150714 ], [ -111.052827797227522, 32.214314502990739 ], [ -111.052822917911968, 32.214296173208822 ], [ -111.052817027156365, 32.214278007863868 ], [ -111.052810529093662, 32.214260010619178 ], [ -111.052803422671914, 32.214242180565634 ], [ -111.052795505532984, 32.21422460289655 ], [ -111.052786777677241, 32.214207277611777 ], [ -111.052777440653543, 32.21419020518664 ], [ -111.0527674946958, 32.214173473100651 ], [ -111.052756738030766, 32.214156992496719 ], [ -111.052745574790592, 32.214140767038323 ], [ -111.052724395255638, 32.214111884403856 ], [ -111.052721833551757, 32.214108392124317 ], [ -111.052722716160275, 32.214108390039677 ], [ -111.052752866869454, 32.214108332754627 ], [ -111.054454480512234, 32.214105044440409 ], [ -111.05446381045769, 32.214105026007424 ], [ -111.054463810001167, 32.214104961974002 ], [ -111.054463426292315, 32.206804514541638 ], [ -111.054463426472196, 32.206801010005172 ], [ -111.054464262324728, 32.206801009392464 ], [ -111.058726464991807, 32.206795981121608 ], [ -111.058735778211599, 32.206795970368546 ], [ -111.058735778821116, 32.206795905440387 ], [ -111.058752959829377, 32.203116031833794 ], [ -111.058752976596935, 32.20311243722238 ], [ -111.058748697963253, 32.203112422620315 ], [ -111.058743930371705, 32.203112406504047 ], [ -111.058527753273921, 32.203111672692209 ], [ -111.058524943626722, 32.203111663543361 ], [ -111.058391105323707, 32.203111208735351 ], [ -111.057011764766926, 32.203106514184249 ], [ -111.055508604278046, 32.203101380677531 ], [ -111.055252135693664, 32.203100503015492 ], [ -111.054483665526391, 32.203097870581828 ], [ -111.054483139447782, 32.203097868798189 ], [ -111.054478948849379, 32.203097854651922 ], [ -111.054479184684723, 32.203041704262723 ], [ -111.054494006382626, 32.199512523609599 ], [ -111.054494021379597, 32.199508909145969 ], [ -111.054485004815817, 32.199508920715196 ], [ -111.046025456071888, 32.199519307837804 ], [ -111.046024929997728, 32.199519307822889 ], [ -111.046021557146133, 32.199519311654257 ], [ -111.046020720292333, 32.199519313106777 ], [ -111.046020878996572, 32.199502649155171 ], [ -111.046021298949782, 32.199463120025399 ], [ -111.046098522424444, 32.192197301288587 ], [ -111.046088460804825, 32.191704939413768 ], [ -111.04607015682042, 32.19080518122955 ], [ -111.04604242463688, 32.189431448306493 ], [ -111.046036510291131, 32.189140120118708 ], [ -111.046020516076155, 32.188358491267543 ], [ -111.046000460875902, 32.18736680788129 ], [ -111.04595034423383, 32.18489696585371 ], [ -111.045950269796379, 32.18489331108983 ], [ -111.045942637884124, 32.184893396529908 ], [ -111.042819459661416, 32.184928241356893 ], [ -111.040371502428385, 32.184959837691558 ], [ -111.037966580256679, 32.184990740484139 ], [ -111.037429056429147, 32.184985888401059 ], [ -111.036817398059085, 32.184980346078348 ], [ -111.036198530225079, 32.184989182721097 ], [ -111.034861186959347, 32.185008297953544 ], [ -111.033856006257679, 32.185022675530867 ], [ -111.033083179282173, 32.18503377160895 ], [ -111.032221451647018, 32.185046044987786 ], [ -111.03118862313012, 32.18505745830565 ], [ -111.028865392417813, 32.185083161236783 ], [ -111.028864556680247, 32.18508317070156 ], [ -111.028864599934522, 32.185086580851326 ], [ -111.02886512971881, 32.185128035709653 ], [ -111.028865130149001, 32.185128100644931 ], [ -111.028855757744893, 32.185128102492563 ], [ -111.020236711257041, 32.185129259092356 ], [ -111.019228235321123, 32.185129322830015 ], [ -111.018601573617914, 32.185129427122384 ], [ -111.017952488158471, 32.185129454646123 ], [ -111.017302999825006, 32.185129476874813 ], [ -111.0165999757414, 32.185129544064445 ], [ -111.015971512026439, 32.185129589129829 ], [ -111.015970986038141, 32.18512958899133 ], [ -111.015966850229432, 32.185129589298718 ], [ -111.015966269844625, 32.185073405308202 ], [ -111.015965608622494, 32.185009492009129 ], [ -111.015954002270774, 32.183336423558757 ], [ -111.015929044712777, 32.17973669637361 ], [ -111.01591586566505, 32.177861149420657 ], [ -111.015915865306084, 32.177861078173009 ], [ -111.015915836709553, 32.177856981826892 ], [ -111.015915836057644, 32.177856940337747 ], [ -111.01590748356378, 32.17785800635108 ], [ -111.014912238566396, 32.177985082302968 ], [ -111.013904447036197, 32.178085677618711 ], [ -111.013904263460802, 32.178085690737902 ], [ -111.012893759854009, 32.178158554203605 ], [ -111.012892924688728, 32.178158619481422 ], [ -111.011884165395514, 32.178203561964438 ], [ -111.01188363921564, 32.178203585255751 ], [ -111.011879435069147, 32.178203772526018 ], [ -111.011879899301746, 32.178147178406661 ], [ -111.011883177643981, 32.17774757564947 ], [ -111.011883207139704, 32.177743949576609 ], [ -111.011873993178213, 32.177743984675061 ], [ -111.011841357806318, 32.177744107455055 ], [ -111.011633610829236, 32.177739933742615 ], [ -111.011633084990947, 32.177739922765625 ], [ -111.011629772002976, 32.177739853067777 ], [ -111.011629734892423, 32.177739852802254 ], [ -111.011628894153432, 32.177739838670277 ], [ -111.011629184083091, 32.177683835808779 ], [ -111.01163222347374, 32.177096987555231 ], [ -111.011634899063424, 32.176601793891862 ], [ -111.011638453768427, 32.175915650710145 ], [ -111.011642146768494, 32.175215506528779 ], [ -111.011647420295532, 32.174173599087567 ], [ -111.011647438061686, 32.174169980143638 ], [ -111.011638401488284, 32.17417002010535 ], [ -111.00736646367352, 32.17418883410798 ], [ -111.007365586830119, 32.174188828706853 ], [ -111.005288687470127, 32.174175428169264 ], [ -111.005287810528529, 32.174175432673238 ], [ -111.004164932674527, 32.174181758095322 ], [ -111.004164055795954, 32.174181756279111 ], [ -111.003130747883603, 32.174179447729166 ], [ -111.003129871050277, 32.174179441396902 ], [ -111.002541679483627, 32.174198305423815 ], [ -111.002320385880225, 32.174198378083538 ], [ -111.002320034907811, 32.174198378252157 ], [ -111.002319508983831, 32.174198378058051 ], [ -111.00231511179679, 32.174198376035129 ], [ -111.002314234990507, 32.174198366991916 ], [ -111.002314256907496, 32.174198295905292 ], [ -111.002331390640464, 32.174142180368825 ], [ -111.002536842166961, 32.173469318356531 ], [ -111.002591932677717, 32.17325221797249 ], [ -111.002655891870802, 32.173036985305714 ], [ -111.002728717968097, 32.17282379258009 ], [ -111.002810408346747, 32.17261289678418 ], [ -111.002894977334307, 32.172417055325248 ], [ -111.002987197195637, 32.17222375902886 ], [ -111.00308686259757, 32.172033179547775 ], [ -111.003193770340246, 32.17184548764758 ], [ -111.004005632592992, 32.170501602309237 ], [ -111.004095822252324, 32.170369623452039 ], [ -111.004146482059141, 32.170292506697159 ], [ -111.004591423681035, 32.169748446654907 ], [ -111.004818438274057, 32.169485319224187 ], [ -111.004824431271302, 32.169478372284139 ], [ -111.00482484802157, 32.169478791936541 ], [ -111.004824898300427, 32.169478853623843 ], [ -111.004828289266285, 32.169482346528987 ], [ -111.004828569483763, 32.169482635332798 ], [ -111.005147266456774, 32.169810951394979 ], [ -111.005154263212205, 32.169818303077975 ], [ -111.005161055753632, 32.169825825540038 ], [ -111.005167442650446, 32.169833516427957 ], [ -111.005173624479966, 32.169841463763376 ], [ -111.005179402578193, 32.169849493864071 ], [ -111.005184975609069, 32.169857780412308 ], [ -111.005190143848282, 32.169866149718302 ], [ -111.005194905580424, 32.169874774020542 ], [ -111.005199263373896, 32.169883395412278 ], [ -111.005203416952952, 32.169892187583343 ], [ -111.005207165947056, 32.169901148188295 ], [ -111.005210509088812, 32.169910191543558 ], [ -111.00521344848957, 32.169919318566208 ], [ -111.005215024255008, 32.169924623700489 ], [ -111.00521618454674, 32.169928528896385 ], [ -111.005218313302507, 32.169937821427396 ], [ -111.005220240618883, 32.169947112507046 ], [ -111.005221763133605, 32.16995648724653 ], [ -111.005222880864522, 32.169965943842293 ], [ -111.005223594646679, 32.169975398429578 ], [ -111.005223904497967, 32.169984849204795 ], [ -111.00522930181512, 32.170457946501898 ], [ -111.005229943879868, 32.170514208597154 ], [ -111.005230820777385, 32.170514204994703 ], [ -111.005234073987452, 32.170514181537442 ], [ -111.005234600070182, 32.170514163683606 ], [ -111.006332082501672, 32.170503675633633 ], [ -111.007432201399652, 32.170493118546354 ], [ -111.007978826907092, 32.1704878545846 ], [ -111.009031272035045, 32.170477800587314 ], [ -111.0106473107912, 32.170462326002749 ], [ -111.011657520907775, 32.170452607801813 ], [ -111.011666829982246, 32.17045253010324 ], [ -111.01166683055294, 32.170452472389734 ], [ -111.011676049972195, 32.168682539883577 ], [ -111.011678499939649, 32.168210107240419 ], [ -111.011685468135667, 32.166853347646622 ], [ -111.011685486639749, 32.16684976026815 ], [ -111.011676446326419, 32.166849715441096 ], [ -111.009807861487673, 32.166840351026636 ], [ -111.009806984740891, 32.166840342938379 ], [ -111.008673233848072, 32.166829972713259 ], [ -111.008672882939265, 32.166829969292934 ], [ -111.008672357101673, 32.166829964617143 ], [ -111.008669122572002, 32.166829935089943 ], [ -111.008668245807712, 32.16682992879737 ], [ -111.008667292644276, 32.166773815940438 ], [ -111.008665468682466, 32.166666433683687 ], [ -111.008665464745661, 32.166666189257462 ], [ -111.008665378390972, 32.166661106783316 ], [ -111.008665377165173, 32.166661016590758 ], [ -111.008665371823653, 32.166660700007476 ], [ -111.008657636943596, 32.166664264469333 ], [ -111.008656058441503, 32.166664991745151 ], [ -111.008628848949883, 32.166677531303662 ], [ -111.008591529277581, 32.166693241297011 ], [ -111.008553614258474, 32.166707829629139 ], [ -111.008551460854733, 32.166708581635852 ], [ -111.008515308287997, 32.166721212994041 ], [ -111.008476203621115, 32.166733559813444 ], [ -111.008436708014329, 32.166744700762912 ], [ -111.008396819339751, 32.16675463672869 ], [ -111.008356877708778, 32.166763390894474 ], [ -111.008356538752778, 32.1667634651171 ], [ -111.007668217928142, 32.166768558889558 ], [ -111.007667341164691, 32.166768552590057 ], [ -111.007662292409265, 32.166768430640303 ], [ -111.007657043931388, 32.166768135004403 ], [ -111.007651999648203, 32.166767669486333 ], [ -111.007646753722739, 32.166767116844703 ], [ -111.007641711800545, 32.166766306841296 ], [ -111.007636671780446, 32.166765412078661 ], [ -111.007631631560002, 32.166764430737985 ], [ -111.007626594952242, 32.166763192399429 ], [ -111.007621760637306, 32.166761868937797 ], [ -111.00761692802412, 32.166760374139123 ], [ -111.007612096270861, 32.16675879277004 ], [ -111.007607266219395, 32.166757040063914 ], [ -111.007602639302661, 32.166755117468135 ], [ -111.007598014306083, 32.166753108309571 ], [ -111.00759359244428, 32.166750929261397 ], [ -111.007589172293279, 32.166748577974396 ], [ -111.007584954426264, 32.166746142466224 ], [ -111.007580738470466, 32.166743621297115 ], [ -111.007576523165369, 32.166740927881563 ], [ -111.007572937672705, 32.166738445512308 ], [ -111.00757251120443, 32.166738150252513 ], [ -111.007568703447433, 32.166735201839764 ], [ -111.007565195275149, 32.166732407088325 ], [ -111.007564895472399, 32.166732168652622 ], [ -111.007561290850461, 32.16672905035022 ], [ -111.007557889581619, 32.166725846932586 ], [ -111.007554488945587, 32.166722473072156 ], [ -111.007551291662651, 32.1667190140965 ], [ -111.007548297732797, 32.166715470005656 ], [ -111.00754530273403, 32.16671192680888 ], [ -111.007542511939164, 32.166708212828524 ], [ -111.007539924488398, 32.166704414634751 ], [ -111.007537336828534, 32.166700530764857 ], [ -111.007535154154837, 32.166696649805168 ], [ -111.007532972131827, 32.166692596599177 ], [ -111.007530992601971, 32.166688544848256 ], [ -111.007529013063348, 32.166684493999085 ], [ -111.007527439170232, 32.166680272912124 ], [ -111.007526067761219, 32.16667605418197 ], [ -111.007524695292176, 32.166671835444248 ], [ -111.007523526175987, 32.166667531591415 ], [ -111.007522559543844, 32.166663230095459 ], [ -111.007521795204326, 32.166658843476803 ], [ -111.007521231437721, 32.166654544875882 ], [ -111.007520669591202, 32.166650159712354 ], [ -111.007520510610064, 32.16664577744384 ], [ -111.007520352689127, 32.166641395182985 ], [ -111.007520598484405, 32.166636930148691 ], [ -111.007520844479998, 32.16663255169221 ], [ -111.007520866938364, 32.166629543324056 ], [ -111.007525189023212, 32.166053583439549 ], [ -111.00752521605429, 32.16605000784822 ], [ -111.007516045724742, 32.166049932029729 ], [ -111.007355511968044, 32.166048603365006 ], [ -111.007355432455668, 32.166048602793531 ], [ -111.007354635220537, 32.166048596161659 ], [ -111.007353941650052, 32.16604989433187 ], [ -111.007352910183556, 32.16605212076972 ], [ -111.00735287787694, 32.16605217104042 ], [ -111.007351473742901, 32.166054343395047 ], [ -111.007350240635787, 32.16605648270906 ], [ -111.007348806106194, 32.166058619673514 ], [ -111.007347169936025, 32.166060669514138 ], [ -111.007345533765772, 32.16606271935472 ], [ -111.007343898446493, 32.166064683526862 ], [ -111.007342060644532, 32.166066645341779 ], [ -111.007340224744738, 32.166068522397651 ], [ -111.007338187213293, 32.166070311427823 ], [ -111.007336351113182, 32.166072101905826 ], [ -111.007334113001221, 32.166073803819735 ], [ -111.007332077171625, 32.16607542151295 ], [ -111.007329839701441, 32.1660769520823 ], [ -111.007327603300297, 32.166078481757431 ], [ -111.00732516525855, 32.166079924308654 ], [ -111.007322728067763, 32.16608128119141 ], [ -111.007320290876933, 32.166082638074109 ], [ -111.007311459784717, 32.166085874422478 ], [ -111.006442324587923, 32.166404397629805 ], [ -111.006442130901874, 32.166404470186983 ], [ -111.005960984287057, 32.166405763904322 ], [ -111.005960633335292, 32.166405764985385 ], [ -111.005960107437772, 32.166405766610772 ], [ -111.005956433647995, 32.166405770827751 ], [ -111.005956382759891, 32.166405770461424 ], [ -111.00595555577442, 32.166405769919443 ], [ -111.00596068939376, 32.166356758650494 ], [ -111.005961659185829, 32.166349545522301 ], [ -111.005986426576655, 32.166165386462005 ], [ -111.006022379284403, 32.165881058762338 ], [ -111.006055919965362, 32.165615783028137 ], [ -111.006336960354048, 32.163209855913692 ], [ -111.006328707279224, 32.163085155340724 ], [ -111.00633556728323, 32.163030839213171 ], [ -111.007404391824679, 32.163036133257052 ], [ -111.007400607356288, 32.161342878163026 ], [ -111.007545439916228, 32.161342291991147 ], [ -111.007929517374095, 32.161340735813177 ], [ -111.007929477797731, 32.161326992416974 ], [ -111.007929086483813, 32.161188469064861 ], [ -111.007923562822114, 32.159759217708682 ], [ -111.008459067685862, 32.159759407469615 ], [ -111.00845948464287, 32.15971737306662 ], [ -111.00953521434414, 32.159703364629934 ], [ -111.009534533398011, 32.159562257180909 ], [ -111.009475623451294, 32.159165583166711 ], [ -111.009477130828472, 32.159014409741999 ], [ -111.009473343312806, 32.158473478670857 ], [ -111.007579718827515, 32.158467943926865 ], [ -111.007097683418408, 32.158465680999051 ], [ -111.007096877741844, 32.158465677011144 ], [ -111.007120487500984, 32.158362565477312 ], [ -111.007174111414813, 32.158128358380083 ], [ -111.007235623031349, 32.157872645881568 ], [ -111.007341854209301, 32.157404823923592 ], [ -111.007399885218931, 32.157153725351357 ], [ -111.00741572394989, 32.15708408825526 ], [ -111.007726177229713, 32.155716211793177 ], [ -111.007735878199327, 32.15567479147429 ], [ -111.007794912017445, 32.155424215684867 ], [ -111.008070285386097, 32.154252710330283 ], [ -111.008100984866303, 32.15413026529648 ], [ -111.008136118303, 32.154008711539433 ], [ -111.008175483224065, 32.153888046699855 ], [ -111.008219481984511, 32.153768531588234 ], [ -111.008267709841121, 32.153650249870665 ], [ -111.008320164878896, 32.153533286301382 ], [ -111.008376846216635, 32.15341772834708 ], [ -111.008437752361417, 32.153303832113721 ], [ -111.008514138051154, 32.153171631379422 ], [ -111.008595849761278, 32.153041854178554 ], [ -111.008668600940297, 32.152935001413596 ], [ -111.008745169403198, 32.152830065345 ], [ -111.008812266603215, 32.152743443471692 ], [ -111.008881771529502, 32.152658385487179 ], [ -111.008953948098267, 32.152574788667245 ], [ -111.009071025294418, 32.152451520869839 ], [ -111.009192573975454, 32.152331531646539 ], [ -111.009318733251021, 32.15221501046652 ], [ -111.009449298740179, 32.152102042427522 ], [ -111.009584070093013, 32.151992626981752 ], [ -111.009723043917447, 32.151887106790802 ], [ -111.009865816145293, 32.151785393270778 ], [ -111.010012385077303, 32.151687658648278 ], [ -111.010162750094167, 32.1515940733536 ], [ -111.010316507328454, 32.151504636284656 ], [ -111.010473518160595, 32.151419537626708 ], [ -111.010611030129496, 32.151352725554275 ], [ -111.010745817137476, 32.151282308106751 ], [ -111.010878015085652, 32.151208262817526 ], [ -111.011007418724404, 32.151130762280673 ], [ -111.011133827716108, 32.151049804169226 ], [ -111.011257441758559, 32.15096556127029 ], [ -111.011377656428976, 32.150877944495079 ], [ -111.011494467285644, 32.15078729561867 ], [ -111.011608078459687, 32.150693446564318 ], [ -111.012137589375868, 32.150180284157237 ], [ -111.012222545546408, 32.150063809960578 ], [ -111.012302881267175, 32.149944810898795 ], [ -111.012378392606806, 32.149823543449706 ], [ -111.012442298470432, 32.149711814762448 ], [ -111.012501153186506, 32.149600392649752 ], [ -111.012555983663503, 32.149487481676609 ], [ -111.01260658681835, 32.149373252648985 ], [ -111.012645912214253, 32.149276294444071 ], [ -111.012687614987897, 32.149163461877201 ], [ -111.012725289557096, 32.149049655391906 ], [ -111.012758932970129, 32.14893496064564 ], [ -111.01278854650667, 32.14881946422755 ], [ -111.012814127206838, 32.148703252696151 ], [ -111.012834810512558, 32.148590043578679 ], [ -111.012835473817674, 32.148586419309872 ], [ -111.012816438790551, 32.148586516938231 ], [ -111.012024924661773, 32.148590581438015 ], [ -111.012024047964417, 32.14859058599319 ], [ -111.011885222277385, 32.148591315156104 ], [ -111.011884345580043, 32.148591319710278 ], [ -111.011657783330108, 32.148592508944397 ], [ -111.011656906704061, 32.148592506282782 ], [ -111.011596664162681, 32.148592344207451 ], [ -111.011596313296707, 32.148592343501839 ], [ -111.011595787536649, 32.148592341545431 ], [ -111.011592520602221, 32.14859233080692 ], [ -111.011591643994009, 32.148592326341301 ], [ -111.011591211467959, 32.148537830446692 ], [ -111.011591214145895, 32.148536164766725 ], [ -111.011591427946783, 32.148411751104838 ], [ -111.011591636521615, 32.148290440635996 ], [ -111.011592043899412, 32.148249211406778 ], [ -111.011600598988252, 32.1474447299018 ], [ -111.011606465628688, 32.146891831774411 ], [ -111.01161233890339, 32.146338246443683 ], [ -111.011618109344937, 32.145795054043731 ], [ -111.011628852995244, 32.14478932315015 ], [ -111.011742850040633, 32.134105500985456 ], [ -111.011742860217794, 32.134104470252389 ], [ -111.011746286885298, 32.133696124274046 ], [ -111.011746303736601, 32.133692914737296 ], [ -111.01174630444001, 32.13369284349676 ], [ -111.011776603372439, 32.127811572014608 ], [ -111.011776621808863, 32.127807986417594 ], [ -111.01176758435895, 32.127807934444995 ], [ -111.011618078624835, 32.127807069522611 ], [ -111.010283391398332, 32.127805166537058 ], [ -111.009738514922091, 32.127802295064427 ], [ -111.009426383069766, 32.127801872197985 ], [ -111.008336800831614, 32.127800319734348 ], [ -111.008328120642275, 32.127800257453714 ], [ -111.007639765496492, 32.127790678412829 ], [ -111.007608900118527, 32.127790874333435 ], [ -111.007608066000699, 32.127790880067799 ], [ -111.007608014795736, 32.127794333758047 ], [ -111.007606274390028, 32.127910526410453 ], [ -111.007606077628949, 32.1279303682444 ], [ -111.007599953282948, 32.128385081180568 ], [ -111.007599893653094, 32.128391094239632 ], [ -111.007600042236547, 32.128662950378065 ], [ -111.007600072907977, 32.12871906324979 ], [ -111.007604241853613, 32.128719097695843 ], [ -111.007604767472358, 32.128719102372102 ], [ -111.007672715808255, 32.128719660627006 ], [ -111.007682842511613, 32.128719744162012 ], [ -111.007682729705053, 32.128723318256448 ], [ -111.007681663642387, 32.128757188322126 ], [ -111.007679230755912, 32.128982230199057 ], [ -111.00769511902088, 32.129212385398056 ], [ -111.007694263882968, 32.129298623368705 ], [ -111.007692847751684, 32.129421021197963 ], [ -111.007691432663293, 32.129543419934208 ], [ -111.007690218927308, 32.129665819211986 ], [ -111.007688802772549, 32.129788217033969 ], [ -111.007687589871097, 32.129910530638 ], [ -111.007686533350892, 32.129996767153138 ], [ -111.007684069492569, 32.13022481550734 ], [ -111.007681252309311, 32.130447878636765 ], [ -111.007680812879642, 32.130695784749747 ], [ -111.007686420907461, 32.13092423373952 ], [ -111.007685897591955, 32.130997417195928 ], [ -111.007685008643833, 32.131107363433365 ], [ -111.007684120750014, 32.131217309676472 ], [ -111.007682343886231, 32.131437202149264 ], [ -111.007681858687079, 32.131547151278291 ], [ -111.007679716349728, 32.131763175819479 ], [ -111.007679695677851, 32.131765580884334 ], [ -111.007679422177034, 32.131800747161122 ], [ -111.007679421461589, 32.131800819303358 ], [ -111.007670126318544, 32.131800743539266 ], [ -111.007474835008665, 32.131799157076237 ], [ -111.007450204923003, 32.131798980173542 ], [ -111.006757540615425, 32.131793316027377 ], [ -111.00537128541103, 32.131782059878127 ], [ -111.005370759775076, 32.131782055192268 ], [ -111.005367393978986, 32.131782028256652 ], [ -111.005366559950588, 32.131782021350688 ], [ -111.005367020314466, 32.131725911153197 ], [ -111.005371426991488, 32.131188876094768 ], [ -111.005371456280074, 32.131185290581477 ], [ -111.005362251070139, 32.13118523694019 ], [ -111.003245814027707, 32.131172821318998 ], [ -111.003157221293904, 32.13117228394438 ], [ -111.003056770770982, 32.131171674456887 ], [ -111.003056245120916, 32.131171671565021 ], [ -111.003052921667987, 32.131171652088433 ], [ -111.003052879277575, 32.131171651782516 ], [ -111.003052045246307, 32.13117164576316 ], [ -111.003052499784857, 32.131115516603828 ], [ -111.003060958743092, 32.130070755914502 ], [ -111.003063460852118, 32.129846083643677 ], [ -111.003064986918332, 32.129709024588657 ], [ -111.003065846023375, 32.129631865575874 ], [ -111.003069517091205, 32.129550532388201 ], [ -111.003073604661921, 32.129459947501701 ], [ -111.003083972086728, 32.129321357786907 ], [ -111.003089615225619, 32.129261526116217 ], [ -111.003097477858262, 32.129201881811781 ], [ -111.003107349298716, 32.129142509027716 ], [ -111.003119454180307, 32.12908341209009 ], [ -111.003133566811115, 32.129024585762167 ], [ -111.003149694990654, 32.128966204155148 ], [ -111.003166587666485, 32.128912036959235 ], [ -111.003185496749865, 32.128858227912318 ], [ -111.003206014652434, 32.128804945422473 ], [ -111.003228344831427, 32.128752191858759 ], [ -111.003308765947168, 32.128563103869652 ], [ -111.003325061276811, 32.128528346295404 ], [ -111.003339947406786, 32.128493234048257 ], [ -111.003353425174012, 32.128457683263427 ], [ -111.003365291130038, 32.128421690669946 ], [ -111.003375747028358, 32.128385429975637 ], [ -111.003384793724038, 32.128348815512034 ], [ -111.003392226035061, 32.128312018051098 ], [ -111.003398247439833, 32.128275038159224 ], [ -111.003402655523303, 32.128237875278231 ], [ -111.003405651850571, 32.128200615635564 ], [ -111.003407032938057, 32.128163259567089 ], [ -111.003407001419475, 32.128125892406032 ], [ -111.003405354880144, 32.128088513594015 ], [ -111.003402091606119, 32.128051295370554 ], [ -111.003397414869056, 32.128014152625056 ], [ -111.003391120350329, 32.127977169558449 ], [ -111.003391042435055, 32.127976799241011 ], [ -111.003383411509674, 32.127940348540129 ], [ -111.003374286641815, 32.127903860907608 ], [ -111.003363543135166, 32.12786761952389 ], [ -111.003351383604695, 32.127831711525346 ], [ -111.003337604791625, 32.127796221120221 ], [ -111.003322610451349, 32.127761151220909 ], [ -111.003180099687341, 32.12745483311479 ], [ -111.003161875443325, 32.127419739889866 ], [ -111.003144665194142, 32.127384139027257 ], [ -111.00312846830019, 32.127348200970957 ], [ -111.003109550433777, 32.127301678193867 ], [ -111.003092455982255, 32.127254567945236 ], [ -111.00307738439335, 32.127206955536451 ], [ -111.003064133643718, 32.127159013565795 ], [ -111.003052704593415, 32.127110655463184 ], [ -111.003043295826771, 32.127062053110386 ], [ -111.003035910295907, 32.127013122657758 ], [ -111.003035843026382, 32.1270125350729 ], [ -111.003030341971666, 32.126964119643887 ], [ -111.003026794981452, 32.12691487238834 ], [ -111.003025266733744, 32.126865640603157 ], [ -111.003023999297014, 32.126587661066864 ], [ -111.003023998947299, 32.126587589818776 ], [ -111.003014188703588, 32.124654910903537 ], [ -111.003011357599505, 32.123060604568757 ], [ -111.003011351515511, 32.123057067496774 ], [ -111.003012186568569, 32.123057069915539 ], [ -111.003096921286584, 32.123057300796624 ], [ -111.003205136096227, 32.123057594613705 ], [ -111.005088157320742, 32.123070135734778 ], [ -111.006250915966945, 32.123077815158183 ], [ -111.007044743778124, 32.12308309624234 ], [ -111.007054349721216, 32.123083159846111 ], [ -111.007054344069957, 32.123083088559873 ], [ -111.00693298587565, 32.121550210865308 ], [ -111.006932717560375, 32.121546813496217 ], [ -111.006928401499266, 32.121546579568985 ], [ -111.00637422081374, 32.121516513243975 ], [ -111.005969069686316, 32.121494443604995 ], [ -111.005246092881293, 32.121455174075052 ], [ -111.005245567537628, 32.121455145943528 ], [ -111.005241694213538, 32.121454935888373 ], [ -111.00523680255867, 32.121398960228653 ], [ -111.005195110207893, 32.120921844629464 ], [ -111.005180977824679, 32.120759476893369 ], [ -111.005074674787494, 32.119715101783633 ], [ -111.005074307959902, 32.119711494473449 ], [ -111.005071282523758, 32.119711492531465 ], [ -111.004860323550972, 32.119711328058351 ], [ -111.004646603048485, 32.119704978339023 ], [ -111.004433145435968, 32.119692445309951 ], [ -111.004220152292817, 32.119673816100772 ], [ -111.00403344023573, 32.119651424994579 ], [ -111.003846072583443, 32.119634010671092 ], [ -111.003658251892404, 32.119621661164651 ], [ -111.003469976865631, 32.119614290788448 ], [ -111.003274376985672, 32.119612794206517 ], [ -111.003197928666992, 32.119612185868981 ], [ -111.003197403092187, 32.119612182077162 ], [ -111.003193222892023, 32.119612149213054 ], [ -111.003193340876294, 32.119570943934683 ], [ -111.003193383420083, 32.119556034965456 ], [ -111.003194020803846, 32.119332583491563 ], [ -111.00319403124152, 32.119328982505792 ], [ -111.003185127854792, 32.119328961559582 ], [ -111.002997412783671, 32.119328526096126 ], [ -111.002708175574853, 32.119327853577495 ], [ -110.994710805629666, 32.119309002503826 ], [ -110.994710763235787, 32.119309003096987 ], [ -110.994709929196503, 32.119309008747784 ], [ -110.991594282361788, 32.119330560304256 ], [ -110.960754019072922, 32.119526217807419 ], [ -110.960751959765346, 32.119539768619404 ], [ -110.960751899479135, 32.119540164071452 ], [ -110.960649551561289, 32.120213489541179 ], [ -110.960687442101786, 32.120587269376571 ], [ -110.96074976594484, 32.120844323824173 ], [ -110.960824263747938, 32.121366643119103 ], [ -110.960828424458185, 32.121412974916446 ], [ -110.960848984044432, 32.121667738057042 ], [ -110.960892108730135, 32.123166419271456 ], [ -110.961134456839275, 32.128639222690602 ], [ -110.961138591039486, 32.128726871915134 ], [ -110.961205571573302, 32.129544974250074 ], [ -110.961277649808721, 32.130416457705188 ], [ -110.961284074974131, 32.130516666044159 ], [ -110.96130877251467, 32.130975214802874 ], [ -110.961299939748997, 32.132229459233834 ], [ -110.961396904903935, 32.134025843841627 ], [ -110.963823029208697, 32.134041037256758 ], [ -110.966863902517616, 32.133963646154797 ], [ -110.967971144908674, 32.133963616444852 ], [ -110.969185849700182, 32.133997883824051 ], [ -110.969203327232265, 32.135549282546982 ], [ -110.969207955913632, 32.135843696768099 ], [ -110.969211209619814, 32.13632974382601 ], [ -110.969205701211749, 32.136960122031745 ], [ -110.969204030708028, 32.137141273296479 ], [ -110.969212861047581, 32.137615163751413 ], [ -110.969214251722846, 32.137968824181215 ], [ -110.96920147179064, 32.138755743675951 ], [ -110.970625676562733, 32.138804708472911 ], [ -110.973340177083813, 32.138808904846307 ], [ -110.973331993222644, 32.139603848695423 ], [ -110.97480073588558, 32.139603791541099 ], [ -110.976821273473121, 32.139647329886863 ], [ -110.977171250024668, 32.139661696218973 ], [ -110.977487575759952, 32.139649612603044 ], [ -110.977657834743169, 32.139645463913574 ], [ -110.977663554205407, 32.14014739801798 ], [ -110.977667296029708, 32.140475758745808 ], [ -110.977661476705279, 32.141339182742691 ], [ -110.977661030136574, 32.142026982069282 ], [ -110.977660629263411, 32.142643395819917 ], [ -110.977640769856833, 32.143258513496093 ], [ -110.977583708298411, 32.145025863279614 ], [ -110.977571143631565, 32.146428774066429 ], [ -110.977547378897285, 32.14868776634313 ], [ -110.977547093450752, 32.14873390759432 ], [ -110.977538146410595, 32.150179092738952 ], [ -110.977543187635078, 32.150731208190599 ], [ -110.977554806220155, 32.151429746734323 ], [ -110.977553275455293, 32.15234706052933 ], [ -110.977531358220347, 32.153224021756998 ], [ -110.977535009485308, 32.154128316073745 ], [ -110.977531577067765, 32.155073532596184 ], [ -110.977529130612197, 32.155942220220332 ], [ -110.977528823708838, 32.157763981419784 ], [ -110.97752382830663, 32.159609672672794 ], [ -110.977529684541551, 32.162208613931384 ], [ -110.977500671943446, 32.163245208968348 ], [ -110.976371220882385, 32.163249189562293 ], [ -110.974341771745756, 32.16327515015297 ], [ -110.97370541530934, 32.16327058122998 ], [ -110.97320594958606, 32.163270207130431 ], [ -110.971593490940265, 32.163283942713107 ], [ -110.971448806354687, 32.16329119482301 ], [ -110.971315704411623, 32.163291574762283 ], [ -110.969182950642491, 32.16328807626801 ], [ -110.969164934662871, 32.163290016468302 ], [ -110.968924949694227, 32.163315864722421 ], [ -110.968215502794834, 32.163399546738319 ], [ -110.96807038482072, 32.163416663198284 ], [ -110.968165565221923, 32.165126951579936 ], [ -110.968187629995171, 32.167772995928267 ], [ -110.968186707157429, 32.168349375612017 ], [ -110.968189440434159, 32.168806725407784 ], [ -110.968200071162002, 32.170431595418059 ], [ -110.968217353360316, 32.171336675950577 ], [ -110.968215679581164, 32.172238780680047 ], [ -110.968226310770731, 32.173161936119911 ], [ -110.968227484502279, 32.174101084854705 ], [ -110.968234974198538, 32.175035040264675 ], [ -110.96824402670498, 32.175954576148008 ], [ -110.968248716788054, 32.176885674944579 ], [ -110.968249323274861, 32.177860039016743 ], [ -110.967960022715644, 32.17787335216115 ], [ -110.967238229161552, 32.177906569114541 ], [ -110.965837781251821, 32.177884710918171 ], [ -110.964358594107338, 32.177897806339615 ], [ -110.962886656073692, 32.177893760138545 ], [ -110.961674233143469, 32.177953073777239 ], [ -110.961640951862933, 32.177948441406599 ], [ -110.961631832784349, 32.178183393236843 ], [ -110.961606468522902, 32.185914508386645 ], [ -110.961594719661278, 32.18595655043697 ], [ -110.961622480068229, 32.185963805162274 ], [ -110.961672347704621, 32.185977284404331 ], [ -110.962478974030461, 32.186195327884633 ], [ -110.962688609178386, 32.186251994892906 ], [ -110.962760454862106, 32.18627141931357 ], [ -110.962786195133972, 32.186278381686748 ], [ -110.962786243780073, 32.186278394679242 ], [ -110.963236617878351, 32.186400355153559 ], [ -110.963275926882545, 32.186410986453794 ], [ -110.963277104967872, 32.186411301054903 ], [ -110.9632882403764, 32.186414308729013 ], [ -110.963300941877321, 32.186417744852982 ], [ -110.963307108098078, 32.186419412824684 ], [ -110.963307720398888, 32.186419577064143 ], [ -110.963308690114431, 32.186419839591764 ], [ -110.963317129984446, 32.186422118105909 ], [ -110.963318956273739, 32.186422611645973 ], [ -110.963318715897103, 32.186257555154739 ], [ -110.963317129124889, 32.186206409447621 ], [ -110.963317129991353, 32.186206224579045 ], [ -110.963317225191062, 32.186206247842406 ], [ -110.963319448050768, 32.18620674527358 ], [ -110.96333960978815, 32.186211211604594 ], [ -110.963592664896922, 32.18626711138824 ], [ -110.963593008761279, 32.186267187027738 ], [ -110.96383572731942, 32.186321095651913 ], [ -110.96426367482826, 32.186437895502124 ], [ -110.964774706873541, 32.186577352787211 ], [ -110.965123586455206, 32.186672574446135 ], [ -110.965243298265591, 32.186706097870328 ], [ -110.965244539535206, 32.186706456216385 ], [ -110.965245706961994, 32.186706777031873 ], [ -110.965248355044707, 32.186707585152227 ], [ -110.965251853365061, 32.186708520513925 ], [ -110.965256872626981, 32.18670994438515 ], [ -110.965368291473354, 32.186741544830745 ], [ -110.96537463773042, 32.186742936292816 ], [ -110.965637075076117, 32.186800510545282 ], [ -110.965639942421078, 32.186801139940314 ], [ -110.965719793324823, 32.186818658701114 ], [ -110.965867275684161, 32.186851012348718 ], [ -110.966004120364857, 32.18688103309271 ], [ -110.966031242524664, 32.186886803959347 ], [ -110.966049671029111, 32.186890725655054 ], [ -110.966050194878306, 32.186891136317868 ], [ -110.966322304470339, 32.187102328329765 ], [ -110.966382740588784, 32.18714923481371 ], [ -110.966468799235543, 32.187216027040165 ], [ -110.966638684661859, 32.187348073166881 ], [ -110.966641738572875, 32.187350448080053 ], [ -110.966782359911861, 32.187421382625935 ], [ -110.966843567434864, 32.187452258345807 ], [ -110.966865400823337, 32.187463272235235 ], [ -110.966932192303446, 32.187496963877692 ], [ -110.967094856711469, 32.18757408693471 ], [ -110.967287487600402, 32.187665303082163 ], [ -110.967324815631017, 32.187682979591251 ], [ -110.967343211582246, 32.187691693180639 ], [ -110.96734379092652, 32.187691968980239 ], [ -110.967345814980916, 32.187692928389502 ], [ -110.967347184758083, 32.187693577167138 ], [ -110.967347771459686, 32.187693859334736 ], [ -110.967348625334438, 32.187693024336838 ], [ -110.967349492882121, 32.187692200263484 ], [ -110.967350374102708, 32.187691387114739 ], [ -110.96735574952514, 32.18768690929592 ], [ -110.967361547139049, 32.187682828745629 ], [ -110.967367724210021, 32.187679175805265 ], [ -110.967374240190111, 32.187675974519813 ], [ -110.967381048178225, 32.187673247984783 ], [ -110.967388100250417, 32.187671015680642 ], [ -110.967395347469079, 32.187669292571158 ], [ -110.967397683985553, 32.187668858292078 ], [ -110.967400033744397, 32.187668476418487 ], [ -110.967402394615448, 32.187668147836227 ], [ -110.967409985441577, 32.18766744547105 ], [ -110.967417618267177, 32.187667294438803 ], [ -110.967425239011831, 32.187667694333548 ], [ -110.967432792553382, 32.187668642937894 ], [ -110.967440223816496, 32.187670133525664 ], [ -110.967447479893437, 32.187672154877852 ], [ -110.967449002993391, 32.187672642475782 ], [ -110.967451407899034, 32.187673486602094 ], [ -110.967453782505089, 32.187674389119934 ], [ -110.967456125751141, 32.187675350021301 ], [ -110.967459129702746, 32.187676615289078 ], [ -110.96746207648907, 32.187677973016221 ], [ -110.967464962947631, 32.187679421375357 ], [ -110.967469303875262, 32.187681839296026 ], [ -110.967473476176608, 32.187684462470031 ], [ -110.967477467220348, 32.187687281784292 ], [ -110.967481626093871, 32.187690585738927 ], [ -110.967485535656877, 32.18769410335964 ], [ -110.967489181213438, 32.187697820106941 ], [ -110.967489446444688, 32.187698116094118 ], [ -110.967490119465637, 32.187698868762354 ], [ -110.967490780756663, 32.18769962765537 ], [ -110.967491432429171, 32.187700393690825 ], [ -110.967494181384083, 32.187703851196375 ], [ -110.967496708511774, 32.187707428784094 ], [ -110.967499006492318, 32.187711116478887 ], [ -110.96749947524205, 32.187711932545746 ], [ -110.967499932271195, 32.187712753935628 ], [ -110.967500378658883, 32.18771357885295 ], [ -110.967500641606719, 32.187714094869513 ], [ -110.967501655916095, 32.187716091919022 ], [ -110.967502057560935, 32.187716936340813 ], [ -110.967502447503932, 32.187717784282086 ], [ -110.967502825745029, 32.187718635742847 ], [ -110.967503547112258, 32.187720350124664 ], [ -110.967504221672002, 32.187722078584443 ], [ -110.967504848373181, 32.187723820212476 ], [ -110.967506878956641, 32.187730894977463 ], [ -110.967508123428033, 32.187738100018912 ], [ -110.967508571828901, 32.187745373035838 ], [ -110.967508571920447, 32.187746283884834 ], [ -110.967508559296505, 32.18774719373657 ], [ -110.967508534998743, 32.187748104402502 ], [ -110.967508498294336, 32.187748984313117 ], [ -110.967508450985875, 32.187749864144138 ], [ -110.967508390952545, 32.187750743879697 ], [ -110.967508386835476, 32.187750834031789 ], [ -110.967508179799168, 32.187753003182785 ], [ -110.967508056072489, 32.187754093468527 ], [ -110.967507915398045, 32.187755181823363 ], [ -110.967507755645684, 32.187756269133224 ], [ -110.967507380744337, 32.187758365779814 ], [ -110.967507272656562, 32.187758970998367 ], [ -110.967511352491584, 32.187758957428095 ], [ -110.96751205350327, 32.187758954572736 ], [ -110.967529059000015, 32.187758898225127 ], [ -110.967529759992956, 32.187758897173197 ], [ -110.967580560132902, 32.187758729198272 ], [ -110.967771732183053, 32.187758102119716 ], [ -110.967965023160659, 32.18775746810136 ], [ -110.968334504033493, 32.187761691151401 ], [ -110.968434519303003, 32.18776172502637 ], [ -110.969633994419638, 32.187762113739424 ], [ -110.97051517867753, 32.187760810970985 ], [ -110.970985277053003, 32.187958435204941 ], [ -110.971239647912782, 32.188065369608765 ], [ -110.971352296943977, 32.188131398683048 ], [ -110.971583195964072, 32.188266330137104 ], [ -110.971674157019663, 32.188323561828106 ], [ -110.971911708898986, 32.188473025796824 ], [ -110.972241625218629, 32.188679729289845 ], [ -110.972296956444168, 32.188714469750138 ], [ -110.972303707154126, 32.188718721787524 ], [ -110.972338128531106, 32.188740318829268 ], [ -110.972427820217831, 32.188796918243312 ], [ -110.97243336555853, 32.188800411853123 ], [ -110.972435332706553, 32.188801652127864 ], [ -110.972435413837374, 32.188801703236109 ], [ -110.972435600339679, 32.188801820062857 ], [ -110.972457217634968, 32.188801916528867 ], [ -110.972457898442059, 32.188801919808157 ], [ -110.972460578211951, 32.188801930797126 ], [ -110.972489522318511, 32.188802044984506 ], [ -110.972489950746095, 32.188802046379408 ], [ -110.972490017589678, 32.188802043271131 ], [ -110.972490631534598, 32.188802051462041 ], [ -110.972490703745422, 32.188802042081001 ], [ -110.9724917111986, 32.188802044191441 ], [ -110.972840346691271, 32.188692363243568 ], [ -110.973179504510426, 32.188537474900421 ], [ -110.973183243406567, 32.188535767671745 ], [ -110.973183924193222, 32.188535772750612 ], [ -110.974496361958472, 32.188534070470169 ], [ -110.976017948646657, 32.188520446024128 ], [ -110.977471898811544, 32.188513117926142 ], [ -110.977472599839359, 32.188513114113931 ], [ -110.977481210452723, 32.188513071643044 ], [ -110.977531124205257, 32.1885128272583 ], [ -110.977531814619653, 32.188512824268749 ], [ -110.977539097341733, 32.188512796282609 ], [ -110.977539788816543, 32.18851279330088 ], [ -110.97754795825972, 32.188512751156736 ], [ -110.97754795594922, 32.188512872886783 ], [ -110.97754795330539, 32.188513027080262 ], [ -110.977548801731103, 32.188513024362138 ], [ -110.97754880261148, 32.188513351733334 ], [ -110.977548803422209, 32.188513582608074 ], [ -110.977548804293306, 32.188513910881063 ], [ -110.977548806567782, 32.188514412316003 ], [ -110.977548813021471, 32.188516365729939 ], [ -110.977548816746619, 32.188517655375975 ], [ -110.977548819465923, 32.188518320045645 ], [ -110.977549112184292, 32.188607135440428 ], [ -110.977552172281861, 32.189287665385947 ], [ -110.977551681230665, 32.18938051244713 ], [ -110.977551658408132, 32.189385213522193 ], [ -110.97755497649905, 32.190383885955441 ], [ -110.977556084750589, 32.190716005082535 ], [ -110.977561854838982, 32.192446191913518 ], [ -110.977568323856474, 32.194396262312033 ], [ -110.977570130061068, 32.194940853995398 ], [ -110.977573450467077, 32.195941870353039 ], [ -110.97757510882856, 32.196441465808668 ], [ -110.97757964839451, 32.197941628510925 ], [ -110.977580964487089, 32.19820606918438 ], [ -110.977584851349221, 32.198986777696 ], [ -110.977584946624063, 32.199366546945186 ], [ -110.977581897393506, 32.19936664424241 ], [ -110.977549412537087, 32.199367685380281 ], [ -110.977553397758669, 32.199595089645342 ], [ -110.977567754652995, 32.200414418134891 ], [ -110.977588731655032, 32.200613087316945 ], [ -110.977591642015852, 32.201545390291869 ], [ -110.977592277514532, 32.201748143353214 ], [ -110.977592875006692, 32.201938592470611 ], [ -110.977593582178457, 32.202164101004975 ], [ -110.977595779947748, 32.202864892641614 ], [ -110.977596965890484, 32.203030994007932 ], [ -110.977597158899925, 32.203089121026984 ], [ -110.97759723804451, 32.203110737554361 ], [ -110.977597235439134, 32.203112023543163 ], [ -110.977597240452411, 32.203113290650137 ], [ -110.977597252876009, 32.203116830421266 ], [ -110.977597253399267, 32.203116882731244 ], [ -110.977597258736381, 32.203118324795476 ], [ -110.97759735162245, 32.203142113930873 ], [ -110.9775974289538, 32.203153170026972 ], [ -110.977597403599574, 32.203154192512756 ], [ -110.977597408029993, 32.203155103392966 ], [ -110.977597412742767, 32.20315609002887 ], [ -110.977597413922567, 32.203156697870384 ], [ -110.977703071691323, 32.2031565491721 ], [ -110.966822837083171, 32.203210703648807 ], [ -110.964757063440658, 32.203220879826809 ], [ -110.960913753106382, 32.203241464901993 ], [ -110.960913323063053, 32.203240698705521 ], [ -110.960905456512151, 32.203713955059975 ], [ -110.960916502028866, 32.204760783699577 ], [ -110.960927442760592, 32.205797644391097 ], [ -110.960938555149184, 32.206850744506468 ], [ -110.961189000156239, 32.206848999508956 ], [ -110.96205400013551, 32.206842999244827 ], [ -110.962342000207698, 32.206841999058604 ], [ -110.962646999912138, 32.206838999085363 ], [ -110.963565000256921, 32.20683299881324 ], [ -110.963871999549028, 32.206830999359539 ], [ -110.965417999534139, 32.206824999347596 ], [ -110.966189000213006, 32.206806998770631 ], [ -110.966336999948354, 32.2068079995015 ], [ -110.966780999856141, 32.206813999235408 ], [ -110.966930000095374, 32.20681599879908 ], [ -110.967085999732248, 32.206816999227712 ], [ -110.967555999854568, 32.206822999430301 ], [ -110.967712999997829, 32.206824999508036 ], [ -110.967866000447927, 32.206827999261634 ], [ -110.968324999747693, 32.206836999200085 ], [ -110.968477999648684, 32.206841999364315 ], [ -110.968635000350986, 32.206836999218496 ], [ -110.968721000026193, 32.206834999000542 ], [ -110.969105999982361, 32.206811999029235 ], [ -110.96926400037654, 32.206804999027256 ], [ -110.969413000300975, 32.206800999410312 ], [ -110.96986000002363, 32.206788999504305 ], [ -110.970008999914313, 32.206784999183888 ], [ -110.970158999977144, 32.206784999468319 ], [ -110.970610000438839, 32.206784999523798 ], [ -110.97076099970495, 32.206784999356096 ], [ -110.970916999954184, 32.206783999315888 ], [ -110.971387000132282, 32.206780999461635 ], [ -110.971543999836953, 32.206780999032468 ], [ -110.971707000499748, 32.206782999325526 ], [ -110.972196000442722, 32.206788998928594 ], [ -110.972359999826693, 32.206792998880303 ], [ -110.972508999654337, 32.206788999218361 ], [ -110.972955999925446, 32.206779999565242 ], [ -110.973105999481049, 32.206777998799303 ], [ -110.973413999491285, 32.206773998708854 ], [ -110.974340000512342, 32.206763999181121 ], [ -110.974649000253478, 32.206761999277084 ], [ -110.975132999971663, 32.20676699883272 ], [ -110.976166999733763, 32.206768998974226 ], [ -110.97621799967385, 32.206768999581406 ], [ -110.976281000168896, 32.206767999118682 ], [ -110.976481449228785, 32.20676598900932 ], [ -110.9772691269403, 32.206748602158136 ], [ -110.977636791886127, 32.206740661215036 ], [ -110.977648194655799, 32.206740233667809 ], [ -110.977648173692913, 32.20674041568148 ], [ -110.977630670316245, 32.206897183095307 ], [ -110.977637101607385, 32.207942795394949 ], [ -110.977638404721802, 32.208150337415709 ], [ -110.977645353999378, 32.209283226880942 ], [ -110.977645994563957, 32.209397820628759 ], [ -110.977647026043627, 32.209553133915975 ], [ -110.977652742232763, 32.210491367036347 ], [ -110.977653345416201, 32.210589983700949 ], [ -110.977660973205687, 32.211853444413656 ], [ -110.977668602817062, 32.211995835662748 ], [ -110.977567748318179, 32.211997663027134 ], [ -110.976277721968188, 32.212073199696668 ], [ -110.975605732591987, 32.212002830202138 ], [ -110.975429183582179, 32.211976862584415 ], [ -110.974521175643559, 32.212004029179319 ], [ -110.974330970113996, 32.212008967588936 ], [ -110.973897393724116, 32.212020853152509 ], [ -110.973134603028484, 32.212016107421604 ], [ -110.97237726338723, 32.21201191274811 ], [ -110.97160096667001, 32.212023635165068 ], [ -110.970830415434591, 32.212026805895739 ], [ -110.970068407937774, 32.212024624940597 ], [ -110.969308099295901, 32.212033961236358 ], [ -110.968598249782659, 32.212068496869925 ], [ -110.968573554987302, 32.212070447195266 ], [ -110.968698948492388, 32.212217684583742 ], [ -110.969315451396682, 32.21290340078955 ], [ -110.969506763272065, 32.213123273883902 ], [ -110.96959740488181, 32.213229610993245 ], [ -110.969676463048089, 32.213342385080388 ], [ -110.969734103647156, 32.213474244571657 ], [ -110.969768039002659, 32.213611937150851 ], [ -110.969890990141849, 32.214305631344423 ], [ -110.96995577462404, 32.214645245708155 ], [ -110.970030206317574, 32.215087667442859 ], [ -110.970191281773793, 32.215944343421874 ], [ -110.970220894902383, 32.21608990618779 ], [ -110.970421229458026, 32.217195463225167 ], [ -110.970635920143735, 32.218398280982484 ], [ -110.97075845926517, 32.219074536785534 ], [ -110.970921958380032, 32.219952272808676 ], [ -110.971020180647997, 32.22045938020905 ], [ -110.971100927395014, 32.220909584137068 ], [ -110.971106878115165, 32.220942759929216 ], [ -110.971118961041057, 32.221010130129393 ], [ -110.971123212710339, 32.221009647893837 ], [ -110.971131116833874, 32.22106503132791 ], [ -110.971250215239621, 32.221899393150167 ], [ -110.971255137621441, 32.221927282854239 ], [ -110.971416111483876, 32.222839251313872 ], [ -110.971484240449527, 32.223245579591151 ], [ -110.971636832773129, 32.224155636216302 ], [ -110.971665666020797, 32.22432759723084 ], [ -110.971709355291736, 32.224869303166507 ], [ -110.971727284677058, 32.225091613601748 ], [ -110.971733592998376, 32.225165533783219 ], [ -110.97172868083598, 32.226382511966733 ], [ -110.971746927249654, 32.227705232498295 ], [ -110.971752172628342, 32.228942135313837 ], [ -110.971752346357746, 32.228983069536675 ], [ -110.971752391564095, 32.228993669922787 ], [ -110.971743709152193, 32.230301413996628 ], [ -110.971756811481868, 32.231613358155563 ], [ -110.971761681604761, 32.232080218536716 ], [ -110.971770610121297, 32.232936130050732 ], [ -110.97136284755878, 32.23293752746234 ], [ -110.971006558665835, 32.232938747811552 ], [ -110.970237060558418, 32.232940288473955 ], [ -110.970250051611487, 32.234221822580544 ], [ -110.969557207428068, 32.23423101685362 ], [ -110.969497030424108, 32.234231814860181 ], [ -110.96869088305607, 32.234219065060216 ], [ -110.968670876441692, 32.234218748141707 ], [ -110.968684007636028, 32.234881181996684 ], [ -110.968703016869625, 32.235840155089768 ], [ -110.968703638756807, 32.235871512549132 ], [ -110.96949050623688, 32.235854134995662 ], [ -110.969832950179537, 32.235848626347597 ], [ -110.970248213102181, 32.235841945088062 ], [ -110.971736463283349, 32.235844663858167 ], [ -110.973068617372618, 32.235837690906934 ], [ -110.97313582874321, 32.235837338732324 ], [ -110.97329778818883, 32.235836489939118 ], [ -110.97331154009548, 32.235836417645714 ], [ -110.974106872868575, 32.235821307435458 ], [ -110.974300384298544, 32.235819668221211 ], [ -110.974878063062775, 32.235814773511088 ], [ -110.975152946160478, 32.235804385684496 ], [ -110.975584376456112, 32.235788081157864 ], [ -110.975676571316527, 32.235785761029334 ], [ -110.975727773838869, 32.235784767913309 ], [ -110.976386995515966, 32.235771980060072 ], [ -110.977133074089565, 32.23578972643638 ], [ -110.977211097104529, 32.235789619313302 ], [ -110.977872343257175, 32.235826041400294 ], [ -110.977896129061122, 32.23582735169682 ], [ -110.97798944341929, 32.235824197696317 ], [ -110.979306673549843, 32.235779669270144 ], [ -110.980174141615777, 32.235747193457549 ], [ -110.980610908575301, 32.235730840056185 ], [ -110.980816819928279, 32.235716816781775 ], [ -110.981647715317109, 32.235742208755447 ], [ -110.982231507143879, 32.235740455875586 ], [ -110.982358019590649, 32.23574007554766 ], [ -110.982394521543711, 32.235741231914034 ], [ -110.983493214624161, 32.235776036830877 ], [ -110.983739177587125, 32.235778883699126 ], [ -110.983968368077441, 32.235781262700584 ], [ -110.984376235651112, 32.236595586805606 ], [ -110.984630194122104, 32.237359726916907 ], [ -110.984761203184604, 32.237792678140863 ], [ -110.984790024960276, 32.237879992554973 ], [ -110.984840553109322, 32.238019177673188 ], [ -110.984966106175406, 32.238353132983491 ], [ -110.9854808431908, 32.239690591836627 ], [ -110.98565981400337, 32.240217954913078 ], [ -110.98576641491897, 32.240527804652146 ], [ -110.985824989883128, 32.240690842377667 ], [ -110.985894516928738, 32.24087019629922 ], [ -110.985977224975713, 32.241065193821591 ], [ -110.98609745795477, 32.241326954671358 ], [ -110.986425668922507, 32.241968200510577 ], [ -110.986606261542661, 32.242277906131044 ], [ -110.986777287417979, 32.242554471181364 ], [ -110.986936533901812, 32.242796846831503 ], [ -110.987112408797643, 32.243053946956472 ], [ -110.987563654126944, 32.243683812054051 ], [ -110.987305799410734, 32.24367547307947 ], [ -110.986260435455947, 32.243641924465862 ], [ -110.988473606198241, 32.246417871171708 ], [ -110.990806385897741, 32.249193798367159 ], [ -110.991725195303317, 32.250330955796954 ], [ -110.992304077037105, 32.250341806523899 ], [ -110.992324697770187, 32.250341785146652 ], [ -110.992812714446075, 32.250342005353197 ], [ -110.993013886878529, 32.250339953748131 ], [ -110.993609097362182, 32.250375399695592 ], [ -110.994932697821795, 32.250390904411951 ], [ -110.995432944879667, 32.2504011670826 ], [ -110.996281407201906, 32.250423258331445 ], [ -110.997852190732203, 32.250464141841462 ], [ -110.999033275998769, 32.250494869349779 ], [ -111.000555205332674, 32.250534449064979 ], [ -111.002290803981452, 32.250531217037093 ], [ -111.004950810090463, 32.250556367682911 ], [ -111.005790685649444, 32.250567494084791 ], [ -111.00630695946991, 32.250573449994661 ], [ -111.008192103886088, 32.25059517859443 ], [ -111.010960192601374, 32.250669168949429 ], [ -111.013215771938434, 32.250702270479813 ], [ -111.013429054498175, 32.250705398040246 ], [ -111.013528105466563, 32.250706845650626 ], [ -111.013528716643947, 32.250706854528815 ], [ -111.013552543282955, 32.250745125212156 ], [ -111.013633544497978, 32.250904125340696 ], [ -111.013962545653868, 32.251548126858225 ], [ -111.014055546154708, 32.25173012695258 ], [ -111.014073546507248, 32.251762126996788 ], [ -111.014279547809494, 32.252126128223054 ], [ -111.014466548572443, 32.252454128696613 ], [ -111.01490555153417, 32.253215129782397 ], [ -111.015115552098081, 32.253578131001902 ], [ -111.015295552509485, 32.253857130965876 ], [ -111.015835554919619, 32.254694132933814 ], [ -111.016016556196021, 32.254973133595932 ], [ -111.016039556454601, 32.255005133833279 ], [ -111.016108556273807, 32.255101133611674 ], [ -111.016132557058725, 32.255134133875025 ], [ -111.016160556957033, 32.255173133630521 ], [ -111.016244557096897, 32.255289134541812 ], [ -111.016272557510206, 32.255330134526318 ], [ -111.016312557616146, 32.255385134301143 ], [ -111.016375557200249, 32.255472134234218 ], [ -111.01643455745365, 32.255554134771536 ], [ -111.016475557588493, 32.255612134781721 ], [ -111.016508558441359, 32.255658134898198 ], [ -111.016608558805515, 32.255796135090598 ], [ -111.016642558888734, 32.255844135326846 ], [ -111.017400561454906, 32.256984137834827 ], [ -111.017403561583663, 32.256988137145619 ], [ -111.017521562331197, 32.257202138069935 ], [ -111.017638562669617, 32.257413138603191 ], [ -111.017691562831416, 32.257515138931893 ], [ -111.017800563517895, 32.257727139323961 ], [ -111.018182565930886, 32.258526140240299 ], [ -111.018455568485123, 32.259095141623391 ], [ -111.018640569143969, 32.259465142225999 ], [ -111.018686569498257, 32.259547142179777 ], [ -111.018792569905003, 32.259731142133234 ], [ -111.019020571009634, 32.260090143427689 ], [ -111.019159570918404, 32.260299143504056 ], [ -111.019341571749194, 32.260600143821094 ], [ -111.019360572239663, 32.260632143898881 ], [ -111.019408572429697, 32.260721144236904 ], [ -111.020126575520436, 32.261723145562605 ], [ -111.020271575319384, 32.261942146762252 ], [ -111.020589576631352, 32.262427147543342 ], [ -111.020707577819579, 32.262606147428855 ], [ -111.020853578584749, 32.262827148094765 ], [ -111.020935578378754, 32.262950147904633 ], [ -111.021196579914076, 32.263341148790261 ], [ -111.021855582364523, 32.264330150571425 ], [ -111.022233583876655, 32.264880151067267 ], [ -111.022584585059846, 32.265391151967663 ], [ -111.022838585595565, 32.265761152308961 ], [ -111.023361587216172, 32.266523153870658 ], [ -111.023561588895987, 32.266833154781544 ], [ -111.02359558814868, 32.266881154945587 ], [ -111.023679589238412, 32.267001155030222 ], [ -111.023817589306432, 32.267244155250388 ], [ -111.023834589979501, 32.267262155013007 ], [ -111.023848589278614, 32.267292154886185 ], [ -111.023893590054101, 32.267395155690878 ], [ -111.023926590476805, 32.267467155290035 ], [ -111.024082590591377, 32.267790156191396 ], [ -111.024094591511897, 32.267815155723127 ], [ -111.024142590989598, 32.26792415582652 ], [ -111.024276592340414, 32.268229156611518 ], [ -111.024291592738493, 32.268264156912814 ], [ -111.024544594218682, 32.268799157287511 ], [ -111.024647594055949, 32.269028157428664 ], [ -111.02469859517042, 32.269143157613328 ], [ -111.024835595247922, 32.269449158346646 ], [ -111.025139597557569, 32.270086158698312 ], [ -111.025266598274712, 32.270331159274498 ], [ -111.025336598130437, 32.270430159638863 ], [ -111.02540359902531, 32.2705361595076 ], [ -111.025505599180164, 32.270677159926912 ], [ -111.025689599115637, 32.270902160272193 ], [ -111.025918600105911, 32.271159160655095 ], [ -111.026016599931268, 32.271271160426579 ], [ -111.026661601190526, 32.271956162185532 ], [ -111.027356603497083, 32.272736162895335 ], [ -111.028286605597501, 32.273796164916682 ], [ -111.028817606608513, 32.274383165038735 ], [ -111.028890606958512, 32.274464165181008 ], [ -111.029373607731955, 32.274987165745344 ], [ -111.030010608068551, 32.275528166735185 ], [ -111.030105608529965, 32.27560716708502 ], [ -111.030552609281941, 32.275977167512856 ], [ -111.030909609450845, 32.276280168070848 ], [ -111.031282609625464, 32.27664016870807 ], [ -111.031593610449832, 32.276995168704516 ], [ -111.031620611300383, 32.277024168530296 ], [ -111.031701611351949, 32.277114169228028 ], [ -111.031729611021106, 32.277144168939081 ], [ -111.031904611577943, 32.277336168920328 ], [ -111.032432612857448, 32.277915169856968 ], [ -111.032608612989051, 32.278108170582541 ], [ -111.032676613200877, 32.27818317068818 ], [ -111.032677612886758, 32.278185170718402 ], [ -111.032883613930821, 32.278419170595498 ], [ -111.032952614006277, 32.27849817083036 ], [ -111.033012613808424, 32.278566170720445 ], [ -111.033091613938197, 32.2786601705604 ], [ -111.033137613884946, 32.278715170933133 ], [ -111.033144506606632, 32.278722720534709 ], [ -111.033130737872838, 32.278535953738455 ], [ -111.033135767811146, 32.278246509560091 ], [ -111.033167958873079, 32.276385995342984 ], [ -111.03317255705727, 32.276117506454007 ], [ -111.033172618548463, 32.276113900486493 ], [ -111.033173452822481, 32.27611390902856 ], [ -111.033230562569699, 32.27611447449091 ] ] ] } },
{ "type": "Feature", "properties": { "OBJECTID": 4, "WARD": "5", "NAME": "Selina Barajas", "PHONE": "520-791-4321", "URL": "http://www.tucsonaz.gov/ward-5", "ADDRESS": "4300 S. Park AV", "KEYID": 5, "UNIT": 5, "DATASOURCE": "WARD_COT", "City": "Tucson", "State": "AZ", "Zipcode": "85714", "Label": "Ward 5", "GlobalID": "{93A2FEF4-7207-41A2-9183-22E448AA8AEE}", "created_user": null, "created_date": null, "last_edited_user": "CBOYER1", "last_edited_date": "2024-06-26T12:44:21Z", "ShapeSTArea": 2037471114.7687542, "ShapeSTLength": 649558.45304618555 }, "geometry": { "type": "MultiPolygon", "coordinates": [ [ [ [ -110.880037873383671, 32.075930427613038 ], [ -110.887092270422357, 32.075926098190791 ], [ -110.892431102570953, 32.075922561098068 ], [ -110.892441622455081, 32.075922554149862 ], [ -110.89244162281706, 32.075922521686678 ], [ -110.892441917367037, 32.075849465384373 ], [ -110.892442441610299, 32.075719332797689 ], [ -110.892442834800008, 32.075621851045696 ], [ -110.892443221621036, 32.075525795044463 ], [ -110.892443234899886, 32.075525364073897 ], [ -110.892443235312143, 32.075525327101921 ], [ -110.892445280732176, 32.075429847252671 ], [ -110.892446173700449, 32.07536002074999 ], [ -110.892450832711987, 32.074998029603201 ], [ -110.892453138193801, 32.074818901080832 ], [ -110.892454322694491, 32.074726915191889 ], [ -110.892453912677496, 32.074647035294902 ], [ -110.892452732668744, 32.074417060987486 ], [ -110.892457102035792, 32.074257820204132 ], [ -110.892461230328379, 32.074107374886182 ], [ -110.892462731340501, 32.074082374574637 ], [ -110.892479812508313, 32.073797941631732 ], [ -110.892508276069478, 32.073489017501899 ], [ -110.892514233973046, 32.073437416555535 ], [ -110.892542222762842, 32.073194998135456 ], [ -110.892556090263341, 32.073106162939247 ], [ -110.892583861679995, 32.072928258354324 ], [ -110.89258788741293, 32.072901948231511 ], [ -110.892603031485621, 32.072822388815965 ], [ -110.892605642709839, 32.072808668628873 ], [ -110.892631161695491, 32.072674610271598 ], [ -110.892642857451207, 32.07261316884285 ], [ -110.892653307857515, 32.072566910597047 ], [ -110.892653970387926, 32.072564009330414 ], [ -110.892682717191917, 32.072438054796223 ], [ -110.892700171869024, 32.072361750727268 ], [ -110.892710006451367, 32.072318759362794 ], [ -110.89271003297408, 32.072318660375032 ], [ -110.892735762630707, 32.072221168671724 ], [ -110.892760301206849, 32.072128192755173 ], [ -110.89278560055277, 32.072032333492984 ], [ -110.892879823615885, 32.071616050124078 ], [ -110.892985461251271, 32.07118929383909 ], [ -110.893070878343835, 32.070802918891104 ], [ -110.893080223729598, 32.070760645001542 ], [ -110.893080221461005, 32.070764365964187 ], [ -110.893080220846358, 32.070764611258973 ], [ -110.893080209127433, 32.070783154744241 ], [ -110.893080207950504, 32.070785541898225 ], [ -110.893079990652595, 32.072426690946848 ], [ -110.89307998500729, 32.07247292087645 ], [ -110.893079222552259, 32.073607130829508 ], [ -110.893078002107941, 32.075634348267933 ], [ -110.893077472707532, 32.075734228717231 ], [ -110.89307646974359, 32.075923655014229 ], [ -110.893080007348289, 32.075923661047135 ], [ -110.893080652373015, 32.075923662650673 ], [ -110.893081546062305, 32.075923686103458 ], [ -110.893755703456208, 32.07592483147743 ], [ -110.900643890085703, 32.075936547566748 ], [ -110.900672655940085, 32.075936596061851 ], [ -110.900672643599677, 32.07594020150956 ], [ -110.900672624138835, 32.07594607862908 ], [ -110.900672601528967, 32.075952910769331 ], [ -110.900647849380519, 32.083083277535003 ], [ -110.90064784861228, 32.083083346970255 ], [ -110.900232084491932, 32.083080836221939 ], [ -110.896511166377465, 32.083058301759245 ], [ -110.896444058991008, 32.083057893932171 ], [ -110.896443225403218, 32.083057889022989 ], [ -110.896443191136157, 32.083061450097716 ], [ -110.89637227387469, 32.090387409197511 ], [ -110.896376472483965, 32.090387468266691 ], [ -110.896376997834736, 32.090387476105484 ], [ -110.896626470785023, 32.090390993109224 ], [ -110.900620240212191, 32.090447236765364 ], [ -110.909049000602138, 32.090565570456917 ], [ -110.909049841626469, 32.090565579852317 ], [ -110.909051580875271, 32.09056559909812 ], [ -110.909051677258219, 32.090565600766638 ], [ -110.909052421879821, 32.090565610297048 ], [ -110.90905251826274, 32.090565611965552 ], [ -110.909066996047869, 32.090565746066005 ], [ -110.90906702694366, 32.090569301351614 ], [ -110.909067068692565, 32.090574087730495 ], [ -110.909067631777319, 32.090638510396886 ], [ -110.909191460089318, 32.104890176315322 ], [ -110.909195594153132, 32.104890192969762 ], [ -110.909196119648897, 32.104890195346556 ], [ -110.909694956320237, 32.104892236400786 ], [ -110.909836507138593, 32.104892815320163 ], [ -110.909845503124302, 32.104892851667856 ], [ -110.921241200455839, 32.104938871150587 ], [ -110.92125462932178, 32.104938924395547 ], [ -110.921254590484779, 32.104938890722345 ], [ -110.915319982664627, 32.099786133686429 ], [ -110.915263229928641, 32.09973686137517 ], [ -110.915259067542692, 32.099733247273633 ], [ -110.919942785714952, 32.095903268971298 ], [ -110.919949649180779, 32.095897656737861 ], [ -110.91995002073557, 32.095897977108365 ], [ -110.919953824405582, 32.095901260868267 ], [ -110.919954082600896, 32.095901483850142 ], [ -110.926289878744527, 32.1013699154894 ], [ -110.930644504754625, 32.104946666428461 ], [ -110.931144890748783, 32.105357555992811 ], [ -110.931145177886037, 32.105357555521785 ], [ -110.936862389307095, 32.1053414464754 ], [ -110.936866624825001, 32.105345063148313 ], [ -110.937697324659069, 32.106054525010812 ], [ -110.937734666828391, 32.106086416775362 ], [ -110.937734635815687, 32.106086443590762 ], [ -110.936687226135703, 32.106974988613246 ], [ -110.936658584484675, 32.106999286131668 ], [ -110.936662782265671, 32.107002870954958 ], [ -110.938543998594255, 32.108609456109271 ], [ -110.94124602085482, 32.110916871098873 ], [ -110.941246479650218, 32.110916871927408 ], [ -110.957442049777242, 32.110935251912309 ], [ -110.95745138471446, 32.110935262200428 ], [ -110.959553694964725, 32.110927785691473 ], [ -110.959333398467365, 32.1064244307737 ], [ -110.957516474097346, 32.106428030600071 ], [ -110.957516475807296, 32.106427968386058 ], [ -110.957506400341472, 32.106427993082271 ], [ -110.956197132902844, 32.106431149474425 ], [ -110.956196607353974, 32.106431150899589 ], [ -110.956192351058931, 32.106431161005339 ], [ -110.956193724646326, 32.106374948914301 ], [ -110.956215929291645, 32.105465958825924 ], [ -110.956216014529758, 32.105462472056615 ], [ -110.956216847341608, 32.105462470256029 ], [ -110.959275592820632, 32.105455152942113 ], [ -110.959285085419609, 32.105455130010448 ], [ -110.959285081840477, 32.105455066854567 ], [ -110.959264290621306, 32.105030023756328 ], [ -110.958463841639997, 32.092357958540376 ], [ -110.958463606138054, 32.092354233954325 ], [ -110.958458451762368, 32.092354381645144 ], [ -110.958241770897558, 32.09236058748774 ], [ -110.958241246347143, 32.092360602457511 ], [ -110.958237313803366, 32.092360715193792 ], [ -110.958233769341959, 32.092304379153468 ], [ -110.95808051192445, 32.08986876643533 ], [ -110.958080280292819, 32.089865078852235 ], [ -110.958075109607535, 32.089865178608079 ], [ -110.957793832621093, 32.089870621663763 ], [ -110.957310912710682, 32.089870315625397 ], [ -110.957308087639333, 32.089870294230217 ], [ -110.95730526346324, 32.089870187166717 ], [ -110.956813671466264, 32.089869297701277 ], [ -110.956410640007192, 32.089868644800418 ], [ -110.956410064786382, 32.089868644047378 ], [ -110.956322079676468, 32.089890975834443 ], [ -110.956321553904374, 32.089891108928512 ], [ -110.956318225051575, 32.089891953969847 ], [ -110.956317630238289, 32.089892104577331 ], [ -110.956317391251829, 32.089892164992669 ], [ -110.956317390805708, 32.089892106369533 ], [ -110.956317336716694, 32.089833780210796 ], [ -110.956311055057995, 32.083073413684716 ], [ -110.956311051895881, 32.083070069626018 ], [ -110.956311886754975, 32.083070055212119 ], [ -110.956708651089286, 32.083063031896614 ], [ -110.956712593383998, 32.083062961663529 ], [ -110.956712892151174, 32.083062956712588 ], [ -110.956712955721457, 32.083062955390581 ], [ -110.956722178417408, 32.083062791694751 ], [ -110.956722174699095, 32.083062742065188 ], [ -110.956700606662437, 32.082790580896834 ], [ -110.956654645596615, 32.082206967244325 ], [ -110.956577308136872, 32.081227544658411 ], [ -110.956556839090496, 32.08096654482636 ], [ -110.956556825996827, 32.08096637878792 ], [ -110.956556653990617, 32.080964188710126 ], [ -110.95655224086353, 32.080962797992228 ], [ -110.956543480061242, 32.080960037794377 ], [ -110.956543393492424, 32.080960010083011 ], [ -110.95654077517878, 32.080959184894489 ], [ -110.956311935678343, 32.080887076024254 ], [ -110.956311729801186, 32.080887011334667 ], [ -110.956301936478781, 32.080883924942881 ], [ -110.956301460322834, 32.080883775234895 ], [ -110.956296600610088, 32.080882244042762 ], [ -110.956298672889361, 32.080876028012135 ], [ -110.956298749444969, 32.080875797720495 ], [ -110.956298791004016, 32.080875672679291 ], [ -110.95631271863212, 32.080833879502961 ], [ -110.956474299200963, 32.080349031230419 ], [ -110.956512569356789, 32.080234265854429 ], [ -110.956513671643847, 32.080230959030722 ], [ -110.956514490646313, 32.080230939083968 ], [ -110.958039919374187, 32.080193429866235 ], [ -110.958049451818525, 32.080193195364558 ], [ -110.958049449102276, 32.080193151153651 ], [ -110.957994710120104, 32.079348206165186 ], [ -110.957942080928845, 32.078532782651834 ], [ -110.957812303381544, 32.076525676156102 ], [ -110.957811323514349, 32.076406868787828 ], [ -110.957812955277532, 32.076288906368852 ], [ -110.957812959913738, 32.076288563703095 ], [ -110.957812967077544, 32.076288080368734 ], [ -110.957803565407019, 32.076281812647558 ], [ -110.957731042808831, 32.076233462440165 ], [ -110.957730209725227, 32.076232906911962 ], [ -110.95773019098273, 32.076242616026377 ], [ -110.957729511585981, 32.076589646892778 ], [ -110.957728161607491, 32.077221370459505 ], [ -110.957728161979347, 32.077221436296931 ], [ -110.957718849496359, 32.077221429846844 ], [ -110.957074201904888, 32.07722095200468 ], [ -110.956514673119926, 32.077220492765477 ], [ -110.956178217665737, 32.07722023154286 ], [ -110.956177692302958, 32.077220231167622 ], [ -110.956173669470573, 32.077220227727196 ], [ -110.956171435248308, 32.077164044845617 ], [ -110.956118231080609, 32.075826155267414 ], [ -110.956111952609831, 32.075673979175193 ], [ -110.956111803964546, 32.075670367063964 ], [ -110.956105411755459, 32.075670367304234 ], [ -110.955719940657787, 32.075670405207021 ], [ -110.95541969833603, 32.075670438318419 ], [ -110.954593056674241, 32.075670512437945 ], [ -110.954497441560619, 32.075670513286319 ], [ -110.954319617503643, 32.075670513778469 ], [ -110.954111862497911, 32.075670551788427 ], [ -110.95390940681537, 32.075670571104027 ], [ -110.953483256679078, 32.075670603334011 ], [ -110.953045605994532, 32.075670626029321 ], [ -110.95299677665399, 32.075670595561149 ], [ -110.952164195115159, 32.075670688917391 ], [ -110.951405775004758, 32.075670769122752 ], [ -110.950607147826716, 32.075670781735354 ], [ -110.950606306841649, 32.075670780734384 ], [ -110.950420903888983, 32.075670525875523 ], [ -110.950414859187333, 32.07567051765654 ], [ -110.950414018278195, 32.075670509440144 ], [ -110.950028298528906, 32.075666624045191 ], [ -110.949681684431695, 32.075663206374244 ], [ -110.948776413408339, 32.075654147067119 ], [ -110.947999000129471, 32.075651642142361 ], [ -110.947998159164086, 32.075651639320547 ], [ -110.947343857341224, 32.075649552042947 ], [ -110.947343016375996, 32.07564954921677 ], [ -110.946291560486443, 32.075646269963713 ], [ -110.945771676537646, 32.075644644789428 ], [ -110.945770835572787, 32.075644641952827 ], [ -110.945206119763952, 32.075642887363401 ], [ -110.94520527879925, 32.075642884523013 ], [ -110.944532239004644, 32.075640721124373 ], [ -110.944531406512894, 32.075640718344545 ], [ -110.94453137489954, 32.07564180392086 ], [ -110.944531303409306, 32.075644255483169 ], [ -110.944531081143069, 32.075651646184021 ], [ -110.944531087869649, 32.075651711168319 ], [ -110.944530246876369, 32.07565171102879 ], [ -110.944521869804291, 32.075651707179816 ], [ -110.944517655325043, 32.075651704605129 ], [ -110.944516814331749, 32.0756517044655 ], [ -110.944100098348855, 32.075651496136295 ], [ -110.944099257346096, 32.075651496895674 ], [ -110.943727014163159, 32.075651724290708 ], [ -110.943489933992154, 32.075651840751711 ], [ -110.943489496545212, 32.075651840999221 ], [ -110.943489330247232, 32.075651841525634 ], [ -110.943488662956256, 32.075651841811471 ], [ -110.943488489244587, 32.075651842280948 ], [ -110.943233065978774, 32.075651967981301 ], [ -110.942739318164854, 32.075652296960875 ], [ -110.942245571458656, 32.075652624024272 ], [ -110.941504441213382, 32.075653536361095 ], [ -110.94074654007656, 32.075656721304263 ], [ -110.9403225582126, 32.075658510704109 ], [ -110.940322451233897, 32.075658510781629 ], [ -110.940226526974683, 32.075658915126574 ], [ -110.939997316078248, 32.075659882020211 ], [ -110.939246275792712, 32.075663024292865 ], [ -110.938503508066901, 32.075666139399011 ], [ -110.938438937114896, 32.0756664146774 ], [ -110.937692166473013, 32.075666573955978 ], [ -110.937043054191804, 32.07566671103627 ], [ -110.936716783937456, 32.075666764620991 ], [ -110.936332805167751, 32.075666801060194 ], [ -110.935922797410456, 32.07566689008609 ], [ -110.935587043119867, 32.075666955731201 ], [ -110.934784380763006, 32.075667095263498 ], [ -110.93398535020016, 32.075667256974434 ], [ -110.933181679854684, 32.075667378532877 ], [ -110.93278115537187, 32.075667447126634 ], [ -110.932378614401145, 32.07566749878923 ], [ -110.931952867990887, 32.075667626756044 ], [ -110.9315801889813, 32.075667650930413 ], [ -110.930875190179322, 32.075667407568332 ], [ -110.930554168821189, 32.075667229091387 ], [ -110.930212967869693, 32.075667149720729 ], [ -110.929860469547862, 32.075666982347158 ], [ -110.929517049841479, 32.075666883821768 ], [ -110.928838483884618, 32.075666578032028 ], [ -110.92850030996172, 32.075666517647385 ], [ -110.927487865181888, 32.07566605689842 ], [ -110.927487339831373, 32.075666056404401 ], [ -110.927483168780711, 32.07566605450382 ], [ -110.927483262245147, 32.075609868743335 ], [ -110.927485052747457, 32.074535449251393 ], [ -110.927485845271391, 32.074162046346899 ], [ -110.927486347071749, 32.073778161757446 ], [ -110.927487132505036, 32.073386719224864 ], [ -110.927489081269229, 32.072250014928954 ], [ -110.927489832549711, 32.071899203599948 ], [ -110.927490475169648, 32.071520903276628 ], [ -110.927492488376984, 32.070415724834369 ], [ -110.927493528754567, 32.070037942481243 ], [ -110.927494366011359, 32.069660330772329 ], [ -110.927495403637508, 32.069282892857323 ], [ -110.927496437386566, 32.068905711915015 ], [ -110.927498499315035, 32.068151951449714 ], [ -110.927499370530839, 32.067771161805119 ], [ -110.927501700906447, 32.066898774996744 ], [ -110.927506286540037, 32.066678905612839 ], [ -110.927500554262792, 32.065880759407314 ], [ -110.927500477967797, 32.064763279701943 ], [ -110.927500307045065, 32.063898174283835 ], [ -110.927500667869424, 32.063152389384342 ], [ -110.927501157120702, 32.062263494686903 ], [ -110.927501627109777, 32.061338778519847 ], [ -110.927502221235457, 32.060440092182546 ], [ -110.927502692985712, 32.059518312171704 ], [ -110.927502694907389, 32.05951468948296 ], [ -110.927503529289638, 32.059514699602396 ], [ -110.927931538598557, 32.059520010785008 ], [ -110.928320238801717, 32.059524847145639 ], [ -110.928413832472501, 32.059526091929214 ], [ -110.928973584062589, 32.059533032823488 ], [ -110.929531117396508, 32.059539953066647 ], [ -110.929563391152129, 32.059540376684687 ], [ -110.929683611336799, 32.059541913581697 ], [ -110.92998981142668, 32.059545672148197 ], [ -110.930496109329567, 32.059552017915003 ], [ -110.93096186347006, 32.059557874990766 ], [ -110.932200983887284, 32.059573261627513 ], [ -110.932746616981191, 32.059580075289681 ], [ -110.933831024873299, 32.059593557610015 ], [ -110.935026173241596, 32.059608403375158 ], [ -110.936091420083642, 32.059621632271536 ], [ -110.937164129802539, 32.059634994665402 ], [ -110.938204363915162, 32.05964792681651 ], [ -110.938786509087365, 32.059655082030609 ], [ -110.939919936745198, 32.059669148395201 ], [ -110.940482918128808, 32.059676149028519 ], [ -110.941515086949238, 32.059688905310296 ], [ -110.941619170858431, 32.059690221055831 ], [ -110.942718106615814, 32.05970382478484 ], [ -110.943825313102693, 32.059717482471534 ], [ -110.944378815965877, 32.059724307368839 ], [ -110.944911340608343, 32.059730882426656 ], [ -110.945237786155175, 32.059728058674786 ], [ -110.94576215786735, 32.059723486694644 ], [ -110.946282696301779, 32.059718883194179 ], [ -110.946902903590001, 32.059713408782855 ], [ -110.947425257023156, 32.059708814474504 ], [ -110.9479621374647, 32.059704156793906 ], [ -110.948457858817363, 32.059699783947124 ], [ -110.948980414521756, 32.059695184770582 ], [ -110.949818724056257, 32.059687752867234 ], [ -110.950229101304402, 32.059684182993735 ], [ -110.950648356227603, 32.059680507204504 ], [ -110.950671357297239, 32.059680252337266 ], [ -110.951073664687911, 32.059676703895143 ], [ -110.95128167783011, 32.059674852479894 ], [ -110.951502604176582, 32.059672927710999 ], [ -110.952635883920792, 32.059662911759965 ], [ -110.953279004808763, 32.059657218774724 ], [ -110.953288372570469, 32.059657135765718 ], [ -110.953288372116461, 32.059657078044118 ], [ -110.953278783123878, 32.058993736976916 ], [ -110.953266240668825, 32.058130939097346 ], [ -110.953247686106266, 32.056860066688891 ], [ -110.953226406312126, 32.055406461885745 ], [ -110.953218182364253, 32.055383231833815 ], [ -110.953193686394485, 32.055314040830893 ], [ -110.952659244377656, 32.053741942536661 ], [ -110.952268810003275, 32.052596919588176 ], [ -110.951671587108962, 32.050839909640921 ], [ -110.950985486320917, 32.048834496598538 ], [ -110.950984354190965, 32.048831187212663 ], [ -110.950984243231559, 32.048830863506005 ], [ -110.95098339606345, 32.048830869678135 ], [ -110.950974422457222, 32.048830932986462 ], [ -110.950974383272367, 32.048830933589791 ], [ -110.950973581641904, 32.048830939206916 ], [ -110.950973542457035, 32.048830939810259 ], [ -110.95097195190165, 32.048830951141284 ], [ -110.950971111086332, 32.048830957361709 ], [ -110.950022992723802, 32.048837624803348 ], [ -110.949766028372409, 32.04883549368639 ], [ -110.948961227335886, 32.048836611382306 ], [ -110.948960702126712, 32.048836611882116 ], [ -110.948956529021714, 32.048836617902261 ], [ -110.948956657741235, 32.048780417575834 ], [ -110.948958379307754, 32.048028218022232 ], [ -110.948959856978405, 32.047312760485546 ], [ -110.948986261911045, 32.046851791579428 ], [ -110.948986298218088, 32.046851158759708 ], [ -110.948972603837447, 32.046561481839312 ], [ -110.948963908505974, 32.046385695898294 ], [ -110.948950482619537, 32.046114284319707 ], [ -110.948907555214888, 32.045249822527275 ], [ -110.948907374323895, 32.045246183994955 ], [ -110.948901463485129, 32.0452462227437 ], [ -110.948622542262527, 32.045248045955702 ], [ -110.947764215372302, 32.045253514846436 ], [ -110.94753525970134, 32.045255029429839 ], [ -110.946632553339398, 32.0452608385839 ], [ -110.945275971437852, 32.045269520477433 ], [ -110.944688389076362, 32.045273198271396 ], [ -110.944687863859386, 32.045273201459239 ], [ -110.944683716119997, 32.045273227375702 ], [ -110.944683458167077, 32.045216986211749 ], [ -110.944681213658725, 32.044727565411563 ], [ -110.944678405898443, 32.044096172361833 ], [ -110.944676216244517, 32.04359724282024 ], [ -110.94467402911323, 32.043097969656202 ], [ -110.94467238897748, 32.042756929786556 ], [ -110.94467098153001, 32.042432041968283 ], [ -110.944669424652304, 32.042102255956074 ], [ -110.94466798378626, 32.041761389815342 ], [ -110.944665997024941, 32.041319585584468 ], [ -110.944664279255718, 32.040947707246744 ], [ -110.944661107787212, 32.040236164732669 ], [ -110.944659240154621, 32.039821249004689 ], [ -110.944657557305533, 32.03940788043451 ], [ -110.944654855262613, 32.038823732794818 ], [ -110.94465451740588, 32.038741179547323 ], [ -110.944654352753645, 32.038718586090397 ], [ -110.944651156079772, 32.037971222636074 ], [ -110.944650595423298, 32.037814362598255 ], [ -110.94464864147308, 32.037254788701155 ], [ -110.944645914321384, 32.036501243803812 ], [ -110.944643870695984, 32.035931103051325 ], [ -110.944638390836147, 32.034311739732068 ], [ -110.944633020277749, 32.032815559481499 ], [ -110.944633032081356, 32.032814442181305 ], [ -110.944625494574282, 32.03066427993879 ], [ -110.944628376578549, 32.029742325371522 ], [ -110.944628422854066, 32.029737944542603 ], [ -110.944629973602062, 32.029266616624263 ], [ -110.944630279753994, 32.029123077926286 ], [ -110.944632368002772, 32.028467152722463 ], [ -110.944632707874462, 32.028377646771133 ], [ -110.944648197122945, 32.023361993511095 ], [ -110.94464820874326, 32.023358387101453 ], [ -110.944639336860646, 32.023358375917319 ], [ -110.942704632579407, 32.023355845038616 ], [ -110.942332576328553, 32.023355220067913 ], [ -110.940509823382087, 32.023353883720048 ], [ -110.940509298328848, 32.023353883285928 ], [ -110.940505144476873, 32.023353880171399 ], [ -110.940504996130585, 32.023297697403436 ], [ -110.940496864880487, 32.020217391833704 ], [ -110.940432740602333, 32.019532695224946 ], [ -110.940341001345686, 32.016083480855421 ], [ -110.940340905158251, 32.016079874516151 ], [ -110.94033370322947, 32.01607986416996 ], [ -110.939846077487957, 32.016079156945743 ], [ -110.939652097793783, 32.01607895158125 ], [ -110.92746134688052, 32.016062425885892 ], [ -110.927460821870426, 32.016062425398587 ], [ -110.927456633451513, 32.016062419787239 ], [ -110.927457033787277, 32.016006243121254 ], [ -110.927560328771321, 32.001509276753922 ], [ -110.927560354259285, 32.001505720051803 ], [ -110.927551268709976, 32.001505600515166 ], [ -110.910377042492485, 32.001277897352331 ], [ -110.893290567630203, 32.001291543072874 ], [ -110.891355162334079, 32.001286395325884 ], [ -110.890709825021659, 32.001284700672095 ], [ -110.876185851288213, 32.001245354449033 ], [ -110.876184439699344, 32.001245429448815 ], [ -110.859232382416664, 32.001243958642988 ], [ -110.859127103210781, 32.001243942328117 ], [ -110.859126578283337, 32.001243942461478 ], [ -110.859123421321613, 32.001243942298103 ], [ -110.859122412840733, 32.001243933891267 ], [ -110.859122506440229, 32.001187749873296 ], [ -110.859140224068042, 31.990543977345872 ], [ -110.859140229669322, 31.990540353782809 ], [ -110.859131491950976, 31.990540371142494 ], [ -110.858898320756211, 31.990540829160132 ], [ -110.857693936638114, 31.990543153813551 ], [ -110.857693096408099, 31.99054315581952 ], [ -110.855511195111347, 31.990547337046753 ], [ -110.853436623650452, 31.990551531513432 ], [ -110.85285745502209, 31.990552603989929 ], [ -110.851402979483794, 31.990555347550156 ], [ -110.850473043779203, 31.990557072067986 ], [ -110.849824729735658, 31.99055823686475 ], [ -110.849179239687629, 31.990559250755659 ], [ -110.848075734393504, 31.990561301019302 ], [ -110.845933635799412, 31.990565318996392 ], [ -110.845662699991792, 31.99056569552873 ], [ -110.842136653298695, 31.990572085841084 ], [ -110.842135813071138, 31.990572087743981 ], [ -110.841805670007474, 31.990572680606729 ], [ -110.841804829843085, 31.990572677096917 ], [ -110.840687134967339, 31.990567753805934 ], [ -110.840686925455358, 31.99056775293111 ], [ -110.840686086328319, 31.990567751226383 ], [ -110.836603438799898, 31.990565483308878 ], [ -110.82510871731219, 31.990558389392397 ], [ -110.823615062632811, 31.990584271362017 ], [ -110.80829115100326, 31.990602779425576 ], [ -110.806594648890552, 31.990599803201849 ], [ -110.802370256280852, 31.990598471349749 ], [ -110.791183979394944, 31.990594267749312 ], [ -110.791182770020015, 31.990594257021904 ], [ -110.789574307634723, 31.990600106572735 ], [ -110.789573782754658, 31.99060010822312 ], [ -110.789569624956897, 31.990600123596177 ], [ -110.789569653388156, 31.990543894442393 ], [ -110.789569725726992, 31.990397550725319 ], [ -110.789569727252129, 31.990393965043179 ], [ -110.789561098564945, 31.990393900118992 ], [ -110.78533205202227, 31.990361834685441 ], [ -110.785331218255209, 31.990361828153169 ], [ -110.785331244307343, 31.990365395140302 ], [ -110.785331818349675, 31.990444226893423 ], [ -110.785331818544321, 31.990444297238234 ], [ -110.785322475658248, 31.990444226559429 ], [ -110.784414290632895, 31.990437315097036 ], [ -110.783504426632206, 31.99043039566633 ], [ -110.782283750920783, 31.990421034025108 ], [ -110.781073557010544, 31.990411755351971 ], [ -110.780442256260613, 31.990406962261073 ], [ -110.779818212938721, 31.990402145379679 ], [ -110.779241335094596, 31.990397749145767 ], [ -110.77869549887896, 31.990393542117172 ], [ -110.776830038745715, 31.990379282342303 ], [ -110.776829513935269, 31.990379278529598 ], [ -110.776825384248184, 31.990379246842185 ], [ -110.776824983325625, 31.990323111339684 ], [ -110.776824821114559, 31.990300378275197 ], [ -110.776824795804345, 31.990296777929725 ], [ -110.776816602749747, 31.990296743107177 ], [ -110.776806654269777, 31.990296700630697 ], [ -110.774101644567921, 31.990277610988628 ], [ -110.772790186169686, 31.990273955445197 ], [ -110.772306974299156, 31.990269341270604 ], [ -110.772306140547769, 31.990269333751012 ], [ -110.772306142605657, 31.990272917652195 ], [ -110.772306256352152, 31.990479615993252 ], [ -110.772313758758344, 31.990687131290869 ], [ -110.772316453591657, 31.990859727556831 ], [ -110.772326005791939, 31.991032042968367 ], [ -110.772342415420042, 31.991204075721331 ], [ -110.772361301429669, 31.991340814142827 ], [ -110.772366089894959, 31.991375486791753 ], [ -110.772396225131345, 31.991546097576382 ], [ -110.772433629557582, 31.991715743111776 ], [ -110.772477500159113, 31.991884158226561 ], [ -110.772528242237129, 31.992051174319435 ], [ -110.772585856868346, 31.992216707522044 ], [ -110.772649945256077, 31.99238040792628 ], [ -110.7727205095361, 31.992542105997579 ], [ -110.772797550813138, 31.992701715159843 ], [ -110.772881073391844, 31.992858890940653 ], [ -110.772970675218602, 31.993013544931387 ], [ -110.773077201502318, 31.9931689520267 ], [ -110.773177239608557, 31.993327393843654 ], [ -110.773270387462958, 31.993488779295884 ], [ -110.773357051361756, 31.99365285503697 ], [ -110.773437234465405, 31.993819364085958 ], [ -110.773510131554772, 31.993988211721668 ], [ -110.773576148909513, 31.994159145496138 ], [ -110.773634886566555, 31.994331902990265 ], [ -110.773686749752613, 31.994506316516009 ], [ -110.773730934275193, 31.994682207488463 ], [ -110.773768249573138, 31.994859325282587 ], [ -110.773792254920266, 31.995001602631106 ], [ -110.773798295675846, 31.995037407475007 ], [ -110.773820671512823, 31.995216280011238 ], [ -110.773836186525486, 31.995395692261891 ], [ -110.773844035458865, 31.995575550399508 ], [ -110.773821027165127, 32.004970852730779 ], [ -110.773788446490698, 32.019422598676805 ], [ -110.773779406759445, 32.023044301203477 ], [ -110.773779266687512, 32.023100423420878 ], [ -110.773783431651722, 32.02310046005514 ], [ -110.773783956636905, 32.023100464786495 ], [ -110.774255740100742, 32.023104581403047 ], [ -110.778318406764399, 32.023158513366013 ], [ -110.778327697261915, 32.023158636442936 ], [ -110.778327698187539, 32.023158561599438 ], [ -110.77835639975676, 32.019664842734684 ], [ -110.778356429362688, 32.019661250112158 ], [ -110.778357262312355, 32.019661258490309 ], [ -110.790734798490305, 32.019790291713967 ], [ -110.790744089013089, 32.01979038772356 ], [ -110.79074404531535, 32.019793960390295 ], [ -110.790743955857408, 32.01980127434787 ], [ -110.790743269596618, 32.019857381987542 ], [ -110.790747470369112, 32.019857422889544 ], [ -110.790747995338904, 32.019857427550235 ], [ -110.791061400367099, 32.019860455783189 ], [ -110.791070707909753, 32.019860545607173 ], [ -110.791070707733411, 32.01986047345914 ], [ -110.79107165998191, 32.019587297423882 ], [ -110.791071672212084, 32.019583786703812 ], [ -110.791072506311437, 32.019583787793991 ], [ -110.808136524949788, 32.019607631556681 ], [ -110.808145329587902, 32.019607643584401 ], [ -110.808145317861985, 32.019611254423026 ], [ -110.808096442083624, 32.034112469717641 ], [ -110.808097281350499, 32.034112492386711 ], [ -110.822515317834188, 32.034181208654552 ], [ -110.825098182822757, 32.034193341955238 ], [ -110.825143962316147, 32.034193560213886 ], [ -110.842156607470017, 32.034155824896757 ], [ -110.842119198721107, 32.044903007178803 ], [ -110.84211858726492, 32.045078489060558 ], [ -110.842138935445575, 32.045078508227938 ], [ -110.8462230403794, 32.045082366644131 ], [ -110.846329150012792, 32.045082465377078 ], [ -110.846339503047702, 32.045082475232171 ], [ -110.846337186970217, 32.044692043182025 ], [ -110.846317893761466, 32.041439492570255 ], [ -110.846317873283724, 32.041435975238954 ], [ -110.846318676880827, 32.041435976612583 ], [ -110.846318707582412, 32.041435976871774 ], [ -110.852701077736441, 32.041447416092304 ], [ -110.854780497503299, 32.041451074038079 ], [ -110.85481145454871, 32.041451128615428 ], [ -110.854811443401275, 32.041455028965274 ], [ -110.854811405472844, 32.041467393728944 ], [ -110.854810845017766, 32.041645435922661 ], [ -110.854800517836495, 32.044925180247539 ], [ -110.854804688511379, 32.044925181814754 ], [ -110.854805213687499, 32.04492518170462 ], [ -110.859134491982289, 32.044928843898433 ], [ -110.859146737129677, 32.044928854061943 ], [ -110.859156100194056, 32.044928861825966 ], [ -110.859156099881929, 32.044928796891107 ], [ -110.859143751248297, 32.043933291590108 ], [ -110.859024213901577, 32.034296174799088 ], [ -110.859057960424366, 32.030579039768753 ], [ -110.859058252451149, 32.030546631928011 ], [ -110.85905829221943, 32.030541790288119 ], [ -110.859058320914386, 32.030541780607223 ], [ -110.859096703562329, 32.030541776982318 ], [ -110.866791333672779, 32.030540891590618 ], [ -110.875353966369303, 32.030539357269063 ], [ -110.876321222000044, 32.030539146969097 ], [ -110.891781960326057, 32.030558810110108 ], [ -110.893396766405814, 32.030560755456882 ], [ -110.904410610646636, 32.030660054790019 ], [ -110.907875878551721, 32.030691099635327 ], [ -110.910485313706545, 32.03071442731094 ], [ -110.910501594381387, 32.030714572732435 ], [ -110.910501853869818, 32.030714562165649 ], [ -110.910501722284778, 32.030738891998574 ], [ -110.910501038879588, 32.030864323297656 ], [ -110.910482997658377, 32.034165068215295 ], [ -110.910423105468155, 32.045116208738648 ], [ -110.910391202217454, 32.048861218347767 ], [ -110.910361455237108, 32.052353351959269 ], [ -110.910304431674462, 32.059119822240305 ], [ -110.910300447945303, 32.059592481577617 ], [ -110.910299978518623, 32.059633227536544 ], [ -110.910299880952905, 32.059636818794601 ], [ -110.910298441356787, 32.059689569571816 ], [ -110.9102780154968, 32.061467682480973 ], [ -110.910278015200561, 32.061467709533815 ], [ -110.910278014736463, 32.061467751916652 ], [ -110.910268736152133, 32.061467702585858 ], [ -110.909242526891319, 32.06146227380885 ], [ -110.908338771352945, 32.061457406118343 ], [ -110.907453171374726, 32.061452676559263 ], [ -110.906416273910779, 32.061447078455963 ], [ -110.905289606793446, 32.061441012539859 ], [ -110.904403806419253, 32.061436174394956 ], [ -110.90351235813533, 32.061431369679966 ], [ -110.902614857302453, 32.06142651116695 ], [ -110.901711305108648, 32.061421683509728 ], [ -110.89990621963743, 32.061411853714311 ], [ -110.898089635505883, 32.061401990562764 ], [ -110.897088448087388, 32.061396517454547 ], [ -110.896128816167547, 32.061391284493368 ], [ -110.895173421306723, 32.061386078415801 ], [ -110.894225288827002, 32.061380924626526 ], [ -110.893359469447546, 32.061376071269883 ], [ -110.893342397052407, 32.061375976707744 ], [ -110.893341566838814, 32.061375971807855 ], [ -110.893338253386815, 32.061375953169751 ], [ -110.893338309260514, 32.061365989205186 ], [ -110.893338336439285, 32.061361075305562 ], [ -110.893338368414135, 32.061355255096807 ], [ -110.893338453776479, 32.061339979540357 ], [ -110.893338537984079, 32.061324807686013 ], [ -110.893338648028774, 32.061305127748561 ], [ -110.893338708824089, 32.061294151058746 ], [ -110.893338794678726, 32.061278641028068 ], [ -110.893339979670912, 32.06106540181198 ], [ -110.893348253571105, 32.0595762801779 ], [ -110.893348377324529, 32.059553940822759 ], [ -110.89334810623626, 32.059553939535775 ], [ -110.893333476031572, 32.059553861989954 ], [ -110.893333377543883, 32.059553862096571 ], [ -110.893332635215302, 32.059553859710093 ], [ -110.89333253673766, 32.059553858914938 ], [ -110.89333079258995, 32.059553857457814 ], [ -110.893329951753614, 32.059553856981459 ], [ -110.893318017004617, 32.059553846289901 ], [ -110.893302884118725, 32.059553833221415 ], [ -110.893289892507994, 32.059553821208191 ], [ -110.893259637335504, 32.059553794246476 ], [ -110.893198665270958, 32.0595537401801 ], [ -110.893053246647625, 32.059553611012156 ], [ -110.892845352222878, 32.059553425214396 ], [ -110.891052894104874, 32.059554481296615 ], [ -110.888849493136647, 32.059555786497505 ], [ -110.88752890619341, 32.059556495389621 ], [ -110.886169181166821, 32.059557300667883 ], [ -110.884545178545224, 32.059558173280848 ], [ -110.876662532661371, 32.05956218807934 ], [ -110.876662444762985, 32.05956218825991 ], [ -110.876661611331912, 32.059562188635546 ], [ -110.876661553741528, 32.059565687289975 ], [ -110.876541888261471, 32.066878762168052 ], [ -110.876533235109534, 32.067411442528623 ], [ -110.876532319943834, 32.067517642410721 ], [ -110.876529912059453, 32.067666265017429 ], [ -110.87652433621507, 32.068010440921569 ], [ -110.876405592937232, 32.075338492096364 ], [ -110.876395951358404, 32.07593339922785 ], [ -110.880033161775131, 32.075930366518875 ], [ -110.880033161052594, 32.075930430543266 ], [ -110.880037348027315, 32.07593042782397 ], [ -110.880037873383671, 32.075930427613038 ] ] ], [ [ [ -110.769806190256716, 32.059067994976466 ], [ -110.773650694779221, 32.061609679279734 ], [ -110.773869993990871, 32.061365643280681 ], [ -110.774771345210851, 32.060327951501513 ], [ -110.775009824234047, 32.060001021960574 ], [ -110.775285034080895, 32.059607765353448 ], [ -110.775370457470885, 32.059454347177379 ], [ -110.775421787454917, 32.059349669410643 ], [ -110.775498997945917, 32.059207772826447 ], [ -110.775649268440091, 32.058900749030265 ], [ -110.775755756726213, 32.058642895131051 ], [ -110.775817797701137, 32.058455334995507 ], [ -110.775853809431609, 32.058349488348135 ], [ -110.775903621636033, 32.058171954580246 ], [ -110.775987204639236, 32.057874037260156 ], [ -110.776069672121579, 32.057405858098761 ], [ -110.77607958190768, 32.057062438938559 ], [ -110.776065270803983, 32.056655063571505 ], [ -110.77603504032335, 32.056392628562094 ], [ -110.775976859051184, 32.056041724649475 ], [ -110.775897615839085, 32.055753638874691 ], [ -110.775893860834401, 32.055739988435086 ], [ -110.775890614267865, 32.055732725682709 ], [ -110.77565191100831, 32.055746442761887 ], [ -110.775651397058084, 32.055746472404323 ], [ -110.775648434173476, 32.055746642328423 ], [ -110.775648174372364, 32.055745818427795 ], [ -110.775616620444225, 32.055645824177994 ], [ -110.775581147079208, 32.055545862269668 ], [ -110.775541626925076, 32.055446894701241 ], [ -110.77549504918899, 32.055331456689828 ], [ -110.775443613635119, 32.055217349300626 ], [ -110.775388126015713, 32.055104666358581 ], [ -110.775328583163926, 32.054993663948125 ], [ -110.775264582739581, 32.054884253669094 ], [ -110.775199901495583, 32.054764701624983 ], [ -110.775130758446267, 32.054647085259681 ], [ -110.775057151488497, 32.054531574991906 ], [ -110.77497908167598, 32.054418086954037 ], [ -110.774887452143744, 32.054291935049996 ], [ -110.774790952163031, 32.054168145269415 ], [ -110.774690385366824, 32.054046980960187 ], [ -110.774599407614261, 32.053933375490963 ], [ -110.774512089483466, 32.053817484345451 ], [ -110.774429236700371, 32.053699400465426 ], [ -110.774350443737021, 32.053579290649317 ], [ -110.774195132624243, 32.053318390903833 ], [ -110.774048747266477, 32.053053533967137 ], [ -110.77398809318754, 32.052934790478808 ], [ -110.773931895818563, 32.052814541415124 ], [ -110.77388015515568, 32.052692785879813 ], [ -110.773832869042394, 32.052569696107064 ], [ -110.773790035332766, 32.052445443428802 ], [ -110.77375205632687, 32.052320118051973 ], [ -110.773718527537326, 32.052193802908327 ], [ -110.773650088153119, 32.051954987802553 ], [ -110.773644055433763, 32.051907736424901 ], [ -110.773572150024549, 32.051344490263475 ], [ -110.773558798071619, 32.048524312075408 ], [ -110.773558797954522, 32.0485242363211 ], [ -110.773567734397417, 32.046347067144431 ], [ -110.773597782426748, 32.039022902833409 ], [ -110.773617807264088, 32.034138660740609 ], [ -110.773617822358588, 32.034135059882466 ], [ -110.773608997625331, 32.034135023612087 ], [ -110.756997005733325, 32.034066224244988 ], [ -110.756996480654593, 32.034066222147878 ], [ -110.756992278977521, 32.0340662044594 ], [ -110.756992986867161, 32.034010044405662 ], [ -110.756994755076633, 32.033869763747063 ], [ -110.756994800381364, 32.033866169489109 ], [ -110.75698550798397, 32.033866116060473 ], [ -110.740230168570577, 32.033768847034771 ], [ -110.731479504129169, 32.033823070093774 ], [ -110.730982250660972, 32.03382612519291 ], [ -110.730963839948018, 32.033826237996713 ], [ -110.733023596799526, 32.034981075589343 ], [ -110.743030860240381, 32.041722479809714 ], [ -110.744026390706765, 32.042389674841537 ], [ -110.744680352704393, 32.042827963601482 ], [ -110.745257155030899, 32.043212107661276 ], [ -110.74578678454661, 32.04356299976719 ], [ -110.74721214830852, 32.044502228601601 ], [ -110.748341658794629, 32.045265543900008 ], [ -110.748977315822671, 32.045687235331819 ], [ -110.749438664105512, 32.045985085809669 ], [ -110.750431947934885, 32.04661407178736 ], [ -110.750921347465919, 32.046927464521296 ], [ -110.751661563814665, 32.047408773168662 ], [ -110.752848691549858, 32.04818348786845 ], [ -110.75305601325087, 32.048313809734779 ], [ -110.75679389179092, 32.050632711493691 ], [ -110.756810879018133, 32.050643725776226 ], [ -110.769806190256716, 32.059067994976466 ] ] ], [ [ [ -110.854673601290187, 32.092728886674131 ], [ -110.854671818585103, 32.092864753985552 ], [ -110.85467181782353, 32.09286481981276 ], [ -110.854675146744938, 32.092864879286964 ], [ -110.85467567210128, 32.092864887298923 ], [ -110.857785962880087, 32.092910395804786 ], [ -110.857841828483416, 32.092910989061544 ], [ -110.858276707672999, 32.092915602917095 ], [ -110.858286008902368, 32.09291570137718 ], [ -110.858286009744546, 32.092915628336009 ], [ -110.858301985200697, 32.090576336963998 ], [ -110.858302620044995, 32.090483321180855 ], [ -110.858303477866428, 32.09035754827385 ], [ -110.858025523638418, 32.090353799830467 ], [ -110.858305523700523, 32.090357527490191 ], [ -110.859949405470743, 32.090348132321338 ], [ -110.870371717503033, 32.090288361727069 ], [ -110.870682317157019, 32.090286545747716 ], [ -110.871421377267552, 32.090282252677135 ], [ -110.872131778896488, 32.090278146447822 ], [ -110.872132631733479, 32.090278140854636 ], [ -110.872134737874433, 32.090278126657587 ], [ -110.872153979293529, 32.090277987714529 ], [ -110.872833905787374, 32.090274057326816 ], [ -110.872871847499667, 32.090273855029373 ], [ -110.872872583788848, 32.090273851176327 ], [ -110.874996331462384, 32.09026157997183 ], [ -110.875005676565436, 32.090261526053489 ], [ -110.875005676181488, 32.090261466529377 ], [ -110.874960721809373, 32.083018189886033 ], [ -110.874918908256149, 32.0763100129058 ], [ -110.874916568011685, 32.075934624950577 ], [ -110.874915273336811, 32.075728540635318 ], [ -110.874914001750554, 32.075525836578983 ], [ -110.874913979200883, 32.075522314730073 ], [ -110.874914813815067, 32.075522316181193 ], [ -110.875745485033434, 32.075524021651262 ], [ -110.875754749427884, 32.075524040945695 ], [ -110.87575475017384, 32.075523975117925 ], [ -110.876015992518802, 32.059566120291549 ], [ -110.8760159975172, 32.059565491752352 ], [ -110.87601604554375, 32.059562559373482 ], [ -110.876016004246893, 32.05956255903439 ], [ -110.868870293032629, 32.059473618577911 ], [ -110.858926068728607, 32.059349183000286 ], [ -110.858903125091985, 32.05934915023655 ], [ -110.858719275249399, 32.059348888172188 ], [ -110.858714454676488, 32.059859050026596 ], [ -110.858677577907002, 32.064884466677526 ], [ -110.858653042316263, 32.06822705695221 ], [ -110.858645111200232, 32.069307432135481 ], [ -110.858639955623076, 32.070009707919638 ], [ -110.858593529923141, 32.070403653114198 ], [ -110.858560013605853, 32.070688053085071 ], [ -110.858086987612381, 32.074701662349106 ], [ -110.858021614745681, 32.075256315742287 ], [ -110.858013355962541, 32.075326382238657 ], [ -110.858013525004282, 32.07553485120939 ], [ -110.858013640756425, 32.075675249427853 ], [ -110.858007787382832, 32.075673351764493 ], [ -110.857984741732594, 32.075673178145074 ], [ -110.85797600005219, 32.075670999324501 ], [ -110.854965999496301, 32.075690999318937 ], [ -110.845939000442755, 32.07575299965076 ], [ -110.842931000491419, 32.075773999339894 ], [ -110.840403000312534, 32.075774999077588 ], [ -110.840333999384953, 32.075774999126807 ], [ -110.840298000192121, 32.075774999030926 ], [ -110.840193000074308, 32.075774998897224 ], [ -110.839902999320756, 32.075775999532794 ], [ -110.83961299971611, 32.075775999384618 ], [ -110.83888799969553, 32.075775999257004 ], [ -110.832544000351547, 32.075777999601961 ], [ -110.829948000484393, 32.075779998930159 ], [ -110.825357999557454, 32.075745999186736 ], [ -110.811587999985335, 32.075645998940587 ], [ -110.807004396953872, 32.075613045771206 ], [ -110.806997999085411, 32.075612999658347 ], [ -110.806995000477443, 32.076489999650413 ], [ -110.806986000400286, 32.079123999254492 ], [ -110.806984962350114, 32.079580642829775 ], [ -110.806984147025702, 32.079747092754126 ], [ -110.806983815709728, 32.079814662700748 ], [ -110.806939376858139, 32.080152544414354 ], [ -110.806924913535937, 32.080203534969584 ], [ -110.806873999609721, 32.080377998839104 ], [ -110.806866622211118, 32.080400869426526 ], [ -110.806835084595775, 32.080481623030316 ], [ -110.806782018181806, 32.080617506864208 ], [ -110.806715667924919, 32.080739011930511 ], [ -110.806687787424636, 32.080790067971883 ], [ -110.806665999757413, 32.08082699889836 ], [ -110.806658999578232, 32.080840999721183 ], [ -110.806526999586339, 32.081049998975082 ], [ -110.806206000426116, 32.081438998866375 ], [ -110.806161999433087, 32.081487998905494 ], [ -110.805980999947565, 32.081699999465592 ], [ -110.805980571434915, 32.081700485399622 ], [ -110.805944000191104, 32.081741999516602 ], [ -110.805874410028025, 32.081822246974028 ], [ -110.805833000905679, 32.08186999804353 ], [ -110.805689530140398, 32.082036709316043 ], [ -110.804914078902428, 32.082949464594471 ], [ -110.804844130101685, 32.083031797825839 ], [ -110.80465401867086, 32.083764979804563 ], [ -110.80465480602156, 32.083765040825206 ], [ -110.806921146516544, 32.083948861194216 ], [ -110.806932273754057, 32.083949763996728 ], [ -110.806932216199414, 32.083930861251801 ], [ -110.806932191160456, 32.083922502923286 ], [ -110.807573171907023, 32.083959616015335 ], [ -110.80925977048021, 32.084374573348242 ], [ -110.81261609957788, 32.086464806314687 ], [ -110.816679587808821, 32.088995195076244 ], [ -110.817561374005976, 32.089544259822674 ], [ -110.818425384662689, 32.090082244211601 ], [ -110.818823250083867, 32.090085945584455 ], [ -110.820118788069991, 32.090097987843457 ], [ -110.823930166693458, 32.090088146022417 ], [ -110.824334321771076, 32.090089281669748 ], [ -110.834787618709612, 32.090118207534218 ], [ -110.837838367293742, 32.090139233168244 ], [ -110.841229553247118, 32.090138111657289 ], [ -110.843979854997784, 32.090174335008363 ], [ -110.85470527647557, 32.09031510028607 ], [ -110.854705228948163, 32.090318659410002 ], [ -110.854673601290187, 32.092728886674131 ] ] ], [ [ [ -110.893122054124149, 32.149014220170827 ], [ -110.893122579880682, 32.149014221717728 ], [ -110.893122930687966, 32.149014227260601 ], [ -110.895018090631822, 32.149016364783058 ], [ -110.895018091426408, 32.149016293545138 ], [ -110.895019957205875, 32.148822883890453 ], [ -110.895013392804799, 32.148451832854533 ], [ -110.895013918578456, 32.148451832590027 ], [ -110.895014229096617, 32.148451838704183 ], [ -110.895014269363742, 32.14845183993107 ], [ -110.895031163217837, 32.148451813987023 ], [ -110.89503168900157, 32.14845181282071 ], [ -110.895032039877364, 32.148451812046019 ], [ -110.896237620459317, 32.148424516211406 ], [ -110.89618681829694, 32.148365582496012 ], [ -110.895941376088246, 32.148080850521012 ], [ -110.895795398739324, 32.147915949029354 ], [ -110.895498349991769, 32.147572275827109 ], [ -110.8954498924153, 32.147517338697838 ], [ -110.895176488804907, 32.14717222324613 ], [ -110.89510956460272, 32.147089305645324 ], [ -110.895081363287758, 32.147046902249294 ], [ -110.894417677208338, 32.146082393976414 ], [ -110.893996927488715, 32.145442998222578 ], [ -110.893598509579974, 32.144793473723034 ], [ -110.893280804697085, 32.144239862481037 ], [ -110.893194713550997, 32.14408351722755 ], [ -110.892805048745458, 32.143338369931129 ], [ -110.892428207884905, 32.142548399777908 ], [ -110.892349721911231, 32.142398385899156 ], [ -110.892288240698136, 32.142280721978942 ], [ -110.89209089401804, 32.141903672146199 ], [ -110.892090342002319, 32.141867351086901 ], [ -110.892084873732131, 32.141507272950044 ], [ -110.892070643822777, 32.140594909595364 ], [ -110.892056559704869, 32.139687614665398 ], [ -110.892036983495316, 32.138422850102039 ], [ -110.892033847449056, 32.138215721738078 ], [ -110.892030494037627, 32.137992013304682 ], [ -110.892029444813673, 32.137923285520138 ], [ -110.892028396649664, 32.137854557743466 ], [ -110.892027347425923, 32.137785829957494 ], [ -110.892017828084164, 32.13717458043385 ], [ -110.892004499188687, 32.136308094366093 ], [ -110.89199405902167, 32.135634646272237 ], [ -110.891981628729354, 32.135601384517642 ], [ -110.891965241646972, 32.135557533026059 ], [ -110.891939461695799, 32.135479585822466 ], [ -110.891917121019105, 32.135400979263878 ], [ -110.891897816894613, 32.13532171009156 ], [ -110.891890204319921, 32.135283376670273 ], [ -110.891881971650648, 32.13524192241119 ], [ -110.891776127609191, 32.134648391971453 ], [ -110.891721825533025, 32.134178158299697 ], [ -110.891722351123562, 32.13417816706464 ], [ -110.891722667981711, 32.134178170532145 ], [ -110.891722701894025, 32.134178170806742 ], [ -110.892217716446282, 32.134181554903542 ], [ -110.892217716182827, 32.134181483656945 ], [ -110.892259310720945, 32.119331836982859 ], [ -110.892259321256503, 32.119328237862327 ], [ -110.89224631399118, 32.119328205668914 ], [ -110.892022101596126, 32.119327650313181 ], [ -110.892021750852209, 32.119327649278318 ], [ -110.892021225266106, 32.119327647730344 ], [ -110.892017919158675, 32.11932763810934 ], [ -110.89201704280849, 32.119327637329967 ], [ -110.892017043604497, 32.119327566091812 ], [ -110.89201730489745, 32.119271463524989 ], [ -110.892054399225913, 32.111304070651443 ], [ -110.892084684656083, 32.104853440381902 ], [ -110.892084700671177, 32.104849918855408 ], [ -110.892085534496132, 32.104849920190361 ], [ -110.892085576872987, 32.104849920533198 ], [ -110.892389369065015, 32.104850674393013 ], [ -110.892398117250949, 32.104850696448679 ], [ -110.892407430148765, 32.104850719463677 ], [ -110.892407430893684, 32.1048506527341 ], [ -110.892408083239829, 32.104647572524478 ], [ -110.892410033585747, 32.103900445190519 ], [ -110.892417321130495, 32.101428025568353 ], [ -110.892417918182389, 32.101225509352062 ], [ -110.892417987742618, 32.101199059150275 ], [ -110.892418824842636, 32.100858375917127 ], [ -110.892427152669725, 32.097720820745536 ], [ -110.892427041972994, 32.097557205595237 ], [ -110.891366848457707, 32.097546120628941 ], [ -110.875030388238571, 32.09755111498206 ], [ -110.875042509618538, 32.101298179780663 ], [ -110.875041674688077, 32.101298185539434 ], [ -110.875041686467924, 32.101301627924883 ], [ -110.875041882661009, 32.101361066507941 ], [ -110.875041885250326, 32.101361771761006 ], [ -110.875043851975903, 32.101906543378654 ], [ -110.875044968076139, 32.102270508021803 ], [ -110.8750462893275, 32.102634130734629 ], [ -110.875047600879213, 32.102998698466109 ], [ -110.875048705171437, 32.103363694645942 ], [ -110.875050018527489, 32.103728004428277 ], [ -110.875051130564756, 32.104092312534632 ], [ -110.875052240613684, 32.10445679285408 ], [ -110.875054187153282, 32.104821036539136 ], [ -110.875044017135039, 32.104821293783644 ], [ -110.873990860876503, 32.10484295219954 ], [ -110.872926496447519, 32.104865008186273 ], [ -110.871853074747861, 32.104887080597166 ], [ -110.870798023704026, 32.104908866343798 ], [ -110.868680049521231, 32.104952431067808 ], [ -110.867664566924276, 32.104973401647172 ], [ -110.867623988120243, 32.104974181981284 ], [ -110.866550362907773, 32.104996293384261 ], [ -110.864399044810213, 32.105043119058763 ], [ -110.863333480699211, 32.105066215255682 ], [ -110.862797871640282, 32.105077908261073 ], [ -110.862260243268111, 32.105089582185876 ], [ -110.85820612750652, 32.105177571072886 ], [ -110.857969543546886, 32.105176599928249 ], [ -110.857877803376198, 32.105176222550888 ], [ -110.857722817361719, 32.105175585018763 ], [ -110.857722673271084, 32.105175584715745 ], [ -110.857721941185176, 32.105175581299676 ], [ -110.8566644763997, 32.10514388585586 ], [ -110.855478594082555, 32.10510833876878 ], [ -110.85475958792199, 32.105086781429513 ], [ -110.851308265299167, 32.104983162778957 ], [ -110.849539877957369, 32.104930033813858 ], [ -110.849487823536052, 32.104928538230723 ], [ -110.847153350192528, 32.104861454464142 ], [ -110.846000442470626, 32.104828262442169 ], [ -110.844803146288257, 32.104793824803799 ], [ -110.844449445697961, 32.104783701725388 ], [ -110.843192023912891, 32.104747536755866 ], [ -110.842099279472123, 32.104716077249179 ], [ -110.842086514581467, 32.104715710112643 ], [ -110.845822019367034, 32.107043907074889 ], [ -110.84713785615935, 32.107889536699737 ], [ -110.848077612599809, 32.108480980817205 ], [ -110.849763859867863, 32.109519199592135 ], [ -110.85274729263196, 32.11138734971756 ], [ -110.85363695540866, 32.111970688403453 ], [ -110.854874035885359, 32.112744194445739 ], [ -110.857943644999864, 32.114649453361253 ], [ -110.857947612965773, 32.114652052236394 ], [ -110.85795119879424, 32.114654342196957 ], [ -110.857951185371164, 32.114662665045223 ], [ -110.857951184523614, 32.114662922058812 ], [ -110.857949012262765, 32.114759217205076 ], [ -110.857949250866611, 32.114842366737321 ], [ -110.85796388566402, 32.119943063052155 ], [ -110.857989580361462, 32.121379149167829 ], [ -110.857989847723601, 32.12139408203452 ], [ -110.857995172931567, 32.121691711095359 ], [ -110.857993668845339, 32.122009485740307 ], [ -110.85799359907935, 32.122024247145049 ], [ -110.857936496833133, 32.13407920742759 ], [ -110.857962258249728, 32.141343329892585 ], [ -110.858184208070554, 32.141347304683684 ], [ -110.858197121751118, 32.141347536232672 ], [ -110.858197163084569, 32.141347536578344 ], [ -110.858197154425724, 32.141351130271644 ], [ -110.858197145849644, 32.141355083793108 ], [ -110.858196941814597, 32.141444583535609 ], [ -110.858196940981188, 32.141444655674498 ], [ -110.858117002112991, 32.141444989937817 ], [ -110.858116960789928, 32.141444988690395 ], [ -110.858116651370878, 32.141444981593359 ], [ -110.858116125631355, 32.14144498260714 ], [ -110.858115841202306, 32.141567946531033 ], [ -110.858210287363534, 32.141568452348835 ], [ -110.858210769608888, 32.14156845457822 ], [ -110.858213652451553, 32.14156847057108 ], [ -110.858214134696937, 32.141568472800472 ], [ -110.871594190635065, 32.141639370362789 ], [ -110.871597555738745, 32.141639388229251 ], [ -110.873340882371252, 32.141648541620015 ], [ -110.873344247425607, 32.141648563948742 ], [ -110.873394948298909, 32.141647658009227 ], [ -110.874400020016367, 32.141629701165847 ], [ -110.87482824636308, 32.141622047901471 ], [ -110.874993642771557, 32.141609533804719 ], [ -110.874993833727373, 32.141609519143508 ], [ -110.874993990737522, 32.141609506908395 ], [ -110.874991000406354, 32.141370400277225 ], [ -110.874990581461049, 32.141336209530834 ], [ -110.874968528696471, 32.13949306734191 ], [ -110.874968522605144, 32.13949257760045 ], [ -110.874968522098925, 32.139492528897705 ], [ -110.874967877817284, 32.139443756471955 ], [ -110.874960654802265, 32.138836238969148 ], [ -110.874960548932435, 32.138827371347325 ], [ -110.874961390357612, 32.138827849927331 ], [ -110.874961431433846, 32.138827872811035 ], [ -110.875631209126539, 32.139208782905982 ], [ -110.875897828651503, 32.13936043967604 ], [ -110.876847958850632, 32.139900822238772 ], [ -110.877742328427971, 32.140409387186345 ], [ -110.878476072473106, 32.140822318177214 ], [ -110.878479235276473, 32.140824098172303 ], [ -110.878479286891533, 32.140824126552289 ], [ -110.878479626230245, 32.140823831733265 ], [ -110.878479659422212, 32.140823802245293 ], [ -110.878486816514936, 32.14081758965569 ], [ -110.878493962050712, 32.140811367952594 ], [ -110.878501094979924, 32.14080513622558 ], [ -110.878504567814815, 32.140802098503698 ], [ -110.878864580833778, 32.140458656958238 ], [ -110.879189075465746, 32.140090482806791 ], [ -110.879475714418149, 32.139700226572593 ], [ -110.87972243428419, 32.139290699734744 ], [ -110.879927460655679, 32.138864849591407 ], [ -110.880089316761214, 32.138425743991 ], [ -110.880090233883394, 32.138422812449654 ], [ -110.880093980596314, 32.13841082359145 ], [ -110.880097694525645, 32.138398828151857 ], [ -110.880101376741436, 32.138386825237795 ], [ -110.88018762855495, 32.138169519540462 ], [ -110.880298085936943, 32.137891108508036 ], [ -110.880300067185303, 32.137886115084108 ], [ -110.880300816930657, 32.137886267318883 ], [ -110.88030088143563, 32.137886280472621 ], [ -110.880338391024225, 32.137893886977757 ], [ -110.880726859653009, 32.1379795453824 ], [ -110.881111818118484, 32.13807641064318 ], [ -110.881492614402617, 32.138184322346532 ], [ -110.881868845818332, 32.138303190663507 ], [ -110.882240311991623, 32.138432842650928 ], [ -110.882606208471017, 32.138573098628662 ], [ -110.882966334854189, 32.138723786563624 ], [ -110.883320287444562, 32.138884903209721 ], [ -110.883667667387456, 32.139056015192395 ], [ -110.884007869601717, 32.1392371176293 ], [ -110.884340895998477, 32.13942795267139 ], [ -110.884665941946864, 32.139628256793948 ], [ -110.884982809114334, 32.139837857094435 ], [ -110.88529109453745, 32.140056491525925 ], [ -110.885590601800942, 32.140283814954472 ], [ -110.885591655270375, 32.140284671253774 ], [ -110.885880928078905, 32.14051973938934 ], [ -110.885884935681361, 32.140523224221276 ], [ -110.885885088935623, 32.140523357136125 ], [ -110.886161673359496, 32.140763831464653 ], [ -110.886432435776186, 32.141015915723109 ], [ -110.886693018855951, 32.141275647934634 ], [ -110.886943019562381, 32.141542766057597 ], [ -110.887182442857025, 32.141817014074874 ], [ -110.887410483814023, 32.142097954426028 ], [ -110.887627552147762, 32.142385247808107 ], [ -110.887832840000257, 32.142678715459944 ], [ -110.888026354225332, 32.142977929125124 ], [ -110.888207692690017, 32.143282540188437 ], [ -110.888377061681098, 32.143592293355795 ], [ -110.888882114577967, 32.144445554108735 ], [ -110.889710747481161, 32.145845429826529 ], [ -110.889781489147992, 32.145981215614306 ], [ -110.889813933845645, 32.146043491171667 ], [ -110.889862517377892, 32.146129089938164 ], [ -110.88992462653151, 32.146238520968254 ], [ -110.890043085064306, 32.146430254361889 ], [ -110.89016894224153, 32.146618544962735 ], [ -110.890302167391837, 32.146803105719762 ], [ -110.890398760647926, 32.146927280580002 ], [ -110.890442706188139, 32.14698377384105 ], [ -110.890517979436311, 32.147073928371817 ], [ -110.8905901567406, 32.147160375599221 ], [ -110.890744522939016, 32.147332565602561 ], [ -110.890905603397712, 32.147500343997777 ], [ -110.891073197535661, 32.147663449408043 ], [ -110.891247107895865, 32.147821624991131 ], [ -110.891250412102494, 32.147824452837533 ], [ -110.891395919872693, 32.147949016066462 ], [ -110.891548811897593, 32.148072746138325 ], [ -110.89155292975903, 32.148075898912673 ], [ -110.891704381658144, 32.148191859622145 ], [ -110.891863627524643, 32.148307223131752 ], [ -110.892026752997808, 32.148418838301062 ], [ -110.892193208272573, 32.148526578917725 ], [ -110.892194084831488, 32.148526586013837 ], [ -110.892734529207303, 32.148533077466531 ], [ -110.892748040553982, 32.148533239995757 ], [ -110.892748000686566, 32.148536806397338 ], [ -110.892745373468188, 32.148771447629528 ], [ -110.892744788592566, 32.148823673083946 ], [ -110.892748969456434, 32.148826032722319 ], [ -110.892888676248234, 32.148904874318369 ], [ -110.892888827930832, 32.148904960317182 ], [ -110.892889349457064, 32.148904960928995 ], [ -110.892889696054397, 32.14890496373296 ], [ -110.892902557090949, 32.148904987515031 ], [ -110.89291588664716, 32.148905012380538 ], [ -110.89312187388343, 32.149014128530354 ], [ -110.893122054124149, 32.149014220170827 ] ] ], [ [ [ -110.907253928348609, 32.165493124848538 ], [ -110.907266339124959, 32.165984148174431 ], [ -110.907267759446455, 32.166040330637479 ], [ -110.907271835979188, 32.166040334304029 ], [ -110.90727236184533, 32.166040334892386 ], [ -110.907859130633312, 32.166040924421878 ], [ -110.907862161324445, 32.166040777241371 ], [ -110.907865193085655, 32.166040629167561 ], [ -110.907865614485573, 32.166040584730951 ], [ -110.90786822567496, 32.166040309753292 ], [ -110.907871259324381, 32.166039990347436 ], [ -110.907874293801896, 32.166039499601141 ], [ -110.907877126863866, 32.166039006346921 ], [ -110.907880164299613, 32.166038343375313 ], [ -110.907882999249722, 32.166037678789081 ], [ -110.907885836088013, 32.166036842870867 ], [ -110.907887656009578, 32.166036309973997 ], [ -110.907887726256689, 32.166036285282992 ], [ -110.907888672936195, 32.166036006050874 ], [ -110.907891511672517, 32.166034997898905 ], [ -110.907894350408768, 32.166033989746865 ], [ -110.907896988547591, 32.166032808648353 ], [ -110.907899829181858, 32.166031628262566 ], [ -110.907902469324767, 32.166030361506422 ], [ -110.907904907936057, 32.166029006568039 ], [ -110.90790754892673, 32.166027566667928 ], [ -110.907909989426031, 32.16602604039754 ], [ -110.907912430879279, 32.166024427559385 ], [ -110.907914670907019, 32.166022813115141 ], [ -110.907916910818614, 32.166021112996454 ], [ -110.907919152734337, 32.166019327220219 ], [ -110.907921193108507, 32.166017454163509 ], [ -110.907923233492525, 32.166015580205013 ], [ -110.907925274820514, 32.166013620580536 ], [ -110.907927114606949, 32.166011573675576 ], [ -110.907928956397527, 32.166009441113076 ], [ -110.907930595702481, 32.166007306936102 ], [ -110.907932235007323, 32.166005172759093 ], [ -110.907933875266124, 32.166002952014338 ], [ -110.907935313983373, 32.16600064398915 ], [ -110.907936551265252, 32.165998335259687 ], [ -110.907937788556993, 32.165996025628445 ], [ -110.907939026792732, 32.165993630331208 ], [ -110.90794006360305, 32.165991233427981 ], [ -110.907941100297222, 32.165988750850339 ], [ -110.907941935575934, 32.165986265764921 ], [ -110.907942770844656, 32.165983781581204 ], [ -110.907943404687998, 32.165981295791525 ], [ -110.90794383699982, 32.165978721819656 ], [ -110.907944470727003, 32.165976150355526 ], [ -110.907944701613445, 32.165973574777652 ], [ -110.90794493142981, 32.165971000093059 ], [ -110.907944577417027, 32.165599913883447 ], [ -110.907943860647734, 32.165023525840923 ], [ -110.907943375038641, 32.164668413477834 ], [ -110.907943370241327, 32.164664807938379 ], [ -110.907934760445841, 32.164664791597446 ], [ -110.907819785127813, 32.164664567432773 ], [ -110.907819259269502, 32.164664566846845 ], [ -110.907815121350438, 32.164664559101908 ], [ -110.907814654786222, 32.164608385136454 ], [ -110.90781416696818, 32.164549618250646 ], [ -110.907813434529231, 32.164469468917602 ], [ -110.907804728162361, 32.163426844103554 ], [ -110.908073137435778, 32.162914019577627 ], [ -110.908039127162738, 32.160868149580033 ], [ -110.908036466189785, 32.160706381228337 ], [ -110.908027744084407, 32.160544821574966 ], [ -110.908013364764841, 32.160383473839055 ], [ -110.907992920570578, 32.160222680168872 ], [ -110.907986093058597, 32.1601811173553 ], [ -110.907966613081811, 32.160062526038836 ], [ -110.907934642660976, 32.159903014846748 ], [ -110.907896804266358, 32.159744573321738 ], [ -110.907853098881205, 32.159587114891451 ], [ -110.907796884708688, 32.159410144880908 ], [ -110.907733177608065, 32.159235003520337 ], [ -110.90766238064154, 32.159061868065912 ], [ -110.90758449101294, 32.158890995504713 ], [ -110.907499707227728, 32.158722557852748 ], [ -110.90740782705069, 32.158556727536208 ], [ -110.907309252511794, 32.158393678192638 ], [ -110.907204180199116, 32.158233754971349 ], [ -110.907092408844434, 32.158077041924393 ], [ -110.906974137025031, 32.157923799443473 ], [ -110.90684976770072, 32.157774115498512 ], [ -110.906719297088429, 32.157628334539694 ], [ -110.906582725211663, 32.157486455646918 ], [ -110.906440453099563, 32.157348740827018 ], [ -110.9062942285574, 32.157216758767326 ], [ -110.90629268134488, 32.157215362108111 ], [ -110.906153220583363, 32.157097425743942 ], [ -110.906015475744525, 32.156988780028705 ], [ -110.905873242202205, 32.156884307134938 ], [ -110.905726721462372, 32.15678409523305 ], [ -110.905576314437127, 32.156688318858954 ], [ -110.9054220201715, 32.156597063664755 ], [ -110.905264243583758, 32.156510332872905 ], [ -110.904941710507927, 32.15632899876281 ], [ -110.904422888741379, 32.15603734511906 ], [ -110.900665800104036, 32.153925127679919 ], [ -110.898183448931064, 32.152529413962533 ], [ -110.896438281470537, 32.151548218918911 ], [ -110.896427645046415, 32.151542206360148 ], [ -110.893561890807149, 32.149952357767035 ], [ -110.892433598807486, 32.149326390493307 ], [ -110.892196512690631, 32.149203520229364 ], [ -110.892196206004812, 32.1492033608288 ], [ -110.892195683263012, 32.149203089656332 ], [ -110.892195608800222, 32.149209936621595 ], [ -110.89219016616299, 32.149712930421451 ], [ -110.892189675744916, 32.149758291924208 ], [ -110.892411914047798, 32.149999006331157 ], [ -110.892425308640355, 32.150013515107872 ], [ -110.892398009826962, 32.152255943795971 ], [ -110.8923945316605, 32.152548831437052 ], [ -110.89235269701193, 32.155982129418312 ], [ -110.892311870908415, 32.159342677167352 ], [ -110.892311067548619, 32.159414482089396 ], [ -110.892288707085967, 32.162838829209242 ], [ -110.892287239030495, 32.163028481846638 ], [ -110.892288615072857, 32.163028489380679 ], [ -110.896320513327154, 32.163050013505867 ], [ -110.896326950051346, 32.163274944500394 ], [ -110.896589881885333, 32.163282115822788 ], [ -110.896696925248335, 32.163282033718062 ], [ -110.89685405668628, 32.163281926001915 ], [ -110.897008966162915, 32.163281800183029 ], [ -110.897175792106253, 32.163281684524698 ], [ -110.897338377660958, 32.163281534482678 ], [ -110.897508232317549, 32.163281442787323 ], [ -110.897828958637362, 32.163281185207005 ], [ -110.897976395545243, 32.163281090013598 ], [ -110.898150492643282, 32.163280945039183 ], [ -110.898337111528889, 32.163280814938197 ], [ -110.898522922616294, 32.163280678962984 ], [ -110.898609971709419, 32.163280605683013 ], [ -110.899014751732238, 32.163277162510369 ], [ -110.899349017666822, 32.163276156853186 ], [ -110.899399858206394, 32.163281118057903 ], [ -110.900096682763646, 32.163285191219259 ], [ -110.900104879653711, 32.163285239043894 ], [ -110.900104910826443, 32.163288828559672 ], [ -110.900116161275577, 32.164588333871087 ], [ -110.900116647358246, 32.164644424995799 ], [ -110.900120784798006, 32.164644475374523 ], [ -110.900121310595168, 32.164644481402895 ], [ -110.900746708966565, 32.164652063357906 ], [ -110.900827505027095, 32.164651337740302 ], [ -110.900900164059905, 32.16465060445794 ], [ -110.900908100616419, 32.164650524788144 ], [ -110.900908149111146, 32.164654180275697 ], [ -110.900911840858456, 32.164932303091085 ], [ -110.900916499866668, 32.165280237642889 ], [ -110.90091725265215, 32.165336414775702 ], [ -110.900921372582559, 32.165336421700452 ], [ -110.900921898443883, 32.165336422315107 ], [ -110.901557201108048, 32.165337487495435 ], [ -110.901566579623235, 32.165337503224606 ], [ -110.901566578232973, 32.165337437380188 ], [ -110.901565178000055, 32.165234633385921 ], [ -110.90156513194006, 32.165231234036568 ], [ -110.901565967496637, 32.165231224507856 ], [ -110.902172057684567, 32.165224413737427 ], [ -110.90218061576374, 32.165224317328416 ], [ -110.902180623964341, 32.165227977903626 ], [ -110.902181232746528, 32.16550231988122 ], [ -110.902181357630695, 32.16555839818939 ], [ -110.902185517337486, 32.165558452286952 ], [ -110.902186043130285, 32.165558459208604 ], [ -110.902381279887294, 32.16556101751528 ], [ -110.902686244915103, 32.165562173395614 ], [ -110.902976348653254, 32.16556325094993 ], [ -110.902985756668613, 32.165563285748817 ], [ -110.902985755297308, 32.165563218100914 ], [ -110.902965676511698, 32.164651536144262 ], [ -110.902965597402712, 32.164647957066343 ], [ -110.902966433834465, 32.164647963768203 ], [ -110.903650620141946, 32.164653358233927 ], [ -110.903674249080254, 32.164653547428962 ], [ -110.903770203583747, 32.164653917076706 ], [ -110.903777653362468, 32.16465394605784 ], [ -110.903777732293662, 32.164657544072526 ], [ -110.903782464321836, 32.164872718789681 ], [ -110.903783699424125, 32.164928870933622 ], [ -110.90378778843592, 32.164928891946445 ], [ -110.903788314275303, 32.16492889435262 ], [ -110.904292839227068, 32.164931485123752 ], [ -110.905005287770422, 32.164935064821186 ], [ -110.905014642580682, 32.16493511166847 ], [ -110.905014642277962, 32.164935043127294 ], [ -110.905012745404008, 32.164655509745366 ], [ -110.905012721932749, 32.164651973498465 ], [ -110.905013557344816, 32.164651976571349 ], [ -110.905106028634961, 32.164652290298186 ], [ -110.905791542079541, 32.164649866767725 ], [ -110.905809315786811, 32.164649836531211 ], [ -110.906437064286067, 32.164647549467261 ], [ -110.90652099072085, 32.164647824590851 ], [ -110.906528351494416, 32.164647849092006 ], [ -110.906528436874595, 32.164651448961443 ], [ -110.906546843120339, 32.165431412973156 ], [ -110.906548168778912, 32.165487582963983 ], [ -110.906552251567504, 32.165487593917959 ], [ -110.90655277742043, 32.165487595411001 ], [ -110.907246570078001, 32.165489502122952 ], [ -110.907253837669202, 32.165489522231951 ], [ -110.907253928348609, 32.165493124848538 ] ] ], [ [ [ -110.908280498317851, 32.177106870911224 ], [ -110.908280494818996, 32.177110555738352 ], [ -110.908280493354354, 32.177112324204629 ], [ -110.908405640014252, 32.177112969206689 ], [ -110.908399939283797, 32.176895242254446 ], [ -110.908388679935584, 32.17646517786342 ], [ -110.908381187993939, 32.176178970082816 ], [ -110.908378779092317, 32.176178951782923 ], [ -110.908378684689183, 32.176175490729143 ], [ -110.9083715442992, 32.176175493332146 ], [ -110.908081709709975, 32.176175586928906 ], [ -110.907133808727835, 32.176175931571748 ], [ -110.907133767378042, 32.176175931241744 ], [ -110.907132931820513, 32.176175931787753 ], [ -110.906939077814869, 32.1761760005569 ], [ -110.906927726425465, 32.176887242916735 ], [ -110.908184724061755, 32.176889242002503 ], [ -110.908280724171249, 32.176889242607878 ], [ -110.908280498317851, 32.177106870911224 ] ] ], [ [ [ -110.939476425873309, 32.221429239439608 ], [ -110.93947670724684, 32.221468186802191 ], [ -110.939477849032343, 32.221496520057684 ], [ -110.94091920194461, 32.221439795631419 ], [ -110.941014400859032, 32.221442252979905 ], [ -110.942400566649042, 32.221478022949121 ], [ -110.943773486735154, 32.221437788302339 ], [ -110.943886037209438, 32.22143448904346 ], [ -110.943996867224698, 32.221445906815539 ], [ -110.944015610211707, 32.221446656170272 ], [ -110.944044743219905, 32.221447821853026 ], [ -110.945162090438131, 32.221414152706899 ], [ -110.946651747095046, 32.221413911345749 ], [ -110.948066139915767, 32.221402595603912 ], [ -110.948122963483016, 32.221403003981536 ], [ -110.949504959236421, 32.221412926050455 ], [ -110.949559048727025, 32.221414958689429 ], [ -110.950985942996525, 32.221468573170064 ], [ -110.952352748220946, 32.221408914848844 ], [ -110.953225366551564, 32.221373994230774 ], [ -110.95477179849469, 32.221355965922832 ], [ -110.956321980996051, 32.221346450476851 ], [ -110.956684644904684, 32.221354790390436 ], [ -110.957900380405448, 32.221382741610157 ], [ -110.959420431044165, 32.221355866411344 ], [ -110.959693921043552, 32.221360994509531 ], [ -110.960634391088306, 32.221378625766611 ], [ -110.960786181942041, 32.221357783678215 ], [ -110.960936640482458, 32.221329114317072 ], [ -110.960976395597214, 32.221328216384407 ], [ -110.963758100044998, 32.2212653636822 ], [ -110.965518649663125, 32.221225551652324 ], [ -110.965538163916378, 32.221214703443252 ], [ -110.965524910646906, 32.221206529673616 ], [ -110.965508411568536, 32.221199533610644 ], [ -110.965487647858339, 32.221194567025535 ], [ -110.965462215185298, 32.221191541200028 ], [ -110.965433128962516, 32.221190033602412 ], [ -110.965399176694376, 32.22119003600676 ], [ -110.96536259506064, 32.221190189959664 ], [ -110.965323592203916, 32.221190067756595 ], [ -110.965282370389474, 32.221189500472832 ], [ -110.96524056150011, 32.221187037629406 ], [ -110.965197967707212, 32.221182422520052 ], [ -110.965154794886189, 32.221175139948024 ], [ -110.965110432857358, 32.221165614588024 ], [ -110.965064280216126, 32.221153326968917 ], [ -110.965015526125839, 32.221138614579417 ], [ -110.9649611460014, 32.22112076835446 ], [ -110.964902544225353, 32.221100827844076 ], [ -110.964843953940743, 32.221079685260399 ], [ -110.964790600043358, 32.221060385733885 ], [ -110.964748726634653, 32.221044779945942 ], [ -110.964710487098515, 32.221029546009468 ], [ -110.964673844528789, 32.221016213412817 ], [ -110.964637213615205, 32.221001763532186 ], [ -110.964601397294715, 32.220986719161246 ], [ -110.964565982458566, 32.220971935726404 ], [ -110.964531581086476, 32.220956816320573 ], [ -110.964497786497063, 32.220941701476356 ], [ -110.964480490874422, 32.220933581918707 ], [ -110.964220501676749, 32.220729417705314 ], [ -110.964204466064515, 32.220716755191916 ], [ -110.964188229633265, 32.220703919816522 ], [ -110.964171391080626, 32.220690736306359 ], [ -110.964153743311599, 32.220677633271208 ], [ -110.964136096450375, 32.220664443665235 ], [ -110.964118246258366, 32.220651423871296 ], [ -110.964099789293002, 32.220638400403935 ], [ -110.964081532998051, 32.220625463217822 ], [ -110.964062464062408, 32.220613036650441 ], [ -110.964048214429155, 32.220603479935484 ], [ -110.964024691609708, 32.219894207502207 ], [ -110.963975203506664, 32.218671065031941 ], [ -110.963974919084407, 32.218601398686666 ], [ -110.963978280459074, 32.217290865185902 ], [ -110.963959166244763, 32.215984456524289 ], [ -110.963939850380939, 32.214677960410008 ], [ -110.963183337368562, 32.21468943634823 ], [ -110.96241828024047, 32.214686927186769 ], [ -110.960921304816111, 32.21469710139656 ], [ -110.96091589435801, 32.214697138047441 ], [ -110.960890365372094, 32.212056928782467 ], [ -110.96089931544509, 32.212057197555964 ], [ -110.961626904354731, 32.212079073473525 ], [ -110.962400904617155, 32.212074524845214 ], [ -110.963171748152647, 32.212062645580218 ], [ -110.963922098039319, 32.212058854363853 ], [ -110.96469015040536, 32.212062664532361 ], [ -110.965456258522323, 32.212059239891744 ], [ -110.966236029320598, 32.212043887469157 ], [ -110.967014656076316, 32.212060820556928 ], [ -110.967750889729913, 32.212073650190376 ], [ -110.968530700849783, 32.212073831402179 ], [ -110.968598249782659, 32.212068496869925 ], [ -110.969308099295901, 32.212033961236358 ], [ -110.970068407937774, 32.212024624940597 ], [ -110.970830415434591, 32.212026805895739 ], [ -110.97160096667001, 32.212023635165068 ], [ -110.97237726338723, 32.21201191274811 ], [ -110.973134603028484, 32.212016107421604 ], [ -110.973897393724116, 32.212020853152509 ], [ -110.974330970113996, 32.212008967588936 ], [ -110.974521175643559, 32.212004029179319 ], [ -110.975429183582179, 32.211976862584415 ], [ -110.975605732591987, 32.212002830202138 ], [ -110.976277721968188, 32.212073199696668 ], [ -110.977567748318179, 32.211997663027134 ], [ -110.977668602817062, 32.211995835662748 ], [ -110.977660973205687, 32.211853444413656 ], [ -110.977653345416201, 32.210589983700949 ], [ -110.977652742232763, 32.210491367036347 ], [ -110.977647026043627, 32.209553133915975 ], [ -110.977645994563957, 32.209397820628759 ], [ -110.977645353999378, 32.209283226880942 ], [ -110.977638404721802, 32.208150337415709 ], [ -110.977637101607385, 32.207942795394949 ], [ -110.977630670316245, 32.206897183095307 ], [ -110.977648173692913, 32.20674041568148 ], [ -110.977648196777054, 32.206740233683568 ], [ -110.977636791886127, 32.206740661215036 ], [ -110.9772691269403, 32.206748602158136 ], [ -110.976481449228785, 32.20676598900932 ], [ -110.976281000168896, 32.206767999118682 ], [ -110.97621799967385, 32.206768999581406 ], [ -110.976166999733763, 32.206768998974226 ], [ -110.975132999971663, 32.20676699883272 ], [ -110.974649000253478, 32.206761999277084 ], [ -110.974340000512342, 32.206763999181121 ], [ -110.973413999491285, 32.206773998708854 ], [ -110.973105999481049, 32.206777998799303 ], [ -110.972955999925446, 32.206779999565242 ], [ -110.972508999654337, 32.206788999218361 ], [ -110.972359999826693, 32.206792998880303 ], [ -110.972196000442722, 32.206788998928594 ], [ -110.971707000499748, 32.206782999325526 ], [ -110.971543999836953, 32.206780999032468 ], [ -110.971387000132282, 32.206780999461635 ], [ -110.970916999954184, 32.206783999315888 ], [ -110.97076099970495, 32.206784999356096 ], [ -110.970610000438839, 32.206784999523798 ], [ -110.970158999977144, 32.206784999468319 ], [ -110.970008999914313, 32.206784999183888 ], [ -110.96986000002363, 32.206788999504305 ], [ -110.969413000300975, 32.206800999410312 ], [ -110.96926400037654, 32.206804999027256 ], [ -110.969105999982361, 32.206811999029235 ], [ -110.968721000026193, 32.206834999000542 ], [ -110.968635000350986, 32.206836999218496 ], [ -110.968477999648684, 32.206841999364315 ], [ -110.968324999747693, 32.206836999200085 ], [ -110.967866000447927, 32.206827999261634 ], [ -110.967712999997829, 32.206824999508036 ], [ -110.967555999854568, 32.206822999430301 ], [ -110.967085999732248, 32.206816999227712 ], [ -110.966930000095374, 32.20681599879908 ], [ -110.966780999856141, 32.206813999235408 ], [ -110.966336999948354, 32.2068079995015 ], [ -110.966189000213006, 32.206806998770631 ], [ -110.965417999534139, 32.206824999347596 ], [ -110.963871999549028, 32.206830999359539 ], [ -110.963565000256921, 32.20683299881324 ], [ -110.962646999912138, 32.206838999085363 ], [ -110.962342000207698, 32.206841999058604 ], [ -110.96205400013551, 32.206842999244827 ], [ -110.961189000156239, 32.206848999508956 ], [ -110.960938555149184, 32.206850744506468 ], [ -110.960927442760592, 32.205797644391097 ], [ -110.960916502028866, 32.204760783699577 ], [ -110.960905456512151, 32.203713955059975 ], [ -110.960913323063053, 32.203240698705521 ], [ -110.960889175306477, 32.203197751525195 ], [ -110.960888992274903, 32.20319506991143 ], [ -110.960888952968716, 32.203194467193796 ], [ -110.960887484702724, 32.203171978054051 ], [ -110.960886102402682, 32.203150802624343 ], [ -110.96088550091838, 32.203141580502603 ], [ -110.960885064789508, 32.203134904586932 ], [ -110.960881156525303, 32.20307503159912 ], [ -110.960877425651404, 32.203025074639093 ], [ -110.960875219291836, 32.202988677352089 ], [ -110.960861314643196, 32.202771044318219 ], [ -110.960861687874782, 32.202769838691282 ], [ -110.960876057202881, 32.202723734084422 ], [ -110.960900114010514, 32.202646542772733 ], [ -110.960900383992225, 32.20264567635401 ], [ -110.960902592142233, 32.202638589353114 ], [ -110.960910900057527, 32.202611932818002 ], [ -110.960912028336551, 32.202608306081387 ], [ -110.960912079440405, 32.202554018274405 ], [ -110.960911599029032, 32.20250085824236 ], [ -110.960911643635015, 32.202492534714445 ], [ -110.960911837855249, 32.202455903961457 ], [ -110.960887539950406, 32.199725079823565 ], [ -110.960915088328179, 32.199599720287679 ], [ -110.960939070897538, 32.199490584724238 ], [ -110.960939475486654, 32.199350333745102 ], [ -110.960939462814949, 32.199345154453141 ], [ -110.960938362972257, 32.19922483241114 ], [ -110.960937446425504, 32.19912451429019 ], [ -110.960931814956936, 32.198508464775735 ], [ -110.960931568293645, 32.198481536138068 ], [ -110.96093032889803, 32.198314806771357 ], [ -110.96092910245082, 32.198149882055752 ], [ -110.960927835838575, 32.19797956680744 ], [ -110.960926651650368, 32.197811512158303 ], [ -110.960928206626846, 32.197650086803165 ], [ -110.960929137592885, 32.197553424203278 ], [ -110.960929866464767, 32.197477817755974 ], [ -110.960931612981241, 32.197306285250868 ], [ -110.96093272826144, 32.197230339928389 ], [ -110.960933889498264, 32.197151317013606 ], [ -110.960934063077772, 32.197139480931909 ], [ -110.960941882482118, 32.197060176466969 ], [ -110.960942885450123, 32.197050064636002 ], [ -110.960942887872775, 32.197050035795819 ], [ -110.960942891365406, 32.197050006061893 ], [ -110.960950256176773, 32.196975227139376 ], [ -110.960966602256818, 32.196809420646531 ], [ -110.960979484117445, 32.196680977754511 ], [ -110.96098339244125, 32.196642011347372 ], [ -110.961006822654383, 32.196472088326537 ], [ -110.961029568882353, 32.196307119279339 ], [ -110.961056867370701, 32.19610914074152 ], [ -110.961057662619453, 32.196104389608038 ], [ -110.961070080959942, 32.196030215203756 ], [ -110.961081672416114, 32.195960975664818 ], [ -110.961109377550358, 32.195807481045783 ], [ -110.96111251953235, 32.195790076057769 ], [ -110.961139101099249, 32.195642800961984 ], [ -110.961141004760975, 32.195632254037022 ], [ -110.961156910635509, 32.195544128535268 ], [ -110.961185978789686, 32.195383080552681 ], [ -110.96120070137475, 32.195301513213288 ], [ -110.961230730786383, 32.195135135456091 ], [ -110.961262520701126, 32.194959006892603 ], [ -110.96129018804028, 32.194805717534535 ], [ -110.961318679332493, 32.194647861219089 ], [ -110.9613470196809, 32.194490839746763 ], [ -110.961377648559505, 32.194321135102406 ], [ -110.961406129390241, 32.194163335488149 ], [ -110.961435564707202, 32.194000248437753 ], [ -110.961464005917989, 32.193842667645342 ], [ -110.961492514589551, 32.193684710386819 ], [ -110.961503732308543, 32.19362255452242 ], [ -110.961509844307031, 32.193571484146368 ], [ -110.961514335261143, 32.193533965928182 ], [ -110.961534402596357, 32.193366281798617 ], [ -110.961551078696743, 32.193206876986444 ], [ -110.961567687577258, 32.193047910850346 ], [ -110.961568654057103, 32.193038234314464 ], [ -110.961583636068184, 32.192888297617891 ], [ -110.961583786419737, 32.192886798110614 ], [ -110.961592338270449, 32.192764583755633 ], [ -110.961595388834539, 32.192720981736528 ], [ -110.961596184689625, 32.192708957353133 ], [ -110.96159907238119, 32.192665311717462 ], [ -110.961599874888122, 32.192653056516036 ], [ -110.96160163650282, 32.192631017404473 ], [ -110.961602018485991, 32.192626227070072 ], [ -110.96160758329961, 32.192546707067827 ], [ -110.961628145063315, 32.19233956170207 ], [ -110.961628204370342, 32.19232352583208 ], [ -110.961628730918676, 32.192180299569657 ], [ -110.961628742361754, 32.192178696204643 ], [ -110.961632593324467, 32.191650039001956 ], [ -110.961635077923859, 32.191308966267464 ], [ -110.961638681131362, 32.190814269096919 ], [ -110.96163859369922, 32.190769429503185 ], [ -110.961638533740455, 32.19073851164962 ], [ -110.961638440166169, 32.190690705893651 ], [ -110.961638312163757, 32.190625379144834 ], [ -110.961638179422266, 32.190557459601287 ], [ -110.961614016020889, 32.188862147817865 ], [ -110.961611617963101, 32.188672272118083 ], [ -110.961611315503916, 32.188619282858959 ], [ -110.961605864097976, 32.187663004153343 ], [ -110.961596608205127, 32.18611600996956 ], [ -110.96159649601033, 32.186097404378529 ], [ -110.961594725185535, 32.185956630741522 ], [ -110.961594724567718, 32.185956588350862 ], [ -110.961594719661278, 32.18595655043697 ], [ -110.961606468522902, 32.185914508386645 ], [ -110.961631832784349, 32.178183393236843 ], [ -110.961640951862933, 32.177948441406599 ], [ -110.961674233143469, 32.177953073777239 ], [ -110.962886656073692, 32.177893760138545 ], [ -110.964358594107338, 32.177897806339615 ], [ -110.965837781251821, 32.177884710918171 ], [ -110.967238229161552, 32.177906569114541 ], [ -110.967960022715644, 32.17787335216115 ], [ -110.96824932326551, 32.177860039918485 ], [ -110.968248716788054, 32.176885674944579 ], [ -110.96824402670498, 32.175954576148008 ], [ -110.968234974198538, 32.175035040264675 ], [ -110.968227484502279, 32.174101084854705 ], [ -110.968226310770731, 32.173161936119911 ], [ -110.968215679581164, 32.172238780680047 ], [ -110.968217353360316, 32.171336675950577 ], [ -110.968200071162002, 32.170431595418059 ], [ -110.968189440434159, 32.168806725407784 ], [ -110.968186707157429, 32.168349375612017 ], [ -110.968187629995171, 32.167772995928267 ], [ -110.968165565221923, 32.165126951579936 ], [ -110.96807038482072, 32.163416663198284 ], [ -110.968215502794834, 32.163399546738319 ], [ -110.968924949694227, 32.163315864722421 ], [ -110.969164934662871, 32.163290016468302 ], [ -110.969182952762722, 32.163288076283891 ], [ -110.971315704411623, 32.163291574762283 ], [ -110.971448806354687, 32.16329119482301 ], [ -110.971593490940265, 32.163283942713107 ], [ -110.97320594958606, 32.163270207130431 ], [ -110.97370541530934, 32.16327058122998 ], [ -110.974341771745756, 32.16327515015297 ], [ -110.976371220882385, 32.163249189562293 ], [ -110.977500671943446, 32.163245208968348 ], [ -110.977529684541551, 32.162208613931384 ], [ -110.97752382830663, 32.159609672672794 ], [ -110.977528823708838, 32.157763981419784 ], [ -110.977529130612197, 32.155942220220332 ], [ -110.977531577067765, 32.155073532596184 ], [ -110.977535009485308, 32.154128316073745 ], [ -110.977531358220347, 32.153224021756998 ], [ -110.977553275455293, 32.15234706052933 ], [ -110.977554806220155, 32.151429746734323 ], [ -110.977543187635078, 32.150731208190599 ], [ -110.977538146410595, 32.150179092738952 ], [ -110.977547093450752, 32.14873390759432 ], [ -110.977547378897285, 32.14868776634313 ], [ -110.977571143631565, 32.146428774066429 ], [ -110.977583708298411, 32.145025863279614 ], [ -110.977640769856833, 32.143258513496093 ], [ -110.977660629263411, 32.142643395819917 ], [ -110.977661030136574, 32.142026982069282 ], [ -110.977661476705279, 32.141339182742691 ], [ -110.977667296029708, 32.140475758745808 ], [ -110.977663554205407, 32.14014739801798 ], [ -110.977657834743169, 32.139645463913574 ], [ -110.977487575759952, 32.139649612603044 ], [ -110.977171250024668, 32.139661696218973 ], [ -110.976821273473121, 32.139647329886863 ], [ -110.97480073588558, 32.139603791541099 ], [ -110.973331993222644, 32.139603848695423 ], [ -110.973340177083813, 32.138808904846307 ], [ -110.970625676562733, 32.138804708472911 ], [ -110.96920147179064, 32.138755743675951 ], [ -110.969214251722846, 32.137968824181215 ], [ -110.969212861047581, 32.137615163751413 ], [ -110.969204030708028, 32.137141273296479 ], [ -110.969205701211749, 32.136960122031745 ], [ -110.969211209619814, 32.13632974382601 ], [ -110.969207955913632, 32.135843696768099 ], [ -110.969203327232265, 32.135549282546982 ], [ -110.969185849700182, 32.133997883824051 ], [ -110.967971144908674, 32.133963616444852 ], [ -110.966863902517616, 32.133963646154797 ], [ -110.963823029208697, 32.134041037256758 ], [ -110.961396904903935, 32.134025843841627 ], [ -110.961299939748997, 32.132229459233834 ], [ -110.96130877251467, 32.130975214802874 ], [ -110.961284074974131, 32.130516666044159 ], [ -110.961277649808721, 32.130416457705188 ], [ -110.961205571573302, 32.129544974250074 ], [ -110.961138591039486, 32.128726871915134 ], [ -110.961134456839275, 32.128639222690602 ], [ -110.960892108730135, 32.123166419271456 ], [ -110.960848984044432, 32.121667738057042 ], [ -110.960828424458185, 32.121412974916446 ], [ -110.960824263747938, 32.121366643119103 ], [ -110.96074976594484, 32.120844323824173 ], [ -110.960687442101786, 32.120587269376571 ], [ -110.960649551561289, 32.120213489541179 ], [ -110.960751899479135, 32.119540164071452 ], [ -110.960751959765346, 32.119539768619404 ], [ -110.960685004561256, 32.119540214536563 ], [ -110.940041185181244, 32.119554118942645 ], [ -110.929579681480206, 32.111373049694983 ], [ -110.92619900916381, 32.10872881604179 ], [ -110.909161709572288, 32.108565661420933 ], [ -110.909136824855452, 32.111447384637998 ], [ -110.909121381119974, 32.113297496911819 ], [ -110.90909499074327, 32.116458693095382 ], [ -110.909082269565886, 32.11807342829497 ], [ -110.908271669318353, 32.118054905816095 ], [ -110.907276008003592, 32.118040370763246 ], [ -110.902514970133979, 32.113907330616776 ], [ -110.900663202064152, 32.113880885630032 ], [ -110.900679275768027, 32.119354242758526 ], [ -110.900205414508832, 32.119345970830167 ], [ -110.896486768778075, 32.119280995489945 ], [ -110.896392367838487, 32.119279568362252 ], [ -110.896364306863944, 32.119278854345183 ], [ -110.895103061079695, 32.119256790958644 ], [ -110.895102532546872, 32.11937709815296 ], [ -110.893067449028109, 32.119344873399953 ], [ -110.892888020233443, 32.134620367131447 ], [ -110.896306521909338, 32.134623030782606 ], [ -110.896306522647834, 32.13462305964709 ], [ -110.896306847583247, 32.134648230508674 ], [ -110.896311000780159, 32.134650836905649 ], [ -110.89631153124823, 32.13465116944748 ], [ -110.901045685568278, 32.137621948564018 ], [ -110.901202507706444, 32.13768729619445 ], [ -110.901210893053872, 32.137690790418432 ], [ -110.901210903211961, 32.137692456178314 ], [ -110.901210904003094, 32.137692671721851 ], [ -110.901212520401756, 32.137981228519273 ], [ -110.901214072747777, 32.138223820367209 ], [ -110.901214767691044, 32.138343311978062 ], [ -110.901215697523696, 32.138496220039947 ], [ -110.901216628412087, 32.138649128106749 ], [ -110.901217559185881, 32.138801950495349 ], [ -110.901218639077371, 32.138959584432349 ], [ -110.901220770501467, 32.139313849854858 ], [ -110.901227661978496, 32.140407612483678 ], [ -110.901228016092702, 32.140463839838013 ], [ -110.901232159560607, 32.140463821676427 ], [ -110.901232685309139, 32.140463819581676 ], [ -110.902678455083645, 32.140457344236054 ], [ -110.902737823789977, 32.140456874735605 ], [ -110.903116651532685, 32.140453982135419 ], [ -110.90333130756936, 32.140452350624194 ], [ -110.903509008940091, 32.14045102445565 ], [ -110.903686710312726, 32.1404496980375 ], [ -110.90386420925843, 32.140448369749862 ], [ -110.904041910634803, 32.140447042832733 ], [ -110.904219612959608, 32.140445629999796 ], [ -110.904397314339533, 32.14044430258339 ], [ -110.904575015721335, 32.140442974917363 ], [ -110.904752717104984, 32.140441647001701 ], [ -110.904930419446401, 32.14044023226846 ], [ -110.905108120833603, 32.14043890385355 ], [ -110.905285620853661, 32.140437573579881 ], [ -110.905463322244572, 32.14043624466597 ], [ -110.905641024582593, 32.140434829836231 ], [ -110.905800438247056, 32.140433664593452 ], [ -110.905809436725363, 32.14043359848219 ], [ -110.905809358359122, 32.14043724305035 ], [ -110.905809022133283, 32.14045282758272 ], [ -110.905809162871094, 32.140458420950246 ], [ -110.905808377502964, 32.141060310857569 ], [ -110.905807580181175, 32.14164501986685 ], [ -110.905806042794666, 32.142736014235055 ], [ -110.905806122733324, 32.142783623327439 ], [ -110.905806123076829, 32.142783688261872 ], [ -110.905796789186667, 32.142783679544728 ], [ -110.905587847131613, 32.142783491327869 ], [ -110.905509502655491, 32.142783380371 ], [ -110.905508699776433, 32.142782944685884 ], [ -110.905294639716431, 32.142785013856823 ], [ -110.903505384433828, 32.142798581322005 ], [ -110.903426622997628, 32.142799178182031 ], [ -110.903425696517317, 32.142799185193994 ], [ -110.903431089149095, 32.142802578660188 ], [ -110.903431420732318, 32.142802786931725 ], [ -110.90591608237969, 32.144365627614917 ], [ -110.90604863612684, 32.144448977147484 ], [ -110.908141469345239, 32.145765382334041 ], [ -110.908184417524026, 32.145792396169092 ], [ -110.908183968117257, 32.145792778570666 ], [ -110.908183747693201, 32.145792966198229 ], [ -110.907752390520329, 32.146160282556522 ], [ -110.907718206187766, 32.146189391610591 ], [ -110.907723034805528, 32.146192441312337 ], [ -110.907723339022212, 32.146192634023521 ], [ -110.908680351604033, 32.146797176938804 ], [ -110.908690768995896, 32.146803757587946 ], [ -110.908690746071983, 32.146804395900133 ], [ -110.908690735120132, 32.14680471686394 ], [ -110.908673113456587, 32.147309877464231 ], [ -110.908671300140256, 32.147361861562111 ], [ -110.908675534243415, 32.14736355735706 ], [ -110.908676052420574, 32.147363765297612 ], [ -110.909014208027401, 32.147499208340747 ], [ -110.909022930599363, 32.147502702036093 ], [ -110.909022929522664, 32.147504438047818 ], [ -110.909022929370906, 32.147504644565352 ], [ -110.909022552260467, 32.148051079400297 ], [ -110.909022516862649, 32.148109318310112 ], [ -110.909022578646926, 32.148140414755112 ], [ -110.909022551866428, 32.148197966539314 ], [ -110.90902324713322, 32.148593624120046 ], [ -110.909017891003955, 32.149319171954772 ], [ -110.909017788133909, 32.149346830214668 ], [ -110.909016383976095, 32.149566291612246 ], [ -110.909016367668698, 32.149843058113234 ], [ -110.909016143320244, 32.150120425367234 ], [ -110.909015747832385, 32.151220962046061 ], [ -110.909007272349626, 32.151275526407524 ], [ -110.909002723770769, 32.15156041738836 ], [ -110.909002977749125, 32.151831001219257 ], [ -110.909009957899769, 32.152077587746334 ], [ -110.909008554533671, 32.152205136545277 ], [ -110.909008235128368, 32.152344290580139 ], [ -110.90900833529868, 32.15237179803502 ], [ -110.909008335624449, 32.152371864772867 ], [ -110.908998993469282, 32.152371843588561 ], [ -110.908904163081701, 32.152371632211583 ], [ -110.908903327770929, 32.152371630068416 ], [ -110.908903317592518, 32.15237515613498 ], [ -110.908902992040538, 32.152489035483129 ], [ -110.908902831653904, 32.152545228011007 ], [ -110.908907009404743, 32.152545227012574 ], [ -110.908907535203511, 32.152545226690805 ], [ -110.909082336076338, 32.152545184750537 ], [ -110.909091244936562, 32.152545182638612 ], [ -110.909091230613001, 32.15254879705131 ], [ -110.909084487985268, 32.154261967487322 ], [ -110.909084271883074, 32.154316968243307 ], [ -110.909088452043491, 32.15431752639229 ], [ -110.909088977078568, 32.154317596406386 ], [ -110.909482331449126, 32.154370130065047 ], [ -110.909900739656408, 32.154372601171637 ], [ -110.911238141496128, 32.155209154102359 ], [ -110.911268429092317, 32.155228035540368 ], [ -110.912645770120719, 32.156089544392536 ], [ -110.912932347795874, 32.156088811300357 ], [ -110.913138747775065, 32.156088301147534 ], [ -110.913448978499375, 32.156085263622714 ], [ -110.913924535217845, 32.156088775218095 ], [ -110.914345368430986, 32.156091852456591 ], [ -110.914600412549575, 32.1560937859132 ], [ -110.91481951136636, 32.156095435162641 ], [ -110.915009330295447, 32.156096852254009 ], [ -110.915206419811085, 32.15609824002857 ], [ -110.915848573000957, 32.156103063716493 ], [ -110.916044083058111, 32.156104445809966 ], [ -110.916053336075692, 32.156104510865148 ], [ -110.916053337904302, 32.156104440537 ], [ -110.916059561404964, 32.155812073697184 ], [ -110.916453486597632, 32.15565309619933 ], [ -110.916430320874625, 32.155602747969766 ], [ -110.916144764714943, 32.154982102075707 ], [ -110.916080886758991, 32.154765990514846 ], [ -110.916086794746448, 32.154759193254776 ], [ -110.916346557613082, 32.154460314039497 ], [ -110.916377031270073, 32.154425164477665 ], [ -110.916500968662106, 32.154282606391718 ], [ -110.916654560247963, 32.154106009432986 ], [ -110.916804062834672, 32.153933845822202 ], [ -110.916944156216658, 32.153772689358789 ], [ -110.917152146133034, 32.153533471058559 ], [ -110.917251396963707, 32.153403939807319 ], [ -110.917251565793279, 32.153403720192664 ], [ -110.917251915309137, 32.153403263020401 ], [ -110.917216952198771, 32.153381360118182 ], [ -110.916527503106423, 32.152949449645888 ], [ -110.916527159865467, 32.152949235003241 ], [ -110.916522429308088, 32.152946271179701 ], [ -110.91655093034106, 32.152913381284058 ], [ -110.917260799799138, 32.152094194045219 ], [ -110.917260982307468, 32.152093983556824 ], [ -110.917261361280922, 32.152093546457259 ], [ -110.917224176196441, 32.152070238095142 ], [ -110.912465069707252, 32.149086899797645 ], [ -110.911844383808528, 32.148639162365313 ], [ -110.910904197394416, 32.148030141389235 ], [ -110.910163275626573, 32.147573194776413 ], [ -110.909708978226249, 32.147293071084214 ], [ -110.909504506531846, 32.147169471628963 ], [ -110.909503981084058, 32.147169153610825 ], [ -110.909499813271296, 32.147166634099484 ], [ -110.909499852623554, 32.147115718960826 ], [ -110.909500166011981, 32.146706693369111 ], [ -110.909500972483428, 32.145861967436836 ], [ -110.909501197480523, 32.145859821070736 ], [ -110.90950142446944, 32.145857589948555 ], [ -110.909501851897659, 32.14585544609529 ], [ -110.909502108218319, 32.145854114330056 ], [ -110.909502280277621, 32.145853215673988 ], [ -110.909502707705812, 32.145851071820729 ], [ -110.909503336515129, 32.145848929570072 ], [ -110.909504167775381, 32.145846788028756 ], [ -110.909504796702663, 32.145844731452812 ], [ -110.90950582933408, 32.145842592415839 ], [ -110.909506659642446, 32.145840537442524 ], [ -110.90950769144996, 32.145838569746537 ], [ -110.909508925580397, 32.145836517986886 ], [ -110.909510158759034, 32.145834552795222 ], [ -110.90951139100568, 32.145832672368073 ], [ -110.909512824623462, 32.145830794445295 ], [ -110.909514259311024, 32.145828915629146 ], [ -110.90951569198684, 32.145827123372584 ], [ -110.909517326161776, 32.145825418393315 ], [ -110.909518960336655, 32.145823713414018 ], [ -110.909520594511477, 32.145822008434685 ], [ -110.90952243018539, 32.145820390732652 ], [ -110.909524263847572, 32.145818859590165 ], [ -110.909526097637695, 32.145817413220612 ], [ -110.909528132798926, 32.145815969355354 ], [ -110.909530167960085, 32.145814525490074 ], [ -110.909532201237539, 32.145813252957282 ], [ -110.909534435895992, 32.145811982027034 ], [ -110.909536670662561, 32.145810797673185 ], [ -110.909538903427347, 32.145809698977146 ], [ -110.909540941159605, 32.145808696126537 ], [ -110.909541137261883, 32.145808599387749 ], [ -110.909543369084759, 32.14580758635789 ], [ -110.909545802396806, 32.145806661506988 ], [ -110.909548234776906, 32.145805821420545 ], [ -110.909550666205234, 32.145805067902096 ], [ -110.909553097633534, 32.145804314383604 ], [ -110.909555527188104, 32.145803731295786 ], [ -110.909555578202102, 32.145803719076156 ], [ -110.909558159163751, 32.145803151622445 ], [ -110.909560587756616, 32.145802656004342 ], [ -110.909563216798631, 32.145802246753242 ], [ -110.909565643507861, 32.14580192246752 ], [ -110.909568272658035, 32.145801599792755 ], [ -110.909568851779966, 32.145801566524426 ], [ -110.909570898854767, 32.145801449343764 ], [ -110.909573526121321, 32.145801298001409 ], [ -110.909576150434489, 32.145801318884835 ], [ -110.909578573366574, 32.145801338165697 ], [ -110.909581197787944, 32.14580144562548 ], [ -110.909583820217549, 32.145801637841259 ], [ -110.909586442755383, 32.145801916633438 ], [ -110.909589063291548, 32.145802281083405 ], [ -110.909591482446686, 32.145802643930836 ], [ -110.909594102159261, 32.145803179721639 ], [ -110.909596519420973, 32.145803714803229 ], [ -110.909599137122044, 32.145804337153528 ], [ -110.909601551558538, 32.145805129233814 ], [ -110.909603966936828, 32.145805835647813 ], [ -110.909606380431654, 32.145806713394265 ], [ -110.909608792974851, 32.145807677708682 ], [ -110.909609138996402, 32.145807828362088 ], [ -110.90961100413702, 32.145808640420597 ], [ -110.909613213297575, 32.145809688790301 ], [ -110.909615623957421, 32.14581082443712 ], [ -110.909617629843609, 32.145812043438589 ], [ -110.909619837239006, 32.145813348815395 ], [ -110.90962184218354, 32.145814653483043 ], [ -110.909624047567476, 32.145816045419366 ], [ -110.909625850189315, 32.145817434150757 ], [ -110.909627852298911, 32.145818996718859 ], [ -110.909628410129727, 32.145819453875845 ], [ -110.909629652919193, 32.145820471108031 ], [ -110.90963145270608, 32.145822117739904 ], [ -110.90963181686341, 32.145822450706994 ], [ -110.909633251443026, 32.145823763461564 ], [ -110.909634847847272, 32.145825494148781 ], [ -110.909636494290524, 32.145826529923951 ], [ -110.909638081785786, 32.145827528255076 ], [ -110.910158434724934, 32.146154953605546 ], [ -110.910462556761445, 32.14615617613044 ], [ -110.910621082506808, 32.146155116918251 ], [ -110.910799803331955, 32.146153960097145 ], [ -110.910979331677808, 32.14615272466861 ], [ -110.911230348274202, 32.146151110934866 ], [ -110.911264476503774, 32.146150867122209 ], [ -110.911463971679325, 32.146149565974405 ], [ -110.911466420445663, 32.146149550253085 ], [ -110.911473286390077, 32.146149519113749 ], [ -110.911473287053042, 32.146149458696463 ], [ -110.911473604833176, 32.146065340395673 ], [ -110.911474380838598, 32.145828951866939 ], [ -110.911474813565732, 32.145642296487566 ], [ -110.911475442767028, 32.145474539594446 ], [ -110.911475972041103, 32.145315888575702 ], [ -110.911476421453344, 32.145148768741329 ], [ -110.911476430445603, 32.145145340959417 ], [ -110.911477264730067, 32.145145334058306 ], [ -110.911891630754369, 32.145141893249011 ], [ -110.912539224217042, 32.145136533015176 ], [ -110.912548559300461, 32.145136455573521 ], [ -110.912548558873141, 32.145136397853051 ], [ -110.912546857817617, 32.144333712790093 ], [ -110.912545291660564, 32.143610772087243 ], [ -110.912544042316796, 32.143061522624407 ], [ -110.912542743085979, 32.142443123113189 ], [ -110.912542483415706, 32.142319426070571 ], [ -110.912542223741511, 32.142195729025559 ], [ -110.912541964063337, 32.142072031978223 ], [ -110.912541522692322, 32.14190959267755 ], [ -110.912541029740083, 32.141641411598712 ], [ -110.912540819330857, 32.141554321112025 ], [ -110.912540810498882, 32.141550871542343 ], [ -110.91254164579081, 32.141550866445471 ], [ -110.913211630987249, 32.141546829033388 ], [ -110.914859199949262, 32.141536859821848 ], [ -110.91524691084733, 32.141534516210598 ], [ -110.915701259726262, 32.141531754231409 ], [ -110.917411226686369, 32.141521385807444 ], [ -110.917490579408934, 32.141521583014985 ], [ -110.917894356236502, 32.141508706600227 ], [ -110.91795896769915, 32.141508959434141 ], [ -110.918283447336435, 32.141509457852322 ], [ -110.918789693041845, 32.141506320375186 ], [ -110.91954270257618, 32.141501603550225 ], [ -110.920154358082144, 32.141497745282869 ], [ -110.921068712247731, 32.141491970108163 ], [ -110.921824952357909, 32.141487265109909 ], [ -110.924235632005065, 32.141472088944958 ], [ -110.926025079056231, 32.141468755635124 ], [ -110.926204345811243, 32.141469214428867 ], [ -110.926212227345715, 32.14146923462274 ], [ -110.926212431366153, 32.141483306596186 ], [ -110.926259711353183, 32.144743577023782 ], [ -110.926285221112522, 32.146502701618004 ], [ -110.926318623122057, 32.148806024164017 ], [ -110.926308813523548, 32.155110902779874 ], [ -110.926296337008168, 32.163198424524332 ], [ -110.926320566082339, 32.167541552428744 ], [ -110.926320627352425, 32.167552547995591 ], [ -110.92632063005756, 32.167553081898959 ], [ -110.926311251682293, 32.16754783559761 ], [ -110.926121163530311, 32.167441501777041 ], [ -110.922113575238356, 32.165189053151352 ], [ -110.921953956107757, 32.165104652444953 ], [ -110.921953121209725, 32.165104211199655 ], [ -110.921953110138745, 32.165112645006531 ], [ -110.921950777998731, 32.16691763032334 ], [ -110.921950778363097, 32.166917694355966 ], [ -110.921941452451961, 32.166917698586566 ], [ -110.920400210281727, 32.166918378614064 ], [ -110.919592305399306, 32.166918627871411 ], [ -110.918537646215, 32.166913403776057 ], [ -110.91795679599484, 32.166910537737088 ], [ -110.917388904916422, 32.166907499040128 ], [ -110.917388070560918, 32.166907494253444 ], [ -110.917388037044006, 32.166911049892718 ], [ -110.917385603501828, 32.167170081384945 ], [ -110.917384717759916, 32.167750665177351 ], [ -110.917383750844664, 32.168542217135993 ], [ -110.917383549436082, 32.168679332899821 ], [ -110.917383466169568, 32.168735514247544 ], [ -110.917384221068474, 32.168735514799508 ], [ -110.917387640367295, 32.168735518360954 ], [ -110.917388166250177, 32.16873551890756 ], [ -110.917821749563544, 32.168735942637419 ], [ -110.917839121118135, 32.168735821871159 ], [ -110.919365597956926, 32.168721669405976 ], [ -110.919771249861384, 32.168717905431798 ], [ -110.919990795450317, 32.168718517919046 ], [ -110.920804340344816, 32.168720760069341 ], [ -110.920813028912676, 32.16872078427533 ], [ -110.920813028951201, 32.16872438617348 ], [ -110.920813165048756, 32.169839583958769 ], [ -110.920813171380871, 32.169895712821841 ], [ -110.920817340059159, 32.169895742030384 ], [ -110.920817865919688, 32.169895745268107 ], [ -110.920903855066058, 32.169896340077578 ], [ -110.921291715929442, 32.16989897129951 ], [ -110.921299306928447, 32.169899022910599 ], [ -110.921299377143271, 32.169902608225769 ], [ -110.921311016696734, 32.170493794233948 ], [ -110.921311277157983, 32.170680615157529 ], [ -110.921311355374357, 32.170736790575788 ], [ -110.921315519035787, 32.170736797183238 ], [ -110.921316044930649, 32.170736797713758 ], [ -110.921540247638433, 32.170737145707811 ], [ -110.921708296106758, 32.170737351067459 ], [ -110.921966831298036, 32.170737751888886 ], [ -110.921970245139079, 32.170737776928256 ], [ -110.922287554541683, 32.170740273331546 ], [ -110.922452374377713, 32.170740194401347 ], [ -110.922615174551296, 32.17074009938608 ], [ -110.922799990454138, 32.170740004878986 ], [ -110.922982585249201, 32.17073989355687 ], [ -110.923120138255399, 32.170739770920278 ], [ -110.923454625194324, 32.170739648731939 ], [ -110.92378062954775, 32.170739459082171 ], [ -110.923943429765728, 32.170739362357295 ], [ -110.924108653591958, 32.170739284438667 ], [ -110.924281350598363, 32.17073917925569 ], [ -110.924444353330074, 32.170739083474601 ], [ -110.924603315668449, 32.170738955798058 ], [ -110.924772174921998, 32.17073890552205 ], [ -110.924939015440401, 32.170738753521114 ], [ -110.925111914973101, 32.170738648791612 ], [ -110.925674646142355, 32.17073833363186 ], [ -110.926020029247567, 32.170739235130029 ], [ -110.926321925727692, 32.170741228258194 ], [ -110.926322767551355, 32.170741232143008 ], [ -110.926324509519119, 32.170741239467304 ], [ -110.926324605996825, 32.17074124022259 ], [ -110.926324836068773, 32.170741241121867 ], [ -110.926325351342783, 32.170741243352069 ], [ -110.926325447820474, 32.170741244107347 ], [ -110.926325677892422, 32.170741245006646 ], [ -110.926330117092419, 32.170741264427974 ], [ -110.926338414486366, 32.170741300525471 ], [ -110.926338440262924, 32.170744895411993 ], [ -110.926430266453977, 32.18357459414586 ], [ -110.926430266821214, 32.183574658178358 ], [ -110.926420910525081, 32.183574666990083 ], [ -110.926186890779576, 32.183574881668726 ], [ -110.924762084309563, 32.18357608497373 ], [ -110.924115840396951, 32.183576598302757 ], [ -110.9238782716359, 32.183576795285781 ], [ -110.923795853857072, 32.183576491910109 ], [ -110.923713610639382, 32.18357876636658 ], [ -110.923631820771178, 32.183583432362823 ], [ -110.923631543737926, 32.183583456340642 ], [ -110.923550484572203, 32.183590557539141 ], [ -110.923549649309265, 32.18359062222472 ], [ -110.923467932263733, 32.183600201831638 ], [ -110.923395698308312, 32.18361088754861 ], [ -110.923324048337321, 32.18362355371022 ], [ -110.923252580235953, 32.183638024008523 ], [ -110.923181899686412, 32.183654477253683 ], [ -110.923111804048588, 32.183672824378085 ], [ -110.923042495844058, 32.18369306697366 ], [ -110.922973975059151, 32.183715205943358 ], [ -110.922964641244704, 32.183718708347286 ], [ -110.922923673235118, 32.183734056580214 ], [ -110.922873960565354, 32.183754020169417 ], [ -110.922825045938424, 32.183775195750215 ], [ -110.922763524361386, 32.183803832243555 ], [ -110.922703195252652, 32.183834367401964 ], [ -110.92264405834095, 32.18386663077991 ], [ -110.922586519756109, 32.183900623767535 ], [ -110.922530173374128, 32.183936344076507 ], [ -110.922475426237014, 32.183973709234657 ], [ -110.922422276222889, 32.184012719227304 ], [ -110.922408829643587, 32.184023179305981 ], [ -110.922370727323752, 32.184053201839234 ], [ -110.92232097901362, 32.184095244313909 ], [ -110.922272830747616, 32.184138760305224 ], [ -110.922226687459656, 32.1841836664236 ], [ -110.922182346623742, 32.184229961078714 ], [ -110.922179485053746, 32.18423303093661 ], [ -110.921177097295029, 32.18525352593295 ], [ -110.921129705389589, 32.185301685506353 ], [ -110.919781370581433, 32.186643455587024 ], [ -110.919328583194542, 32.187093774914828 ], [ -110.918770446078156, 32.187663690941669 ], [ -110.918739191371202, 32.187695398663827 ], [ -110.918706732924974, 32.187726238342385 ], [ -110.918673275278621, 32.18775612501539 ], [ -110.918638415368534, 32.187784968926039 ], [ -110.918602352653735, 32.187812859124335 ], [ -110.918565292608875, 32.187839624982388 ], [ -110.918527234299532, 32.187865352165332 ], [ -110.918488177610641, 32.187889954096207 ], [ -110.918448122523216, 32.187913432577645 ], [ -110.918407272652786, 32.187935787412222 ], [ -110.918365425340284, 32.187956931326198 ], [ -110.918322784046794, 32.187976781153267 ], [ -110.91827934784834, 32.187995421656829 ], [ -110.918235318210819, 32.188012855328438 ], [ -110.918230038522097, 32.188014756175711 ], [ -110.918190495666678, 32.188028994017564 ], [ -110.918145080631575, 32.188043839305742 ], [ -110.918097039925314, 32.188058578172168 ], [ -110.918048609379881, 32.188072111810179 ], [ -110.917999587292172, 32.188084265476348 ], [ -110.917950175244059, 32.188095128238878 ], [ -110.917900375128326, 32.188104526962057 ], [ -110.917900373039274, 32.188106271975307 ], [ -110.917899994965566, 32.188435320270919 ], [ -110.917912740803104, 32.189044099879986 ], [ -110.917917034459961, 32.189242903018986 ], [ -110.917949737146159, 32.190799131280841 ], [ -110.917950432281742, 32.19090026909457 ], [ -110.917951260866928, 32.191020746669615 ], [ -110.917951286491302, 32.191024420902032 ], [ -110.917949788120183, 32.191201428955999 ], [ -110.917949787548963, 32.191201481257281 ], [ -110.917953971920824, 32.191203366649084 ], [ -110.917954496422951, 32.191203602559995 ], [ -110.918567584088407, 32.191479860285206 ], [ -110.920248098519139, 32.192237252775108 ], [ -110.920918856141896, 32.1925395176183 ], [ -110.92091894901921, 32.192539558931699 ], [ -110.920918989001905, 32.192539588104893 ], [ -110.920916061760366, 32.192539602931923 ], [ -110.920915697978515, 32.192539604576552 ], [ -110.920915184654234, 32.192539606847326 ], [ -110.920902084216863, 32.192539670528873 ], [ -110.919579914406739, 32.192546031809812 ], [ -110.919579037300764, 32.192546035715921 ], [ -110.918775652726964, 32.192549909125987 ], [ -110.918775582727775, 32.192549909475431 ], [ -110.918774777850203, 32.192549903124053 ], [ -110.918774705739963, 32.192549902555022 ], [ -110.918780096085243, 32.192553336849492 ], [ -110.91878036570904, 32.192553508519971 ], [ -110.91885724207728, 32.192602470917961 ], [ -110.918903156022736, 32.19263171409483 ], [ -110.918903242388907, 32.192631768885676 ], [ -110.918902278246918, 32.192631779314972 ], [ -110.918901764892809, 32.192631784282781 ], [ -110.918888647723193, 32.192631922474853 ], [ -110.918582400503141, 32.192635145750913 ], [ -110.91419845217726, 32.192681210842082 ], [ -110.913666136019273, 32.192686123542835 ], [ -110.913557892972378, 32.192687127227579 ], [ -110.91354456257784, 32.192694810530334 ], [ -110.91149945469887, 32.193873479924271 ], [ -110.910791310029452, 32.194281593455003 ], [ -110.910711514669345, 32.194327598250467 ], [ -110.910702736240992, 32.194334268637661 ], [ -110.910693985095691, 32.194340965394076 ], [ -110.910685263344433, 32.194347689438416 ], [ -110.91067657201792, 32.194354443484272 ], [ -110.910667909024994, 32.194361224809626 ], [ -110.910659275445965, 32.194368031619376 ], [ -110.910650670210416, 32.194374864806839 ], [ -110.910642097500684, 32.194381729816278 ], [ -110.910633555235535, 32.194388623023805 ], [ -110.910625041313892, 32.19439554260908 ], [ -110.910616556806104, 32.194402487678786 ], [ -110.910608087787281, 32.194409470747658 ], [ -110.910599648182341, 32.194416479301026 ], [ -110.910591237981322, 32.194423514240569 ], [ -110.910582872179603, 32.194430562158296 ], [ -110.910574535791739, 32.194437635560476 ], [ -110.910566229878228, 32.194444734455622 ], [ -110.910557953378586, 32.194451858835215 ], [ -110.910549705331576, 32.194458999673451 ], [ -110.910348628513759, 32.194650611497693 ], [ -110.910169110288024, 32.194857124948719 ], [ -110.910012669583523, 32.195076792754271 ], [ -110.910003346866489, 32.195091466939289 ], [ -110.909994126495917, 32.195106188833059 ], [ -110.909985010612587, 32.195120956649042 ], [ -110.909965192671848, 32.195153823607932 ], [ -110.909945887723296, 32.195186911084775 ], [ -110.909927099018262, 32.195220212792997 ], [ -110.909897701297126, 32.195274718448175 ], [ -110.90986968712123, 32.195329747346314 ], [ -110.909843069476409, 32.195385276144322 ], [ -110.909804461042242, 32.195472583463605 ], [ -110.909769304817729, 32.195560938218946 ], [ -110.909737639010658, 32.195650242418964 ], [ -110.909719138533916, 32.195708106611008 ], [ -110.90970210336009, 32.195766294498625 ], [ -110.909686542253652, 32.195824780901241 ], [ -110.909676859019996, 32.195864472340574 ], [ -110.90966785433389, 32.195904279204761 ], [ -110.909659530416491, 32.195944192493478 ], [ -110.909657580576464, 32.19595406003392 ], [ -110.909655672035171, 32.195963933314147 ], [ -110.909653805853083, 32.195973812342586 ], [ -110.909649620158291, 32.195996886396223 ], [ -110.909645662166881, 32.196019989317634 ], [ -110.909641930838433, 32.19604311929497 ], [ -110.909641915890091, 32.196043224689099 ], [ -110.909634298606477, 32.19609572311856 ], [ -110.909627852005329, 32.196148334579803 ], [ -110.909622578418237, 32.19620104015339 ], [ -110.909622443126352, 32.19620253880597 ], [ -110.909622437078994, 32.196202606394486 ], [ -110.909613422526746, 32.196202574282594 ], [ -110.909362208267083, 32.196201670866301 ], [ -110.909361371505426, 32.196201667807912 ], [ -110.909315573531103, 32.19620129485434 ], [ -110.909315581609732, 32.196201620476437 ], [ -110.90935007643219, 32.197507132814103 ], [ -110.909457281331655, 32.199494991324606 ], [ -110.909489913730539, 32.201722857505246 ], [ -110.909474435453106, 32.20283417381998 ], [ -110.909521974660635, 32.203844633574207 ], [ -110.909523058407402, 32.203867662089493 ], [ -110.909571038790745, 32.205436206177872 ], [ -110.909570843985193, 32.205454269899732 ], [ -110.909555793779631, 32.206851895396404 ], [ -110.909553683912037, 32.207047780167407 ], [ -110.909557989335227, 32.207047777489507 ], [ -110.910835787923233, 32.207047077533787 ], [ -110.913597401572446, 32.207028216278879 ], [ -110.917551745689465, 32.207032727745094 ], [ -110.918032826736578, 32.207035755800867 ], [ -110.920268420727808, 32.207002715040645 ], [ -110.922214568907052, 32.206996477260589 ], [ -110.922326443988524, 32.206987853796093 ], [ -110.92233287513001, 32.206987357872066 ], [ -110.922337093007059, 32.206987797766743 ], [ -110.922402306365129, 32.206994603555891 ], [ -110.922466128877844, 32.206997339272903 ], [ -110.923766401313131, 32.206980300093036 ], [ -110.924514947198347, 32.20697048488276 ], [ -110.926684306208543, 32.206933373937744 ], [ -110.926682268026511, 32.206964956038277 ], [ -110.926681131144917, 32.206982563338642 ], [ -110.926625786507401, 32.207840090542952 ], [ -110.926625742135528, 32.207871894768545 ], [ -110.926624489280357, 32.20878049808573 ], [ -110.926627977516674, 32.209689504544258 ], [ -110.926635479053715, 32.210582392475828 ], [ -110.926628379978695, 32.211498702594575 ], [ -110.92662560151976, 32.21240791751795 ], [ -110.926626756134468, 32.21327112060856 ], [ -110.926624110231828, 32.213459303764154 ], [ -110.926624543883591, 32.214221226505202 ], [ -110.926624735884076, 32.214233952711531 ], [ -110.930885721619887, 32.214101198859787 ], [ -110.930889720634326, 32.213950199188702 ], [ -110.930902720851378, 32.213504199802777 ], [ -110.93090771974758, 32.213355199137027 ], [ -110.930907720053781, 32.213324199902551 ], [ -110.930906719937369, 32.213200199663945 ], [ -110.930903719773852, 32.212739199897136 ], [ -110.930903719015419, 32.212585200204451 ], [ -110.93090271958674, 32.212545200198399 ], [ -110.930902719035586, 32.212425200106999 ], [ -110.930902718844436, 32.212385200677176 ], [ -110.931350718328702, 32.212385199613685 ], [ -110.932695715349013, 32.212390198879987 ], [ -110.933144713885341, 32.212392198573966 ], [ -110.93353471313381, 32.212390198199294 ], [ -110.934704710332937, 32.212388197549032 ], [ -110.935094709476246, 32.212387196989397 ], [ -110.935094709819779, 32.212565196978296 ], [ -110.935096710470347, 32.213106197059332 ], [ -110.935097709764108, 32.213286196911518 ], [ -110.935093710387946, 32.213468196064817 ], [ -110.935084710923718, 32.214014196034569 ], [ -110.93508171163198, 32.214197195838643 ], [ -110.935259710382198, 32.214218196109243 ], [ -110.936735707290225, 32.214228194487482 ], [ -110.936829707177409, 32.214200194658005 ], [ -110.936945706799563, 32.214153194312125 ], [ -110.939423700601935, 32.21415319312149 ], [ -110.939435702370346, 32.216157191540965 ], [ -110.939439702401202, 32.216543190898683 ], [ -110.939441702859128, 32.216725190589493 ], [ -110.939447703951217, 32.21727418999361 ], [ -110.939449703250702, 32.217457189776582 ], [ -110.939450703549952, 32.217720189730343 ], [ -110.939453704359309, 32.218509189527339 ], [ -110.939454704518695, 32.21877318865694 ], [ -110.939457704529033, 32.2190351885653 ], [ -110.939466705511265, 32.219822188356154 ], [ -110.93946970648868, 32.220085187449349 ], [ -110.939470706568329, 32.220361187063638 ], [ -110.93947470692224, 32.221191186595469 ], [ -110.939476425873309, 32.221429239439608 ] ] ] ] } },
{ "type": "Feature", "properties": { "OBJECTID": 5, "WARD": "2", "NAME": "Paul Cunningham", "PHONE": "520-791-4687", "URL": "http://www.tucsonaz.gov/ward-2", "ADDRESS": "7820 E. Broadway BL", "KEYID": 2, "UNIT": 2, "DATASOURCE": "WARD_COT", "City": "Tucson", "State": "AZ", "Zipcode": "85710", "Label": "Ward 2", "GlobalID": "{C6AC22A7-DA31-48D7-9B1A-85252352291C}", "created_user": null, "created_date": null, "last_edited_user": "GISDATA", "last_edited_date": "2025-11-08T09:21:00Z", "ShapeSTArea": 692483381.86441004, "ShapeSTLength": 202932.37410657204 }, "geometry": { "type": "Polygon", "coordinates": [ [ [ -110.759465752535519, 32.258238675085906 ], [ -110.761614988252489, 32.258240779392885 ], [ -110.763717562501881, 32.258242806287583 ], [ -110.763873100799842, 32.258243410647907 ], [ -110.763882444874042, 32.258243447227322 ], [ -110.763882444656261, 32.25824338049253 ], [ -110.7638825084708, 32.258053021225386 ], [ -110.763878627717361, 32.257560286625761 ], [ -110.763878250556388, 32.257558136010289 ], [ -110.763881291494513, 32.257125591715116 ], [ -110.763900035022999, 32.256794290018519 ], [ -110.763885539816187, 32.256341572102919 ], [ -110.763897078750858, 32.255876464805787 ], [ -110.763896100703775, 32.255657769676965 ], [ -110.763896084158901, 32.255654124470304 ], [ -110.763887730390991, 32.255654179898023 ], [ -110.763685399747104, 32.255655511236938 ], [ -110.763684873327236, 32.255655514548245 ], [ -110.763680721391168, 32.255655541581099 ], [ -110.763680499614139, 32.255599289188936 ], [ -110.763679131999766, 32.25525243910586 ], [ -110.763676601657593, 32.254610528147595 ], [ -110.763676588249012, 32.254607055211956 ], [ -110.76367742453013, 32.254607052925202 ], [ -110.764647007521233, 32.254604915900309 ], [ -110.76492074871291, 32.254604148418764 ], [ -110.765605649517411, 32.254602256007722 ], [ -110.765615007802936, 32.254602230359374 ], [ -110.765615007515535, 32.254602169034676 ], [ -110.765608120515253, 32.252828106651172 ], [ -110.765607302086778, 32.252617446028424 ], [ -110.765607563759488, 32.252086110349964 ], [ -110.766394300997348, 32.252091472761215 ], [ -110.766394673115187, 32.252126092487018 ], [ -110.766435002600545, 32.252126305489448 ], [ -110.766435007098067, 32.25212838958074 ], [ -110.766435013444649, 32.25213125284052 ], [ -110.766439171134053, 32.252131261839054 ], [ -110.766439697476997, 32.252131263024282 ], [ -110.766456629627882, 32.252131298154005 ], [ -110.767954764413261, 32.252134405686974 ], [ -110.767963300524059, 32.252134423787382 ], [ -110.767963304956481, 32.252138032815722 ], [ -110.767965045214467, 32.253504997359805 ], [ -110.767968132327127, 32.254538776565944 ], [ -110.767968300301135, 32.254595046542931 ], [ -110.767972455489002, 32.254595010380037 ], [ -110.767972981914511, 32.254595006148996 ], [ -110.768002267730211, 32.254594753916898 ], [ -110.768605175238079, 32.25459070005175 ], [ -110.768643185486908, 32.254590445798989 ], [ -110.769057952064884, 32.25458934299985 ], [ -110.769066499529629, 32.254589320551183 ], [ -110.769067342178289, 32.254589318286563 ], [ -110.769067335521896, 32.254589256903955 ], [ -110.769057829112853, 32.253867101601308 ], [ -110.769054334553445, 32.25350209766242 ], [ -110.769050900501028, 32.252939446691606 ], [ -110.76904936056745, 32.252391226289241 ], [ -110.769049350498136, 32.252387724523004 ], [ -110.769050186725877, 32.252387724905255 ], [ -110.770039116917758, 32.25238855174009 ], [ -110.770289366092641, 32.252390564984921 ], [ -110.772057460198923, 32.25240480187697 ], [ -110.772065771809991, 32.25240486906872 ], [ -110.77206579050403, 32.252408453879717 ], [ -110.772068966368323, 32.253004843449489 ], [ -110.772069265070897, 32.253060963151739 ], [ -110.772073412885874, 32.25306100163516 ], [ -110.772073939189752, 32.253061006403797 ], [ -110.772110195684022, 32.25306134392099 ], [ -110.772118586812837, 32.253061421750317 ], [ -110.772118600281999, 32.253065000201062 ], [ -110.772119163330032, 32.253208824717127 ], [ -110.772119121840788, 32.253308807424048 ], [ -110.772125659194927, 32.254076777910207 ], [ -110.772128841050488, 32.25459649305548 ], [ -110.772128841217821, 32.254596564298907 ], [ -110.772119474760999, 32.254596479435044 ], [ -110.771985751006255, 32.254595267768494 ], [ -110.771984915909286, 32.254595260201256 ], [ -110.77198489752675, 32.254598839264318 ], [ -110.771982589865516, 32.255038377314321 ], [ -110.771981957119323, 32.255169559489147 ], [ -110.771981686768385, 32.255225690248281 ], [ -110.771985870850315, 32.255225721850209 ], [ -110.771986397177983, 32.255225725717764 ], [ -110.772294376928272, 32.255228026451896 ], [ -110.772470266740214, 32.255227643905471 ], [ -110.77270438364414, 32.255227015586769 ], [ -110.773348105185875, 32.255225198896575 ], [ -110.773484774834898, 32.255224803541175 ], [ -110.774054904294786, 32.255223261418877 ], [ -110.774288212694046, 32.255222622850127 ], [ -110.774658596143041, 32.255221505218913 ], [ -110.775142898454419, 32.255220068706414 ], [ -110.77515230565723, 32.255220040990515 ], [ -110.77515230430231, 32.255219979656125 ], [ -110.775152184002494, 32.255213310684425 ], [ -110.775152182782989, 32.255213238529677 ], [ -110.775152181349071, 32.255213183507095 ], [ -110.775145846109424, 32.254863857692861 ], [ -110.775135453343196, 32.254272711753579 ], [ -110.775135114619729, 32.254267469253278 ], [ -110.775133685844949, 32.253772081305385 ], [ -110.775133675645108, 32.253768571419791 ], [ -110.775134511875535, 32.253768572663759 ], [ -110.776337737468467, 32.253770512920227 ], [ -110.776522635366234, 32.253770814717853 ], [ -110.776532258369656, 32.253770830327454 ], [ -110.776532252814462, 32.253770765347909 ], [ -110.776511611954334, 32.253510614405272 ], [ -110.776499872758066, 32.253349968729225 ], [ -110.776492336527738, 32.253079499546494 ], [ -110.776490505944167, 32.252837770723374 ], [ -110.776482481611055, 32.252250511977074 ], [ -110.776468448318511, 32.251205887578898 ], [ -110.776465856443735, 32.250743763341724 ], [ -110.776465836889344, 32.250740318298938 ], [ -110.776466673159931, 32.250740314123291 ], [ -110.776628321311222, 32.250739454444187 ], [ -110.777204506452975, 32.250736406679955 ], [ -110.777557090553941, 32.250734603922631 ], [ -110.777854685598214, 32.250732992568217 ], [ -110.778269538843588, 32.250730804043968 ], [ -110.778976325294948, 32.250727121400303 ], [ -110.779806031910695, 32.250722737422095 ], [ -110.781076065218471, 32.250716035725326 ], [ -110.781359335725256, 32.250728373433446 ], [ -110.781533369307809, 32.250746515958255 ], [ -110.781533829387214, 32.250746554360525 ], [ -110.781656860378675, 32.250756992482707 ], [ -110.781779808613308, 32.250768114206764 ], [ -110.781902668788462, 32.250779919485367 ], [ -110.782025434551656, 32.250792407359896 ], [ -110.782148102711119, 32.250805578703854 ], [ -110.782270665875629, 32.2508194307458 ], [ -110.782393119792417, 32.250833964349638 ], [ -110.782515460231053, 32.250849178575962 ], [ -110.782637679766651, 32.250865073358511 ], [ -110.782645145019117, 32.250866202689238 ], [ -110.782652659193175, 32.250867067329963 ], [ -110.782697112062664, 32.250874622121863 ], [ -110.782741618819102, 32.250881940208934 ], [ -110.782759295464402, 32.250884900756631 ], [ -110.782808413827169, 32.250893186359157 ], [ -110.782857587139361, 32.250901235262909 ], [ -110.782908174726117, 32.25090965034493 ], [ -110.782958818424419, 32.25091782062119 ], [ -110.782966970998189, 32.250919148184067 ], [ -110.783005816330061, 32.25092544143066 ], [ -110.78305109024862, 32.250935161469904 ], [ -110.783248320919853, 32.250977503942515 ], [ -110.783667176848255, 32.251078227906021 ], [ -110.783833227081757, 32.25112218721106 ], [ -110.783848451224742, 32.251126271801041 ], [ -110.783862754125664, 32.251130110053744 ], [ -110.783968463229016, 32.251160356425451 ], [ -110.784274854764234, 32.251248022847939 ], [ -110.784339753579658, 32.251266817285945 ], [ -110.784594431500977, 32.251351916417548 ], [ -110.784657096759901, 32.251373351886102 ], [ -110.784657147479223, 32.251373369474742 ], [ -110.784907658782899, 32.251461966597432 ], [ -110.78501340420803, 32.251499610783291 ], [ -110.785312848309616, 32.251627822269405 ], [ -110.785625214231558, 32.251787467307366 ], [ -110.785708346917829, 32.251829921560997 ], [ -110.785725608647397, 32.251838382560813 ], [ -110.785778062572291, 32.251864095278471 ], [ -110.785871710556478, 32.251910000953409 ], [ -110.785926464035839, 32.251936839798944 ], [ -110.786015536457583, 32.251980502221905 ], [ -110.786044919989834, 32.251994905403528 ], [ -110.786241377543419, 32.252091207168419 ], [ -110.7864568937336, 32.25219684863081 ], [ -110.786581093785884, 32.252257729141938 ], [ -110.786885341219374, 32.252406864671684 ], [ -110.787109237277747, 32.252516612822177 ], [ -110.787248937632384, 32.252585090056307 ], [ -110.787442529742208, 32.252679982804715 ], [ -110.787559382228807, 32.252737259833737 ], [ -110.787767687606717, 32.252839363617014 ], [ -110.787891274462538, 32.252899942489456 ], [ -110.788072688961023, 32.252988863782299 ], [ -110.788159149108481, 32.253030769922816 ], [ -110.788334397815305, 32.253115709332754 ], [ -110.788362642664922, 32.253129399310772 ], [ -110.788387233362741, 32.253141317977878 ], [ -110.788729859232262, 32.253301459269878 ], [ -110.788992319050237, 32.253428054069637 ], [ -110.789436674108984, 32.253642383411069 ], [ -110.789840135873519, 32.253844330880263 ], [ -110.790060481489874, 32.253954621154939 ], [ -110.790822905380935, 32.254336233958277 ], [ -110.791509093165018, 32.254679466216515 ], [ -110.791711244431426, 32.254780139839127 ], [ -110.792059547605987, 32.254953597258542 ], [ -110.792210741082997, 32.255028892505145 ], [ -110.792210817028376, 32.255028930154936 ], [ -110.7923773578012, 32.255111339937166 ], [ -110.792471088559537, 32.255157703243299 ], [ -110.793172528250409, 32.255504733542992 ], [ -110.7936953529492, 32.25575658176502 ], [ -110.793702692554035, 32.255760117135111 ], [ -110.793702689630479, 32.25576147521857 ], [ -110.793702688688853, 32.255761724106726 ], [ -110.79370209621338, 32.25603302238784 ], [ -110.793701918006818, 32.256114905961546 ], [ -110.793698442832593, 32.25770815720427 ], [ -110.793698023271659, 32.257900575698962 ], [ -110.793689866707624, 32.261638631308159 ], [ -110.793689744335666, 32.261694764458092 ], [ -110.793693928755445, 32.261694794445994 ], [ -110.793694455124182, 32.261694798223949 ], [ -110.793982882019236, 32.261696855385139 ], [ -110.794365782815589, 32.261698624106685 ], [ -110.79442583638648, 32.261698901577404 ], [ -110.795425362216804, 32.261703827483885 ], [ -110.796608063087731, 32.261708909016122 ], [ -110.7966195867252, 32.261709011202313 ], [ -110.796904231917367, 32.261711191382588 ], [ -110.796905107379317, 32.261711201849145 ], [ -110.796958034940545, 32.261759133620693 ], [ -110.795597715091489, 32.262748646171545 ], [ -110.795513576820227, 32.262809848394632 ], [ -110.795596632057553, 32.262836741359337 ], [ -110.79585607440336, 32.262920748577429 ], [ -110.796288037380336, 32.263191008283151 ], [ -110.796289604604141, 32.263191988912844 ], [ -110.796293902277142, 32.263518662022726 ], [ -110.797039172447072, 32.264015986040882 ], [ -110.797442567738116, 32.264025583503489 ], [ -110.797497761174412, 32.264101584671735 ], [ -110.79763403865158, 32.264289240772584 ], [ -110.797945165764517, 32.264407214303375 ], [ -110.797945957021767, 32.264386321230312 ], [ -110.798584059890601, 32.264823574114352 ], [ -110.798969693467058, 32.264827153232041 ], [ -110.799251084810209, 32.263631015530009 ], [ -110.79797431390196, 32.263637599853382 ], [ -110.797978979367258, 32.262742379664878 ], [ -110.79803589597708, 32.262742429248462 ], [ -110.799420438573208, 32.262707569263675 ], [ -110.799451752281826, 32.262707126608049 ], [ -110.799666280925322, 32.262706418677581 ], [ -110.800554893305048, 32.262974192319049 ], [ -110.800575356220762, 32.262568596931189 ], [ -110.80061822365812, 32.261718893847785 ], [ -110.802033958861117, 32.261730278664807 ], [ -110.802139663599291, 32.261731046394267 ], [ -110.802148289266455, 32.261731108977884 ], [ -110.8021482889487, 32.261734695431301 ], [ -110.802148289661744, 32.261742452716085 ], [ -110.802148402990568, 32.263366956761942 ], [ -110.802148403389182, 32.263367271493387 ], [ -110.80213905863873, 32.263364462896568 ], [ -110.802003796198051, 32.263323806534984 ], [ -110.802002959754631, 32.263323554765741 ], [ -110.802002963328874, 32.263329861078823 ], [ -110.802002998180186, 32.263387787553697 ], [ -110.802002999111764, 32.263388492768868 ], [ -110.802003605311867, 32.264395461408576 ], [ -110.801996693715921, 32.26537428513624 ], [ -110.80199669278997, 32.265374360879179 ], [ -110.801987373437143, 32.265374233541536 ], [ -110.801361316368002, 32.265365659539164 ], [ -110.801307904821954, 32.265364917339369 ], [ -110.800920818684773, 32.26535953611738 ], [ -110.800655792545044, 32.265355905940268 ], [ -110.7997204170629, 32.265342999499694 ], [ -110.799658557852197, 32.265342108849964 ], [ -110.799624798431381, 32.265341638035345 ], [ -110.79960195396292, 32.26534135032103 ], [ -110.797963684575365, 32.265318721381512 ], [ -110.797946731439112, 32.265318459397236 ], [ -110.797945895241568, 32.265318446579826 ], [ -110.797945918499053, 32.26532208734578 ], [ -110.797947830829344, 32.265622107338636 ], [ -110.797948038488428, 32.265654663195093 ], [ -110.797950814802149, 32.26607102730982 ], [ -110.797952144899824, 32.266281820901654 ], [ -110.797954110741244, 32.266593391556128 ], [ -110.797957456513117, 32.267128211838049 ], [ -110.797961380090612, 32.267730551205943 ], [ -110.797961383314302, 32.267730980490313 ], [ -110.797961218618127, 32.267730908691263 ], [ -110.797960377184125, 32.267730542322433 ], [ -110.797963589598297, 32.268012568423529 ], [ -110.797969789913807, 32.268545351464063 ], [ -110.797963201254163, 32.268703342202805 ], [ -110.797960262603766, 32.268942824669395 ], [ -110.797959573704901, 32.26899896540322 ], [ -110.797963786125621, 32.268998990091326 ], [ -110.797964312548316, 32.268998992950735 ], [ -110.799378901420539, 32.269007320150806 ], [ -110.79938355094113, 32.26900736128362 ], [ -110.799718771634758, 32.269009295667423 ], [ -110.800247886185915, 32.269012428369507 ], [ -110.800777808496591, 32.269015565089681 ], [ -110.800905184794033, 32.269016261218006 ], [ -110.801849381758615, 32.269021850619893 ], [ -110.802013555250326, 32.269022784767699 ], [ -110.802152658893263, 32.269023496568032 ], [ -110.802346142216123, 32.269025203858313 ], [ -110.802492809929248, 32.269026659273642 ], [ -110.802502220285859, 32.26902675311343 ], [ -110.802502219044868, 32.269026680958589 ], [ -110.802491714417698, 32.26844694558654 ], [ -110.802491735410129, 32.26844522784554 ], [ -110.802491756402574, 32.268443510104554 ], [ -110.802491785791986, 32.268441105267158 ], [ -110.802491814123513, 32.268438786993073 ], [ -110.802491843512911, 32.268436382155684 ], [ -110.802496437617862, 32.268192820745554 ], [ -110.802496523691147, 32.268185777556319 ], [ -110.802475713471324, 32.267518711195102 ], [ -110.802475602815491, 32.267515172462772 ], [ -110.802476441267473, 32.267515176252353 ], [ -110.80292465385854, 32.267517157331369 ], [ -110.80307083286246, 32.26751775914088 ], [ -110.803365819688125, 32.267519071095847 ], [ -110.803539462334982, 32.267519747616412 ], [ -110.803540305043384, 32.26751975053466 ], [ -110.80380900836073, 32.267520915472083 ], [ -110.804258462881023, 32.267522900054111 ], [ -110.804437194467013, 32.267523614751731 ], [ -110.80479991311897, 32.267525176227714 ], [ -110.804872154752672, 32.267525508283491 ], [ -110.804881595293779, 32.267525551708829 ], [ -110.804881593995901, 32.267525484062467 ], [ -110.804875470917352, 32.267298216496691 ], [ -110.804864346296824, 32.266884012454085 ], [ -110.804862657551652, 32.266823526550446 ], [ -110.804849096809974, 32.266322046557036 ], [ -110.804849000930645, 32.266318507053214 ], [ -110.80484983937221, 32.266318510826814 ], [ -110.805050373278831, 32.26631942105741 ], [ -110.80515773267318, 32.266319850094426 ], [ -110.806112233004512, 32.266323865663722 ], [ -110.806190679403969, 32.266324211831453 ], [ -110.806533884786205, 32.266325640881384 ], [ -110.806543284923578, 32.2663256802185 ], [ -110.80654328362445, 32.266325612572125 ], [ -110.806530516546331, 32.26551444811895 ], [ -110.806529236427224, 32.265436872193135 ], [ -110.806529236288156, 32.265436796440774 ], [ -110.806527360423516, 32.264378697642542 ], [ -110.806526112260286, 32.263717284252536 ], [ -110.806525917878105, 32.263617042094673 ], [ -110.806525857451049, 32.263612590280097 ], [ -110.806525811380496, 32.263609138687627 ], [ -110.806526647773893, 32.263609134315551 ], [ -110.807320248675452, 32.263605295343545 ], [ -110.807755380280852, 32.263603104063129 ], [ -110.808974029343275, 32.263597133038168 ], [ -110.810763082141264, 32.2635882442762 ], [ -110.810813775613767, 32.26358803522205 ], [ -110.810823135032834, 32.263587996325462 ], [ -110.810823135404647, 32.263587965667476 ], [ -110.810823135765503, 32.263587935911254 ], [ -110.81081662994724, 32.262157076134912 ], [ -110.810813400561415, 32.261444461306965 ], [ -110.810813385025014, 32.261440928818033 ], [ -110.810814221311716, 32.261440931630752 ], [ -110.812150149481383, 32.261445924793591 ], [ -110.813578931605107, 32.262143924512891 ], [ -110.813582030414182, 32.262145438645121 ], [ -110.813582395877802, 32.262145145144302 ], [ -110.814067712382354, 32.261755649078026 ], [ -110.814072025004364, 32.261752187736413 ], [ -110.814072788169085, 32.261752181773048 ], [ -110.814243490818242, 32.261750935704065 ], [ -110.815124413861994, 32.261746636324617 ], [ -110.815133753013114, 32.261746590616546 ], [ -110.815133752670747, 32.261746531094687 ], [ -110.815134530795916, 32.261114238194487 ], [ -110.815134532694969, 32.261112938715513 ], [ -110.815347833278366, 32.261062745813007 ], [ -110.81632815769585, 32.260832324794343 ], [ -110.816880868790747, 32.260702366882384 ], [ -110.819234382237909, 32.260170263972796 ], [ -110.819434249114579, 32.260125064209532 ], [ -110.819438894361539, 32.260124013380477 ], [ -110.819443600270134, 32.260122948649361 ], [ -110.819442846908174, 32.259983645272861 ], [ -110.819442827808999, 32.259980116356019 ], [ -110.819443664084289, 32.25998011911129 ], [ -110.825141885062777, 32.259998720406969 ], [ -110.825145544700248, 32.260002334893187 ], [ -110.825267571074235, 32.260122810524386 ], [ -110.825398556669967, 32.260243253422125 ], [ -110.825402226064099, 32.260246408967767 ], [ -110.825534038450655, 32.260359782424793 ], [ -110.825674217987356, 32.260472315391489 ], [ -110.825676985502099, 32.26047438819073 ], [ -110.825818895711393, 32.260580678338897 ], [ -110.825967870989544, 32.260684697275032 ], [ -110.826120943248199, 32.260784370453081 ], [ -110.826278112405817, 32.260879526514969 ], [ -110.826438775612232, 32.260969988899632 ], [ -110.82660313450512, 32.261055757530222 ], [ -110.826770989477239, 32.261136660229326 ], [ -110.826941732437746, 32.261212691736702 ], [ -110.827115570201087, 32.261283595908942 ], [ -110.827292299020158, 32.261349457548967 ], [ -110.827471314987363, 32.261410098290796 ], [ -110.827653022361559, 32.261465435938632 ], [ -110.828115748819485, 32.261599078574314 ], [ -110.828123898237166, 32.261601432170906 ], [ -110.82812390198572, 32.261603696630104 ], [ -110.828123902342981, 32.261603844528864 ], [ -110.828123921515541, 32.261616464522838 ], [ -110.828124053733305, 32.261627349520609 ], [ -110.828124738124842, 32.261683556672345 ], [ -110.828128863581696, 32.261683549840697 ], [ -110.828129390009991, 32.261683548966609 ], [ -110.828725232710937, 32.261682545736505 ], [ -110.83241803466025, 32.261676502334694 ], [ -110.832426259039948, 32.261676489064712 ], [ -110.832426286014837, 32.26168011184042 ], [ -110.8324288503632, 32.262019754798466 ], [ -110.832430593945404, 32.262213209281811 ], [ -110.832432208919428, 32.262383470078881 ], [ -110.832432764215952, 32.262727835632894 ], [ -110.832433063723414, 32.262771111231771 ], [ -110.832433433348854, 32.262824646345692 ], [ -110.832437587490588, 32.262825980601548 ], [ -110.832438115083363, 32.2628261501604 ], [ -110.832755497678448, 32.262928081547706 ], [ -110.834449266115087, 32.263445353452134 ], [ -110.834453275750633, 32.263448763257358 ], [ -110.834488470394419, 32.263478693555058 ], [ -110.834520593734382, 32.263506012059139 ], [ -110.83452151855505, 32.263506426695976 ], [ -110.834570068784089, 32.263528168491938 ], [ -110.83460324739255, 32.263543570567904 ], [ -110.83465234262043, 32.263563661290554 ], [ -110.834702262841901, 32.26358238471299 ], [ -110.834753008055259, 32.263599740834216 ], [ -110.834804174941894, 32.263615640527284 ], [ -110.834855965135603, 32.26363008551867 ], [ -110.83490837969552, 32.263643075816709 ], [ -110.834961215932793, 32.263654608782858 ], [ -110.83501447383442, 32.263664685318339 ], [ -110.835068153397984, 32.263673305422515 ], [ -110.835122052995658, 32.263680466466511 ], [ -110.835407605165742, 32.263709196153258 ], [ -110.837291401570866, 32.26391344733657 ], [ -110.837529265061761, 32.263939247764924 ], [ -110.840438553336384, 32.264230007343237 ], [ -110.84072567675625, 32.264258735726791 ], [ -110.840735001448834, 32.264259669167927 ], [ -110.84073500213249, 32.264259521277872 ], [ -110.840751260877184, 32.26030219413655 ], [ -110.840751275305749, 32.260298632131146 ], [ -110.840752111556924, 32.260298637450553 ], [ -110.840858353203799, 32.260299352070135 ], [ -110.84086766759593, 32.260299415167623 ], [ -110.840867668414958, 32.260299345735618 ], [ -110.840869339489913, 32.260090294592359 ], [ -110.840869367517769, 32.260086748935059 ], [ -110.840870202716459, 32.26008675334289 ], [ -110.840908575301896, 32.260086943977505 ], [ -110.84091788775217, 32.260086989920175 ], [ -110.840917888560512, 32.260086921389878 ], [ -110.840921948838968, 32.259605572609246 ], [ -110.84092345408817, 32.259426490609158 ], [ -110.840935270944158, 32.258047516059314 ], [ -110.840926412455758, 32.257775226275243 ], [ -110.840926295490377, 32.257771646015087 ], [ -110.840919468944463, 32.25777158787961 ], [ -110.840828102744368, 32.257770809761176 ], [ -110.84082757640104, 32.257770805278369 ], [ -110.840823544993157, 32.257770770943452 ], [ -110.840821376727845, 32.257714633151565 ], [ -110.840781023059634, 32.256669933356505 ], [ -110.840780884876835, 32.256666352914998 ], [ -110.840781721073427, 32.256666360036917 ], [ -110.84087331113254, 32.256667140081163 ], [ -110.841362218451579, 32.256699869314041 ], [ -110.84137167539393, 32.256700502622138 ], [ -110.841371672563113, 32.256700382657961 ], [ -110.8413594745777, 32.256260606383712 ], [ -110.841356276735752, 32.256154581871762 ], [ -110.841342676652488, 32.255713385907775 ], [ -110.841329441587689, 32.255292635146354 ], [ -110.841321262124708, 32.255026113580406 ], [ -110.841302487533895, 32.254715092400815 ], [ -110.841291068623462, 32.25443187877076 ], [ -110.841276454234503, 32.25406513704398 ], [ -110.841273126921777, 32.253981625872399 ], [ -110.841255790794463, 32.253549329440901 ], [ -110.841238128707204, 32.253109043814504 ], [ -110.841221708599448, 32.252698264091741 ], [ -110.841221579858114, 32.252695051665491 ], [ -110.841222417462234, 32.252695026331025 ], [ -110.841595109261092, 32.252683714605546 ], [ -110.841991086049802, 32.252671707978521 ], [ -110.842195949271883, 32.252665548041669 ], [ -110.842329425234027, 32.252661443731085 ], [ -110.842656236697181, 32.252651595503231 ], [ -110.842965656753663, 32.2526422001215 ], [ -110.843284582054238, 32.252632541155954 ], [ -110.843572855207441, 32.252623760899482 ], [ -110.843582272694718, 32.252623473859828 ], [ -110.843582272089691, 32.252623435077048 ], [ -110.843579036740024, 32.252486096799707 ], [ -110.843571472600729, 32.252183847244545 ], [ -110.843564112171819, 32.251881512832583 ], [ -110.843549389345355, 32.251277016195644 ], [ -110.843542112031955, 32.25097808586532 ], [ -110.843542028973673, 32.250974681742903 ], [ -110.843542866360266, 32.250974673525263 ], [ -110.84394700315174, 32.250970562164675 ], [ -110.844313507226175, 32.250971440816294 ], [ -110.844655209308328, 32.250966953221884 ], [ -110.845028857443495, 32.250962049418128 ], [ -110.845180078257386, 32.250963470053257 ], [ -110.845189376567419, 32.250963557032094 ], [ -110.845189377414641, 32.250963484894768 ], [ -110.845191836402506, 32.250757183243415 ], [ -110.845191877579055, 32.25075376754954 ], [ -110.845192712831022, 32.250753760204645 ], [ -110.845661079758855, 32.250749490085148 ], [ -110.845756306770483, 32.250748579403108 ], [ -110.846127308638316, 32.250745195601361 ], [ -110.846496490730729, 32.250741795294083 ], [ -110.846861022098736, 32.250738440196166 ], [ -110.847262756139642, 32.250734711791466 ], [ -110.847634364915933, 32.250731243026614 ], [ -110.84801264476377, 32.250727743024967 ], [ -110.848366056018918, 32.250724547432831 ], [ -110.84877183386017, 32.250720762749246 ], [ -110.849276072771289, 32.250716106081931 ], [ -110.849480882277078, 32.250714229115431 ], [ -110.849569051063057, 32.250713421866415 ], [ -110.849930530916112, 32.250710108783728 ], [ -110.849998463684514, 32.250709479364076 ], [ -110.850187099059639, 32.250707722605561 ], [ -110.85045417983909, 32.250705213606295 ], [ -110.850509780087421, 32.2507046998699 ], [ -110.852566362873162, 32.250685705205321 ], [ -110.853053889392029, 32.250681179455519 ], [ -110.853215073708299, 32.250719831524009 ], [ -110.853281122596243, 32.250733609793869 ], [ -110.853377641720456, 32.250753770464385 ], [ -110.853541658247977, 32.250782895814041 ], [ -110.85370674009404, 32.250807305345369 ], [ -110.853872484950955, 32.250826824326083 ], [ -110.854034200159461, 32.250845278429402 ], [ -110.854196368674721, 32.250859440828911 ], [ -110.85435919419497, 32.25086931413724 ], [ -110.854522069758502, 32.2508748923468 ], [ -110.85468519700494, 32.250876263725623 ], [ -110.854721790757523, 32.250875969827469 ], [ -110.855760007491497, 32.250865022441985 ], [ -110.856164375829707, 32.250860772911928 ], [ -110.856568745174073, 32.25085643552147 ], [ -110.856616257461752, 32.250855975678512 ], [ -110.856810354547491, 32.250853910366708 ], [ -110.856967452603683, 32.250852221588566 ], [ -110.857932889668646, 32.250842090526085 ], [ -110.857941171253202, 32.250842003916333 ], [ -110.857941195649389, 32.250845662756355 ], [ -110.857942815645785, 32.251084376822973 ], [ -110.857945272523139, 32.251446668142776 ], [ -110.85794626860465, 32.251591551049188 ], [ -110.857948658100739, 32.251938887996602 ], [ -110.857949590682182, 32.252067569380117 ], [ -110.857950270830699, 32.252152162862444 ], [ -110.857950666051494, 32.252201321020181 ], [ -110.857954835804989, 32.252204868506603 ], [ -110.859668097884978, 32.253662347574107 ], [ -110.859670893223225, 32.253664725583491 ], [ -110.85967110876814, 32.253664532596446 ], [ -110.85967133718249, 32.25366432799359 ], [ -110.859851895244418, 32.253502175786736 ], [ -110.859878271016726, 32.253476541598005 ], [ -110.859953720956625, 32.253403129797007 ], [ -110.860242691811024, 32.25313729932568 ], [ -110.860248994754002, 32.253131501102729 ], [ -110.860249415561157, 32.253131819352731 ], [ -110.860323767171522, 32.253188033050733 ], [ -110.860810546032042, 32.253556061420817 ], [ -110.860811438428684, 32.253556803853094 ], [ -110.860916672510143, 32.253644305635632 ], [ -110.860917104649658, 32.253644378686332 ], [ -110.862165239313356, 32.253854960676577 ], [ -110.862869886760095, 32.253968985502503 ], [ -110.862874088726798, 32.253972524079614 ], [ -110.864402383223648, 32.255259480905103 ], [ -110.865421845591186, 32.256073255682949 ], [ -110.865421919107121, 32.256073598981914 ], [ -110.865524069852569, 32.256551961042426 ], [ -110.865533292338711, 32.256595149630648 ], [ -110.865533302626844, 32.25659121783211 ], [ -110.865533332450809, 32.256579420624249 ], [ -110.865533338181578, 32.256576989396784 ], [ -110.865533635361601, 32.25646012202337 ], [ -110.865533680192272, 32.256438734208771 ], [ -110.865534266934645, 32.256057572664055 ], [ -110.865534271962758, 32.256054005152016 ], [ -110.865535108170874, 32.256054011208271 ], [ -110.865872274841294, 32.256056387952562 ], [ -110.865873499529414, 32.256059981926462 ], [ -110.865940859557952, 32.256257657704786 ], [ -110.866003691692384, 32.256442042809276 ], [ -110.866217938841473, 32.257070989008525 ], [ -110.866513760445699, 32.257939393798033 ], [ -110.866522519304823, 32.257965106825729 ], [ -110.866522476096108, 32.257979828485716 ], [ -110.866522309395563, 32.258035970072108 ], [ -110.866526490600933, 32.258035994010484 ], [ -110.866527016970949, 32.258035996582755 ], [ -110.866608785103182, 32.258036456285247 ], [ -110.866617845807056, 32.258036507255376 ], [ -110.866617839487844, 32.258040098203175 ], [ -110.866617794306151, 32.258066054573639 ], [ -110.86660776581671, 32.258849353925442 ], [ -110.866606938372485, 32.259334649652359 ], [ -110.866606430289366, 32.25963263977328 ], [ -110.866603598087977, 32.261497967035034 ], [ -110.86660351278158, 32.26155413542093 ], [ -110.866607688987557, 32.261554146691765 ], [ -110.866608215388283, 32.261554148362436 ], [ -110.868002579755839, 32.261557855943579 ], [ -110.868004313872234, 32.261561464045059 ], [ -110.868011785231673, 32.261577005606128 ], [ -110.868395332321853, 32.262374820915419 ], [ -110.868937975172386, 32.263503029916443 ], [ -110.869007326403505, 32.263647211741606 ], [ -110.869392952500021, 32.26444892351374 ], [ -110.869462755378564, 32.264568040381178 ], [ -110.869822891964205, 32.265181325021381 ], [ -110.869824938345616, 32.265181320338925 ], [ -110.869825462676232, 32.265181319273871 ], [ -110.870853489316289, 32.26517895441696 ], [ -110.870903432353217, 32.265178852106715 ], [ -110.870919761956017, 32.265178819573798 ], [ -110.870928504692756, 32.265178801778937 ], [ -110.870928500284919, 32.265182425206071 ], [ -110.870927903382722, 32.265656937970185 ], [ -110.870927881681069, 32.26567382233619 ], [ -110.87092811441218, 32.265706465192935 ], [ -110.870932283009012, 32.265709748018473 ], [ -110.871802036860601, 32.26639477557373 ], [ -110.871833450614972, 32.266419517724202 ], [ -110.871833299627127, 32.266419726596368 ], [ -110.871708132195323, 32.266592822934733 ], [ -110.871681006170277, 32.266630336449374 ], [ -110.871685932343539, 32.266632906777701 ], [ -110.871686316389741, 32.266633107451064 ], [ -110.872021584943653, 32.266808033304756 ], [ -110.872029126695864, 32.266811968045154 ], [ -110.872029152439964, 32.266813148724339 ], [ -110.872029157799915, 32.266813422016426 ], [ -110.872032431900379, 32.266964634447874 ], [ -110.872071447739032, 32.268783057063203 ], [ -110.872057452187789, 32.270014795691779 ], [ -110.87205745035898, 32.270014955296553 ], [ -110.872048160152033, 32.270013893681224 ], [ -110.871671053675016, 32.269970796841783 ], [ -110.87167021836099, 32.269970701553021 ], [ -110.871670193613326, 32.269975268099955 ], [ -110.871669845731191, 32.270038397136261 ], [ -110.871669844952692, 32.270038557651517 ], [ -110.871660527236813, 32.270037488565613 ], [ -110.87092752580989, 32.269953387937278 ], [ -110.870523803293509, 32.269752995945794 ], [ -110.869469468798229, 32.269229648279875 ], [ -110.86869661907879, 32.268846064189709 ], [ -110.868635700488085, 32.268815752167015 ], [ -110.866592704217325, 32.267887021575859 ], [ -110.866591852128749, 32.267886633928875 ], [ -110.866592127622951, 32.267894508091473 ], [ -110.866623741567992, 32.268797007894534 ], [ -110.866625480612484, 32.268846641563236 ], [ -110.867929428423381, 32.270080393640654 ], [ -110.868310435287952, 32.270445060584812 ], [ -110.868333830792352, 32.270467452760414 ], [ -110.868121802106913, 32.270954129101099 ], [ -110.868107867951593, 32.270986113218299 ], [ -110.868433651317602, 32.271334983353889 ], [ -110.868690726264077, 32.271610183889642 ], [ -110.868815368308901, 32.271743670968419 ], [ -110.868836540465153, 32.27176643779238 ], [ -110.868914251918795, 32.272077514127353 ], [ -110.868936499096989, 32.272112315444083 ], [ -110.868968082745482, 32.272161624921218 ], [ -110.869166522732172, 32.272471898989501 ], [ -110.869198104657031, 32.272521379738471 ], [ -110.869394162336718, 32.272827940794308 ], [ -110.869404459452269, 32.272864446543203 ], [ -110.869414951401808, 32.272901641083394 ], [ -110.869495579848774, 32.273187917205689 ], [ -110.869524523617031, 32.273291062340924 ], [ -110.869627491566987, 32.273656978161569 ], [ -110.869707867483811, 32.273942524280493 ], [ -110.869708664855949, 32.273942321671889 ], [ -110.869710812100237, 32.273941777647956 ], [ -110.869711301803079, 32.273941653651242 ], [ -110.869911134157206, 32.273890993676552 ], [ -110.870160084269571, 32.273835677678505 ], [ -110.870410773502172, 32.273787419604204 ], [ -110.870663400554776, 32.273746391531411 ], [ -110.870664236672212, 32.273746327214063 ], [ -110.870866674888376, 32.273728804340244 ], [ -110.870867510037272, 32.273728731897265 ], [ -110.87192812846385, 32.273636779689767 ], [ -110.871928963611268, 32.27363670723976 ], [ -110.872818066668572, 32.273560125564131 ], [ -110.873170922020535, 32.273542601309927 ], [ -110.873524278175594, 32.273534267813524 ], [ -110.873646422257323, 32.273533473062351 ], [ -110.874642077261143, 32.273571326661887 ], [ -110.874732831242838, 32.273574738499185 ], [ -110.874736671367629, 32.273574855853852 ], [ -110.874740511564312, 32.273575059782495 ], [ -110.874744349730761, 32.273575348464135 ], [ -110.874748187969132, 32.273575723719702 ], [ -110.874752023177507, 32.273576271195346 ], [ -110.874755858468149, 32.273576904343216 ], [ -110.874759690739126, 32.273577708809398 ], [ -110.874763320370405, 32.273578597275304 ], [ -110.874767152713432, 32.273579488315328 ], [ -110.874770779397082, 32.273580634673529 ], [ -110.874774406080817, 32.273581781031631 ], [ -110.874778030796037, 32.273583099618534 ], [ -110.874781451810207, 32.273584502196456 ], [ -110.87478487290673, 32.273585990446634 ], [ -110.874788291952527, 32.27358756525328 ], [ -110.874791711080704, 32.273589225732202 ], [ -110.874794925528704, 32.273591055865737 ], [ -110.874798139976818, 32.2735928859992 ], [ -110.874801149734481, 32.273594886689054 ], [ -110.874804159574538, 32.273596973051191 ], [ -110.874807168353342, 32.273599059404496 ], [ -110.874809973513365, 32.273601315421239 ], [ -110.874810320478346, 32.273601605960124 ], [ -110.874812777684127, 32.273603658003225 ], [ -110.874814785507652, 32.273605464654636 ], [ -110.87481538019432, 32.273605998921497 ], [ -110.874817979685062, 32.273608511158145 ], [ -110.87482057924791, 32.273611109968826 ], [ -110.874822975120026, 32.273613791868918 ], [ -110.874825370981966, 32.273616474670646 ], [ -110.874827562163745, 32.27361932712715 ], [ -110.874829551674637, 32.273622178821647 ], [ -110.87483154021686, 32.273625115278008 ], [ -110.874833327088169, 32.27362805097242 ], [ -110.874834963141822, 32.273630901554533 ], [ -110.874835110940012, 32.273631157985236 ], [ -110.874836694120631, 32.2736341767691 ], [ -110.874838073661792, 32.273637367019901 ], [ -110.874839452151974, 32.273640556360206 ], [ -110.874840628981488, 32.273643744036853 ], [ -110.874841603160917, 32.273647016615193 ], [ -110.874842576289311, 32.273650288283051 ], [ -110.874843347746705, 32.273653559189007 ], [ -110.874843917553648, 32.27365682752955 ], [ -110.87484448530985, 32.273660182426674 ], [ -110.874844851405285, 32.273663535660184 ], [ -110.874845217511037, 32.273666887991965 ], [ -110.874845020141947, 32.273658338134311 ], [ -110.874844764628591, 32.273647260031751 ], [ -110.874844729946062, 32.273645743807919 ], [ -110.874835180524613, 32.27323194568212 ], [ -110.87483510037174, 32.273228464045275 ], [ -110.874835937893863, 32.273228461936498 ], [ -110.875339734637421, 32.273227370371785 ], [ -110.875349113995867, 32.273227350315395 ], [ -110.875349113645271, 32.273227288087796 ], [ -110.875340443512286, 32.272409058267371 ], [ -110.875331869409251, 32.271619677957233 ], [ -110.875325876494813, 32.271064475864762 ], [ -110.875301697629197, 32.268833258457903 ], [ -110.875301660343212, 32.268829832182597 ], [ -110.875302496815209, 32.268829825552473 ], [ -110.877086770928798, 32.268815418194215 ], [ -110.877424894070131, 32.268812685455629 ], [ -110.877434256624184, 32.268812610090045 ], [ -110.87743425622071, 32.268812552370996 ], [ -110.877432961818428, 32.268593125498036 ], [ -110.877432946537226, 32.26859055521917 ], [ -110.877594686882077, 32.268574448628584 ], [ -110.877755673337987, 32.2685536119575 ], [ -110.877915703104478, 32.2685279560651 ], [ -110.878074573510787, 32.268497566763443 ], [ -110.878232138896905, 32.268462463600471 ], [ -110.87823228043159, 32.268462431397296 ], [ -110.878591299616062, 32.268381558804229 ], [ -110.878952467226384, 32.268306961383466 ], [ -110.879615147074148, 32.268158447748611 ], [ -110.879678819494913, 32.268143184397957 ], [ -110.87974265498238, 32.268128420151925 ], [ -110.879806647159455, 32.268114155859763 ], [ -110.879870791761363, 32.26810039328987 ], [ -110.879935082411009, 32.268087133291466 ], [ -110.880008546091773, 32.268072628305021 ], [ -110.880082183791146, 32.268058779416705 ], [ -110.880155989132476, 32.268045587475711 ], [ -110.880229953585882, 32.268033056019057 ], [ -110.880304068672686, 32.268021184075053 ], [ -110.880378326934519, 32.268009974287757 ], [ -110.880446997367812, 32.268000214711591 ], [ -110.880489973021966, 32.267994396222683 ], [ -110.880532988602425, 32.267988799891562 ], [ -110.880576044130024, 32.267983423914714 ], [ -110.8806191364109, 32.267978269167692 ], [ -110.880670894971161, 32.267972376571116 ], [ -110.880722702953477, 32.267966804500688 ], [ -110.880774557184736, 32.26796155202846 ], [ -110.880826454471261, 32.267956620030077 ], [ -110.880891339479675, 32.267950909848842 ], [ -110.880956282474259, 32.267945700613502 ], [ -110.881021278139286, 32.267940993182108 ], [ -110.881086322240847, 32.267936786618158 ], [ -110.881147067793833, 32.267933314019807 ], [ -110.881207846593469, 32.267930278140177 ], [ -110.881268653313597, 32.267927680739142 ], [ -110.881329483720137, 32.267925520880112 ], [ -110.881381639209351, 32.267924018544313 ], [ -110.88143380696188, 32.267922838233133 ], [ -110.881485982732997, 32.267921979911826 ], [ -110.881538164400624, 32.26792144356299 ], [ -110.881590349771074, 32.267921235481268 ], [ -110.881642534661111, 32.267921350221556 ], [ -110.881718461409235, 32.267922092361871 ], [ -110.881794374054223, 32.267923516108361 ], [ -110.881870265168658, 32.267925621400288 ], [ -110.881946126263728, 32.267928408168103 ], [ -110.882021947789397, 32.267931876333655 ], [ -110.882097721267087, 32.267936024925795 ], [ -110.882173440330646, 32.267940853892483 ], [ -110.882249094378892, 32.267946362245205 ], [ -110.882324675974104, 32.267952550824958 ], [ -110.882400175596871, 32.267959416848534 ], [ -110.882475586870754, 32.267966961165712 ], [ -110.882550899204787, 32.267975181886307 ], [ -110.882626105171425, 32.267984078949731 ], [ -110.882701196292061, 32.267993651384941 ], [ -110.882776164108506, 32.268003896417511 ], [ -110.882851000121704, 32.268014814879905 ], [ -110.882925696924474, 32.268026404908127 ], [ -110.883000244976856, 32.268038665522575 ], [ -110.883074635810402, 32.268051594850597 ], [ -110.883148862017919, 32.268065191028278 ], [ -110.883222915120683, 32.268079453084688 ], [ -110.883296785578636, 32.268094380040282 ], [ -110.883370467056096, 32.268109969138187 ], [ -110.883443951074284, 32.268126219407556 ], [ -110.883517228113504, 32.26814312806539 ], [ -110.883590290756246, 32.268160694149664 ], [ -110.883663130533904, 32.268178915787843 ], [ -110.883735740049374, 32.268197790214401 ], [ -110.883808110823708, 32.268217316458596 ], [ -110.883880234408679, 32.268237490844527 ], [ -110.885500141827919, 32.268747729354743 ], [ -110.888189181151105, 32.269591779327712 ], [ -110.889387073349511, 32.269946405753046 ], [ -110.892257573577439, 32.27082543178453 ], [ -110.892257642301445, 32.27082545578903 ], [ -110.892360554863146, 32.270861504370529 ], [ -110.892497603969531, 32.270909511744918 ], [ -110.892497725558385, 32.270909554214178 ], [ -110.892497722751528, 32.270909426134445 ], [ -110.89249752809981, 32.270901337127086 ], [ -110.89249736167092, 32.270894420701119 ], [ -110.892496668016321, 32.270865557167362 ], [ -110.892496408468062, 32.270854741463097 ], [ -110.892495705906882, 32.270825536972907 ], [ -110.892495488990633, 32.270816500884742 ], [ -110.892495434878072, 32.270814231492842 ], [ -110.892473168500217, 32.269887906775743 ], [ -110.892437776706629, 32.268520649148286 ], [ -110.892389877325613, 32.265350903840968 ], [ -110.892431984808766, 32.262484245125584 ], [ -110.892462425259581, 32.261484147430302 ], [ -110.892462744774932, 32.261473652941767 ], [ -110.892475443075938, 32.259676780119847 ], [ -110.892536904752973, 32.257876351313421 ], [ -110.892576590196228, 32.256070419314845 ], [ -110.892626351614169, 32.253366681128128 ], [ -110.892665134761941, 32.25074237730837 ], [ -110.892666705797723, 32.250636064549909 ], [ -110.890558224762486, 32.2506498799778 ], [ -110.888430344932175, 32.250644948432154 ], [ -110.885503271484595, 32.250662923528566 ], [ -110.884051662834565, 32.250671854618666 ], [ -110.882017326066773, 32.250672046238918 ], [ -110.879875413307943, 32.250674758191124 ], [ -110.877274596946492, 32.250677524277584 ], [ -110.875509372666514, 32.250675603465645 ], [ -110.875339347432543, 32.250675416867651 ], [ -110.875347204070849, 32.249721332862734 ], [ -110.875359272202999, 32.249266175850643 ], [ -110.875435794244524, 32.24773336502448 ], [ -110.875415413813982, 32.246720379647137 ], [ -110.875426010760378, 32.24584491406538 ], [ -110.875471682958334, 32.244428754421605 ], [ -110.875504398819146, 32.243457007634944 ], [ -110.873127092551968, 32.243465569897722 ], [ -110.871199547944954, 32.243439585562427 ], [ -110.870983029996097, 32.243441487639778 ], [ -110.870487881698764, 32.243432492839759 ], [ -110.869889803631864, 32.243426937816018 ], [ -110.868826308337844, 32.243410992825531 ], [ -110.866685775895533, 32.243396658781236 ], [ -110.865178185158186, 32.243379654865201 ], [ -110.864510002722525, 32.243370742226865 ], [ -110.863890914302587, 32.243364210993306 ], [ -110.862315855643772, 32.243395744046758 ], [ -110.860196347390172, 32.243398998537472 ], [ -110.859644402480143, 32.243389744244304 ], [ -110.857972399549638, 32.243344220897953 ], [ -110.857908901562368, 32.243339893112029 ], [ -110.857871811941465, 32.243337365663834 ], [ -110.857819096126647, 32.243333573679472 ], [ -110.85775517338007, 32.243337504632173 ], [ -110.857701380102128, 32.243304670725408 ], [ -110.857515846591411, 32.243153482911566 ], [ -110.857482508622013, 32.243126316908302 ], [ -110.857912186701327, 32.242152236066367 ], [ -110.857919511001853, 32.242135632003084 ], [ -110.857950672797159, 32.241470704089984 ], [ -110.857974817970302, 32.240734435575625 ], [ -110.857979447996669, 32.240593245584861 ], [ -110.857974997161861, 32.240539330583061 ], [ -110.857931949967849, 32.240017851112803 ], [ -110.85791843274005, 32.239893736322841 ], [ -110.857912220709039, 32.239836699822604 ], [ -110.85790157897344, 32.239691186633515 ], [ -110.857862526683817, 32.238875692862059 ], [ -110.857882840240322, 32.238466218678589 ], [ -110.857887494941949, 32.238256668055222 ], [ -110.85789875061225, 32.238035576360602 ], [ -110.857904505803134, 32.23790540413524 ], [ -110.85789711518072, 32.235876274113153 ], [ -110.857902725560223, 32.235569658755232 ], [ -110.857926376286045, 32.23427702343767 ], [ -110.857935283930445, 32.233369505183326 ], [ -110.857930644633655, 32.233176970344154 ], [ -110.857966817813605, 32.232445427026619 ], [ -110.857990497226396, 32.230856522077261 ], [ -110.857997958780004, 32.230753421926188 ], [ -110.857947894797661, 32.228900536577626 ], [ -110.857971303857298, 32.225661193525738 ], [ -110.857962764281652, 32.225194870045179 ], [ -110.857928586276515, 32.223593022844064 ], [ -110.857933652949185, 32.221390934075707 ], [ -110.857933890811253, 32.221287404420558 ], [ -110.857956503125862, 32.21808112127755 ], [ -110.857991769262384, 32.217339861474279 ], [ -110.857961241895012, 32.216922401048471 ], [ -110.857966162070682, 32.216567598746309 ], [ -110.857975926168223, 32.21605641754239 ], [ -110.857977493725471, 32.215746769746325 ], [ -110.857969213903999, 32.21531034014248 ], [ -110.857964935562492, 32.214982003776257 ], [ -110.857974879456876, 32.21459468798723 ], [ -110.857956825678187, 32.21418214213525 ], [ -110.857957883913528, 32.213358391492889 ], [ -110.857972856638796, 32.212415016295346 ], [ -110.858004637383416, 32.211660327481468 ], [ -110.857996118742562, 32.211033728369145 ], [ -110.857992745629133, 32.210785617500399 ], [ -110.857989405010713, 32.210655368532521 ], [ -110.858003009957329, 32.210213624408446 ], [ -110.857996507903152, 32.209972540391895 ], [ -110.857977058997875, 32.20941876664773 ], [ -110.857972645992717, 32.209293920457569 ], [ -110.85798249658697, 32.206835779633785 ], [ -110.857982729602426, 32.206777666873798 ], [ -110.857982797660242, 32.206760621351428 ], [ -110.857958047481048, 32.204553957512559 ], [ -110.857959246998476, 32.203770063437695 ], [ -110.857951918830324, 32.203373583290961 ], [ -110.857962286022982, 32.20298438104232 ], [ -110.857964169742971, 32.202595022060081 ], [ -110.85796392756211, 32.202214664303575 ], [ -110.857956618530665, 32.201886301910207 ], [ -110.857959606455267, 32.201436393431571 ], [ -110.857953395048753, 32.200995771437832 ], [ -110.857961702210929, 32.200627425206214 ], [ -110.857984274003968, 32.200231195228213 ], [ -110.85797955014192, 32.199713304557164 ], [ -110.8579792888778, 32.199684670639151 ], [ -110.857980124974361, 32.199455416374214 ], [ -110.857956841441037, 32.198732215377184 ], [ -110.857956840902688, 32.198732170281914 ], [ -110.857956829964905, 32.198397654414357 ], [ -110.857956863361991, 32.198389642064477 ], [ -110.857958516054467, 32.197989129925688 ], [ -110.857957633928038, 32.197925730326141 ], [ -110.857956790461216, 32.197196020169116 ], [ -110.857959562938433, 32.19679953852831 ], [ -110.857956488476532, 32.196436937820181 ], [ -110.857945092746789, 32.19604274264973 ], [ -110.857962882446571, 32.195623108102701 ], [ -110.857953148508585, 32.195224889368795 ], [ -110.857953288700472, 32.194846424591759 ], [ -110.857946094587234, 32.194473137035118 ], [ -110.857947767330231, 32.194334538326714 ], [ -110.857951105676634, 32.19405786299243 ], [ -110.857946082982224, 32.193287659240752 ], [ -110.858018074278746, 32.192199073656738 ], [ -110.85801808578519, 32.192198904211587 ], [ -110.857947388256804, 32.192021470685077 ], [ -110.857936218898956, 32.191993438003934 ], [ -110.857932879909526, 32.191993478587129 ], [ -110.856589459052202, 32.192009751009628 ], [ -110.853714831928514, 32.192044523637598 ], [ -110.853203477388561, 32.191994011703279 ], [ -110.852614879700553, 32.191985037420267 ], [ -110.84972192478925, 32.191940891563455 ], [ -110.849434537674981, 32.191932281845006 ], [ -110.84514945717045, 32.191907690540525 ], [ -110.844472035624065, 32.191903789289377 ], [ -110.840970608882003, 32.191941194144967 ], [ -110.840969025326885, 32.191941211336228 ], [ -110.840800365597346, 32.191940786562377 ], [ -110.840735380059186, 32.191940623247348 ], [ -110.837111809833715, 32.191931448518467 ], [ -110.837113863872119, 32.192036293766407 ], [ -110.837116204629353, 32.192155749036424 ], [ -110.837139167512831, 32.193327519819725 ], [ -110.837137528312851, 32.193996782098409 ], [ -110.837136788573048, 32.19429908884819 ], [ -110.837120013509931, 32.195069619877216 ], [ -110.837127505343517, 32.195495994351162 ], [ -110.837132750748225, 32.19571902955289 ], [ -110.837142083074411, 32.195886867196613 ], [ -110.837186575703214, 32.196105598516446 ], [ -110.837206074783239, 32.196216573448716 ], [ -110.837232213968548, 32.19631282975665 ], [ -110.83725371537443, 32.196408274516486 ], [ -110.837284511705121, 32.196503625467692 ], [ -110.837321597797711, 32.196579618575761 ], [ -110.837382800173003, 32.196683561795112 ], [ -110.83745153165701, 32.196783015992089 ], [ -110.837592995334461, 32.196951122726333 ], [ -110.836735539910862, 32.197429983240042 ], [ -110.836973139314225, 32.197669519111635 ], [ -110.83705180742669, 32.197748787414412 ], [ -110.837118960283505, 32.197810863494212 ], [ -110.837206983483284, 32.197884972040541 ], [ -110.837278447472002, 32.197941329472108 ], [ -110.837631991730106, 32.198200493402759 ], [ -110.837716024946943, 32.198270358790708 ], [ -110.837761737129114, 32.198317477179337 ], [ -110.837784683149366, 32.198359075194375 ], [ -110.837794625921887, 32.198389653928743 ], [ -110.837805386762426, 32.198436559748302 ], [ -110.837818778107447, 32.198517417814898 ], [ -110.837847073982672, 32.198653549799083 ], [ -110.838155321624072, 32.198659528750071 ], [ -110.838326190578599, 32.198664594239062 ], [ -110.838605201131415, 32.198682692914794 ], [ -110.8387335531568, 32.198695211355805 ], [ -110.838818488944739, 32.198705727295433 ], [ -110.838985039140042, 32.198734377167405 ], [ -110.839129360819172, 32.198763351426038 ], [ -110.839352634864554, 32.198813443235892 ], [ -110.83968447879171, 32.198908867428841 ], [ -110.839950629347015, 32.198972551180006 ], [ -110.840137023499381, 32.199014681988665 ], [ -110.840199720991606, 32.199026468603414 ], [ -110.840263257909626, 32.19903551270545 ], [ -110.840348631677188, 32.199043283526962 ], [ -110.840413043453168, 32.199046666204396 ], [ -110.840562147320441, 32.199047076738523 ], [ -110.840667898441779, 32.199040159790393 ], [ -110.840944238297183, 32.199010642819751 ], [ -110.840972628258783, 32.205018517960667 ], [ -110.840979548089678, 32.206483093672119 ], [ -110.840966866902477, 32.206482881164575 ], [ -110.836798125788192, 32.206412831232178 ], [ -110.834873020585377, 32.206419135944728 ], [ -110.832417707175082, 32.20644268371656 ], [ -110.831809267178244, 32.206377679532622 ], [ -110.828567379717001, 32.206414414386039 ], [ -110.827061219293995, 32.206413101097375 ], [ -110.826814120813182, 32.206412883973343 ], [ -110.826320672271379, 32.206397463037774 ], [ -110.825601619910913, 32.206390743782102 ], [ -110.825351093236634, 32.206388410129634 ], [ -110.824403700276108, 32.206399726676608 ], [ -110.823756809356638, 32.206441638114626 ], [ -110.820094467829094, 32.20645862847234 ], [ -110.817602791026957, 32.206447986862152 ], [ -110.815770359253079, 32.206408906798053 ], [ -110.815348548683673, 32.206399906950658 ], [ -110.815310201118507, 32.206399088620962 ], [ -110.815308760950998, 32.206325225152021 ], [ -110.815281102709307, 32.204907056608818 ], [ -110.815342231409929, 32.204076446751941 ], [ -110.815322223821653, 32.203003673288976 ], [ -110.815303190438328, 32.201833242184435 ], [ -110.815347836418624, 32.20107919443943 ], [ -110.81531560641946, 32.20090339361392 ], [ -110.815309539604229, 32.20087030207457 ], [ -110.815305159108931, 32.200696724201102 ], [ -110.815302564823853, 32.200593909743809 ], [ -110.81537203180406, 32.200462833499401 ], [ -110.815394097360908, 32.200408996475559 ], [ -110.815428277437903, 32.200339116256643 ], [ -110.815435490585486, 32.200327324793321 ], [ -110.815500540045605, 32.20022747753633 ], [ -110.815563144150659, 32.20014616277863 ], [ -110.815615925545032, 32.200091906019281 ], [ -110.815634846189056, 32.200076018569675 ], [ -110.815705325779646, 32.200016836893695 ], [ -110.815732034586063, 32.199996797676036 ], [ -110.815784855956224, 32.19995602685281 ], [ -110.81579899958075, 32.199945334593885 ], [ -110.815818569887043, 32.199930539452673 ], [ -110.815846637695827, 32.199909320751416 ], [ -110.815935212756258, 32.199852455417876 ], [ -110.816028919644779, 32.199794208029097 ], [ -110.816037607382484, 32.199788807865318 ], [ -110.816043911070281, 32.199784889363535 ], [ -110.816212504262623, 32.199680093855093 ], [ -110.81621248232878, 32.199680065708087 ], [ -110.815665955524722, 32.198959285366556 ], [ -110.815251954301203, 32.198434285769288 ], [ -110.815168954413608, 32.198335286216476 ], [ -110.814920953844606, 32.198038286022012 ], [ -110.814838953730984, 32.197939286851181 ], [ -110.814791954339128, 32.197875286168411 ], [ -110.814651953470346, 32.197683286396114 ], [ -110.814605953677457, 32.197621286455103 ], [ -110.814527953572224, 32.197536286474723 ], [ -110.814295953184001, 32.197284286872602 ], [ -110.814218953371565, 32.197200287416457 ], [ -110.814195952970209, 32.197175287107243 ], [ -110.814167953545407, 32.197146286966699 ], [ -110.814015953095449, 32.19699328705611 ], [ -110.81396495336341, 32.19694228774997 ], [ -110.813889953336158, 32.196866287455784 ], [ -110.813795953435616, 32.196771288003525 ], [ -110.813659952736785, 32.196645287629586 ], [ -110.813582953096827, 32.196574287383726 ], [ -110.813408952899039, 32.196411287652047 ], [ -110.813262953236816, 32.196277288038338 ], [ -110.812890952434131, 32.195924288810239 ], [ -110.812734075583322, 32.195775668196212 ], [ -110.81271995248764, 32.19576228829105 ], [ -110.812673952543278, 32.195807288300927 ], [ -110.812555953317798, 32.195896288399624 ], [ -110.812050954936467, 32.196282288443058 ], [ -110.811882956536337, 32.196411289145082 ], [ -110.811838955797896, 32.196444288788491 ], [ -110.811805956637969, 32.196466288679694 ], [ -110.811569957672788, 32.196624289446191 ], [ -110.811491958136514, 32.196677288850722 ], [ -110.811310958817842, 32.196796289495559 ], [ -110.810767960814047, 32.197154289028461 ], [ -110.810587960989238, 32.197275289442594 ], [ -110.810455961697429, 32.197356289540309 ], [ -110.810059963919514, 32.197598289777744 ], [ -110.809928964439777, 32.197680290048837 ], [ -110.809782964061668, 32.197776290213987 ], [ -110.809596965529238, 32.197901290290922 ], [ -110.809467965570605, 32.197978289909656 ], [ -110.809408965771482, 32.198008289584457 ], [ -110.809331966485971, 32.198041289736146 ], [ -110.809172966976561, 32.19811228991199 ], [ -110.808941966929666, 32.198172290130763 ], [ -110.808925967869286, 32.198177290278771 ], [ -110.808230968785139, 32.198246290547452 ], [ -110.807995118384511, 32.198271169742675 ], [ -110.807994983518498, 32.198271183890924 ], [ -110.807993261254921, 32.198271260774277 ], [ -110.807993186282602, 32.198269921832505 ], [ -110.807993138094119, 32.198268997957641 ], [ -110.807991927568949, 32.198269118105813 ], [ -110.807975224485958, 32.198270772561109 ], [ -110.807061485788736, 32.198312834735908 ], [ -110.806813760287184, 32.198331275909304 ], [ -110.806711812792798, 32.198341032283935 ], [ -110.806648849453623, 32.198351646652178 ], [ -110.806583992307395, 32.198368428064704 ], [ -110.806519701029472, 32.198388478959338 ], [ -110.80636620783325, 32.198433602319369 ], [ -110.806248523604026, 32.198458080134301 ], [ -110.805899929892746, 32.198580342637229 ], [ -110.80579976325069, 32.198609784163708 ], [ -110.80565225373654, 32.198644564970188 ], [ -110.805542134138292, 32.198661721875105 ], [ -110.8054284533073, 32.198672661880963 ], [ -110.804999665756611, 32.198693717721156 ], [ -110.803933311657929, 32.198708131220471 ], [ -110.802636104750633, 32.198682707190301 ], [ -110.801687170236562, 32.198677951052716 ], [ -110.801304296743979, 32.198677738686804 ], [ -110.800555851166891, 32.198677318908373 ], [ -110.800543819923973, 32.198677311905882 ], [ -110.800535236984345, 32.199196739672374 ], [ -110.800534534400057, 32.199239255511031 ], [ -110.799647626392002, 32.199250664333341 ], [ -110.798739520417115, 32.199244098568755 ], [ -110.798293912554598, 32.199242069756927 ], [ -110.798278886875949, 32.19924200088132 ], [ -110.798181177494115, 32.199252045751301 ], [ -110.798075333917623, 32.199249820736654 ], [ -110.798030635411067, 32.199237141771114 ], [ -110.79797398799694, 32.199210269937439 ], [ -110.797728849139446, 32.199116105634104 ], [ -110.797175743685969, 32.19909239800878 ], [ -110.795078013128034, 32.199082651561568 ], [ -110.793467656978564, 32.199075145477394 ], [ -110.793327489279477, 32.199071065880695 ], [ -110.792285066373978, 32.199028557960169 ], [ -110.789699392389608, 32.199022889899837 ], [ -110.789700454895609, 32.199058093264703 ], [ -110.789703122337301, 32.199146442658531 ], [ -110.789730954358319, 32.199904389270181 ], [ -110.789730238992163, 32.200650742044047 ], [ -110.789709884793965, 32.201383949011706 ], [ -110.78970599551316, 32.202289355495772 ], [ -110.789700943683215, 32.20332179247805 ], [ -110.789704567119188, 32.204142226288297 ], [ -110.789686003990411, 32.206124152689135 ], [ -110.789684141991359, 32.206322968843317 ], [ -110.786714019272978, 32.20627876240205 ], [ -110.786650347104526, 32.206280205229199 ], [ -110.786507457374029, 32.206283444207905 ], [ -110.78125735996781, 32.206332865121205 ], [ -110.780836612986249, 32.206337761092513 ], [ -110.779631764151958, 32.20635184124972 ], [ -110.778344634405244, 32.2063531426327 ], [ -110.777120242173496, 32.206346493307002 ], [ -110.776056747078528, 32.206335184946859 ], [ -110.774980078682646, 32.206343247470784 ], [ -110.772938813883542, 32.206344107530811 ], [ -110.772710141950611, 32.206344202020212 ], [ -110.769919257905372, 32.206380677792147 ], [ -110.7684628348823, 32.206335583649015 ], [ -110.767572253225438, 32.206308001483748 ], [ -110.765813817820145, 32.206317946877483 ], [ -110.764376337821915, 32.206308373841395 ], [ -110.764235876290613, 32.206307438021597 ], [ -110.762037449399926, 32.206310227949508 ], [ -110.761446232939576, 32.206309808562715 ], [ -110.759934253153887, 32.206311110413388 ], [ -110.759909363163302, 32.206311131574651 ], [ -110.755671744063335, 32.206315922624597 ], [ -110.755671032516247, 32.206315909777622 ], [ -110.7556709909842, 32.206351907476474 ], [ -110.75567086733794, 32.20645899066372 ], [ -110.7556708026423, 32.206515179466159 ], [ -110.75567497103782, 32.206515183477556 ], [ -110.75567549712774, 32.206515183799816 ], [ -110.755841812711225, 32.206515361025048 ], [ -110.755850632087146, 32.206515370762084 ], [ -110.755850617998178, 32.206518985049925 ], [ -110.755848792563313, 32.206978335628229 ], [ -110.755846396794624, 32.207675965501537 ], [ -110.755844381491968, 32.208248189012345 ], [ -110.755839421303079, 32.209593024506113 ], [ -110.755834692374179, 32.210983216078276 ], [ -110.755832083013047, 32.211633943650433 ], [ -110.755826659116934, 32.213205970021562 ], [ -110.755821366661763, 32.214703954968066 ], [ -110.755816682900019, 32.215994935309681 ], [ -110.75581243465524, 32.217092565524595 ], [ -110.755799891194656, 32.220646899196268 ], [ -110.755799692986599, 32.220702975731172 ], [ -110.755799692470902, 32.220703016307368 ], [ -110.755803869564232, 32.220703054671851 ], [ -110.755804395678581, 32.22070305950394 ], [ -110.755828774077969, 32.220703283404241 ], [ -110.755838085029183, 32.220703368918251 ], [ -110.755838039544997, 32.220706947739757 ], [ -110.755837935202891, 32.220715157659114 ], [ -110.755837220518515, 32.220771390872343 ], [ -110.755841431184777, 32.220771375436037 ], [ -110.755841957391198, 32.220771373054426 ], [ -110.755899468194855, 32.220771159050663 ], [ -110.755907995621968, 32.220771127344491 ], [ -110.755908000355703, 32.220774761636967 ], [ -110.755913400796175, 32.225081164000613 ], [ -110.755911151123001, 32.226212139720715 ], [ -110.755910178174773, 32.226733865099817 ], [ -110.755909213649858, 32.22722312128257 ], [ -110.755907804380925, 32.228160722847356 ], [ -110.755907804014129, 32.228160751701509 ], [ -110.755898466060586, 32.228161144788658 ], [ -110.755406716802767, 32.22818183062477 ], [ -110.754188069320861, 32.228177670834654 ], [ -110.754051450614611, 32.228177272598394 ], [ -110.753259255908446, 32.228174531000207 ], [ -110.753258421001235, 32.228174527823249 ], [ -110.753258379263045, 32.228178053466713 ], [ -110.753247427118026, 32.229100816836493 ], [ -110.753245677255094, 32.229238148954884 ], [ -110.753231988346514, 32.230375888927007 ], [ -110.753224423983724, 32.231001229950643 ], [ -110.753217708704625, 32.23155992241248 ], [ -110.753203361433904, 32.232749194494552 ], [ -110.753201530267376, 32.232892881649022 ], [ -110.753189104145335, 32.233931337579655 ], [ -110.753185614811528, 32.234236837731558 ], [ -110.753175949414839, 32.235026907320027 ], [ -110.753173075917601, 32.235252357919407 ], [ -110.753172890092117, 32.235266104996157 ], [ -110.753172133127677, 32.235322248378267 ], [ -110.753176347139757, 32.235322272750096 ], [ -110.753176873360829, 32.235322275791674 ], [ -110.755413297324154, 32.235335231285376 ], [ -110.75542261865445, 32.235335285383236 ], [ -110.755422619526215, 32.235335216854736 ], [ -110.755422835669165, 32.235300210191582 ], [ -110.755422856857919, 32.235296709611511 ], [ -110.755423691865232, 32.235296710070614 ], [ -110.755885338402933, 32.235297051351743 ], [ -110.755894684738763, 32.235297057849188 ], [ -110.755894684491949, 32.235296993819375 ], [ -110.75589462915498, 32.235241686115451 ], [ -110.755894625529379, 32.235238133002902 ], [ -110.755895461539794, 32.235238137977049 ], [ -110.756390187996899, 32.235241309913739 ], [ -110.757133530791762, 32.235246157297631 ], [ -110.757635964847964, 32.235249392376531 ], [ -110.758142440972989, 32.235252662515748 ], [ -110.758496124986266, 32.235254900056354 ], [ -110.758505422909394, 32.235254959122884 ], [ -110.758505423778828, 32.23525489059427 ], [ -110.758505445331721, 32.235253191806017 ], [ -110.75850548937558, 32.23524972029076 ], [ -110.758506324417439, 32.235249718024392 ], [ -110.758692255622279, 32.235249283841085 ], [ -110.760373960474453, 32.23524535707741 ], [ -110.760848133861458, 32.23524574434208 ], [ -110.764101567013299, 32.2352397279817 ], [ -110.764914160601208, 32.235234767976202 ], [ -110.766292738548898, 32.235226452580306 ], [ -110.768441200614461, 32.235213491455653 ], [ -110.768450354639214, 32.23521343575775 ], [ -110.768450319427501, 32.235217078703748 ], [ -110.76844952755134, 32.235298592288736 ], [ -110.76844898066453, 32.235354808142439 ], [ -110.768453181315195, 32.235354799418488 ], [ -110.768453707584356, 32.235354798789693 ], [ -110.769485470966018, 32.235352730451979 ], [ -110.769494789002493, 32.23535271133769 ], [ -110.769494789784375, 32.235352649120671 ], [ -110.769495785104994, 32.235210631183968 ], [ -110.769495810054167, 32.235207126119121 ], [ -110.769496645052342, 32.2352071273869 ], [ -110.769528149161616, 32.235207161784665 ], [ -110.771798341448374, 32.235210743266691 ], [ -110.772332741690704, 32.235211632158517 ], [ -110.772711830579979, 32.235212416877239 ], [ -110.772928797186097, 32.235228531887159 ], [ -110.772917310600519, 32.238306358645943 ], [ -110.772920391126831, 32.239092790109595 ], [ -110.772920391396823, 32.239092853237928 ], [ -110.772911034913108, 32.239092861430066 ], [ -110.772895353397047, 32.239092876395347 ], [ -110.772894518339953, 32.239092876952625 ], [ -110.77289447465597, 32.239096362910502 ], [ -110.772894225467311, 32.239116248018824 ], [ -110.77289422460855, 32.239116316547729 ], [ -110.772884926226553, 32.239116260334363 ], [ -110.772574477743845, 32.239114374098897 ], [ -110.772211438978317, 32.239115295130937 ], [ -110.772105518225331, 32.239115624391076 ], [ -110.766125296420057, 32.239075825280324 ], [ -110.766124563293516, 32.239075820408374 ], [ -110.766119281546182, 32.23907934163006 ], [ -110.765794335650142, 32.239295970996992 ], [ -110.765214270973885, 32.239566895155882 ], [ -110.765089189426803, 32.239625315358467 ], [ -110.765083961911571, 32.239626887343782 ], [ -110.764543228616915, 32.239789475878929 ], [ -110.76454297725634, 32.239789551141548 ], [ -110.764228566585544, 32.23978317319515 ], [ -110.764227731740235, 32.239783156562801 ], [ -110.764227689485836, 32.239786839117578 ], [ -110.764211410983137, 32.241203730571044 ], [ -110.764194349690314, 32.242678142899521 ], [ -110.764193698540922, 32.242734409987875 ], [ -110.764197906189111, 32.242734378027322 ], [ -110.764198432545825, 32.242734373810443 ], [ -110.76472335275183, 32.242730393440723 ], [ -110.765487912905783, 32.242724734822168 ], [ -110.766421073222133, 32.242717772234819 ], [ -110.76724680239407, 32.242712026757367 ], [ -110.767260831314815, 32.242711928931598 ], [ -110.767260479759273, 32.242715578012557 ], [ -110.76710129812389, 32.244368359500854 ], [ -110.767097250365524, 32.244394355749215 ], [ -110.767088541926881, 32.244450274503485 ], [ -110.767093259760699, 32.244450349894457 ], [ -110.767093785968541, 32.24445035828947 ], [ -110.769014931425431, 32.244481180138457 ], [ -110.769028315778201, 32.244481394599632 ], [ -110.769028013333042, 32.244484940424833 ], [ -110.768958137688188, 32.245303813942414 ], [ -110.768889193997055, 32.246027980022021 ], [ -110.768848235403539, 32.246456244677738 ], [ -110.768848228141351, 32.24645631585372 ], [ -110.76883922648291, 32.24645623226867 ], [ -110.768083823891246, 32.246449196595691 ], [ -110.768082988869963, 32.246449189004359 ], [ -110.768082956530208, 32.246452769745886 ], [ -110.768080834019429, 32.246684610547348 ], [ -110.768040158831113, 32.250846939209261 ], [ -110.768040112995209, 32.25088260844332 ], [ -110.768040113261605, 32.250882671571482 ], [ -110.768030773697419, 32.250882673226563 ], [ -110.764141600255243, 32.250883199381732 ], [ -110.764141073919816, 32.250883198187111 ], [ -110.764136862050165, 32.250883198539164 ], [ -110.764137219141929, 32.250854932303348 ], [ -110.764137264592833, 32.250851334552891 ], [ -110.763776261348539, 32.250849583548607 ], [ -110.763775426242674, 32.250849579534659 ], [ -110.763775381518158, 32.250853118674677 ], [ -110.763774936471847, 32.250888336048384 ], [ -110.763774935662823, 32.250888400068504 ], [ -110.763765635390328, 32.250888399963095 ], [ -110.76259180094813, 32.250888376458157 ], [ -110.762591274601505, 32.250888376158812 ], [ -110.762587062733246, 32.250888376459159 ], [ -110.762587351512437, 32.250865548339355 ], [ -110.762587397366673, 32.250861923540114 ], [ -110.762223912744105, 32.250862467552814 ], [ -110.76190369010834, 32.250862976719588 ], [ -110.761860860096235, 32.250863007253479 ], [ -110.761860023872615, 32.250863007725634 ], [ -110.761860029605927, 32.25086649502105 ], [ -110.761860073469762, 32.250890946703819 ], [ -110.761860073731881, 32.250891009831889 ], [ -110.76185072250955, 32.250891010923297 ], [ -110.761032038843965, 32.250891082474887 ], [ -110.76099322380314, 32.250891157558073 ], [ -110.76029659094732, 32.250891224378016 ], [ -110.760035942319149, 32.250891240645743 ], [ -110.759700228252186, 32.250891261510887 ], [ -110.759665861251435, 32.25089129034972 ], [ -110.759344918451461, 32.250891351765141 ], [ -110.759344082228083, 32.250891352220613 ], [ -110.759344090991192, 32.25089484405153 ], [ -110.759344663852872, 32.251127996695189 ], [ -110.759365436797069, 32.253028207613653 ], [ -110.75937278422397, 32.253691993166932 ], [ -110.759387239900576, 32.254623518960713 ], [ -110.759387246561886, 32.254623579441969 ], [ -110.759386403903306, 32.254623582543708 ], [ -110.759377847827707, 32.254623615079645 ], [ -110.758923862113306, 32.254625345670696 ], [ -110.758665078587782, 32.254626323839354 ], [ -110.758664235929302, 32.25462632693624 ], [ -110.758224742675665, 32.254627955201599 ], [ -110.758223900017256, 32.254627958295544 ], [ -110.757781170461968, 32.254629718563059 ], [ -110.757780327803616, 32.254629721654084 ], [ -110.75733396059681, 32.254631379346911 ], [ -110.757333117927075, 32.25463138333663 ], [ -110.757232495917279, 32.254631811625011 ], [ -110.75723165962566, 32.254631814770804 ], [ -110.757231698507553, 32.254635268098006 ], [ -110.757242932788301, 32.255621122481791 ], [ -110.757242939448233, 32.255621182963104 ], [ -110.757242096780814, 32.255621186050313 ], [ -110.757233554398624, 32.255621219467109 ], [ -110.756809471732367, 32.255622873262659 ], [ -110.755881076063673, 32.255626370908075 ], [ -110.755109973240323, 32.255629332345841 ], [ -110.754946241875714, 32.255629619449778 ], [ -110.754945405598335, 32.255629620776816 ], [ -110.754945411199529, 32.255633097243589 ], [ -110.754945820519268, 32.25588276172676 ], [ -110.754945789890726, 32.255885166529168 ], [ -110.7549461187877, 32.256272044497024 ], [ -110.754955769760386, 32.256625422671497 ], [ -110.754961242639865, 32.256957632475533 ], [ -110.754962621802662, 32.257325537284721 ], [ -110.75496284778481, 32.257339540610644 ], [ -110.754963158647385, 32.257378625400968 ], [ -110.754972241274288, 32.257744883116672 ], [ -110.75497221455592, 32.257778726281295 ], [ -110.754972428513781, 32.257793673673504 ], [ -110.754972526913221, 32.258166891748402 ], [ -110.754970574719309, 32.258338821464086 ], [ -110.754969937176796, 32.258394956753293 ], [ -110.754974143710328, 32.258394985520212 ], [ -110.754974670053286, 32.258394989459049 ], [ -110.75526557808243, 32.258396953024352 ], [ -110.756242860378109, 32.258397171206262 ], [ -110.756252180487877, 32.258397172960457 ], [ -110.759453805386386, 32.258398378879825 ], [ -110.759456238323594, 32.25823866547838 ], [ -110.759465752535519, 32.258238675085906 ] ] ] } },
{ "type": "Feature", "properties": { "OBJECTID": 6, "WARD": "4", "NAME": "Nikki Lee", "PHONE": "520-791-3199", "URL": "http://www.tucsonaz.gov/ward-4", "ADDRESS": "8123 E. Poinciana DR", "KEYID": 4, "UNIT": 4, "DATASOURCE": "WARD_COT", "City": "Tucson", "State": "AZ", "Zipcode": "85730", "Label": "Ward 4", "GlobalID": "{B3BAEA01-819B-4866-BFA2-24F134D8B5FF}", "created_user": "GISDATA", "created_date": "2025-02-05T16:19:59Z", "last_edited_user": "GISDATA", "last_edited_date": "2025-11-08T09:55:25Z", "ShapeSTArea": 2107984103.7527778, "ShapeSTLength": 500786.17930481024 }, "geometry": { "type": "MultiPolygon", "coordinates": [ [ [ [ -110.755671040142147, 32.20630896417866 ], [ -110.755671032516247, 32.206315909777622 ], [ -110.755671744063335, 32.206315922624597 ], [ -110.759909363163302, 32.206311131574651 ], [ -110.759934253153887, 32.206311110413388 ], [ -110.761446232939576, 32.206309808562715 ], [ -110.762037449399926, 32.206310227949508 ], [ -110.764235876290613, 32.206307438021597 ], [ -110.764376337821915, 32.206308373841395 ], [ -110.765813817820145, 32.206317946877483 ], [ -110.767572253225438, 32.206308001483748 ], [ -110.7684628348823, 32.206335583649015 ], [ -110.769919257905372, 32.206380677792147 ], [ -110.772710141950611, 32.206344202020212 ], [ -110.772938813883542, 32.206344107530811 ], [ -110.774980078682646, 32.206343247470784 ], [ -110.776056747078528, 32.206335184946859 ], [ -110.777120242173496, 32.206346493307002 ], [ -110.778344634405244, 32.2063531426327 ], [ -110.779631764151958, 32.20635184124972 ], [ -110.780836612986249, 32.206337761092513 ], [ -110.78125735996781, 32.206332865121205 ], [ -110.786507457374029, 32.206283444207905 ], [ -110.786650347104526, 32.206280205229199 ], [ -110.786714019272978, 32.20627876240205 ], [ -110.789684141991359, 32.206322968843317 ], [ -110.789686003990411, 32.206124152689135 ], [ -110.789704567119188, 32.204142226288297 ], [ -110.789700943683215, 32.20332179247805 ], [ -110.78970599551316, 32.202289355495772 ], [ -110.789709884793965, 32.201383949011706 ], [ -110.789730238992163, 32.200650742044047 ], [ -110.789730954358319, 32.199904389270181 ], [ -110.789703122337301, 32.199146442658531 ], [ -110.789700454895609, 32.199058093264703 ], [ -110.789699392389608, 32.199022889899837 ], [ -110.792285066373978, 32.199028557960169 ], [ -110.793327489279477, 32.199071065880695 ], [ -110.793467656978564, 32.199075145477394 ], [ -110.795078013128034, 32.199082651561568 ], [ -110.797175743685969, 32.19909239800878 ], [ -110.797728849139446, 32.199116105634104 ], [ -110.79797398799694, 32.199210269937439 ], [ -110.798030635411067, 32.199237141771114 ], [ -110.798075333917623, 32.199249820736654 ], [ -110.798181177494115, 32.199252045751301 ], [ -110.798278886875949, 32.19924200088132 ], [ -110.798293912554598, 32.199242069756927 ], [ -110.798739520417115, 32.199244098568755 ], [ -110.799647626392002, 32.199250664333341 ], [ -110.800534534400057, 32.199239255511031 ], [ -110.800535236984345, 32.199196739672374 ], [ -110.800543819923973, 32.198677311905882 ], [ -110.800555851166891, 32.198677318908373 ], [ -110.801304296743979, 32.198677738686804 ], [ -110.801687170236562, 32.198677951052716 ], [ -110.802636104750633, 32.198682707190301 ], [ -110.803933311657929, 32.198708131220471 ], [ -110.804999665756611, 32.198693717721156 ], [ -110.8054284533073, 32.198672661880963 ], [ -110.805542134138292, 32.198661721875105 ], [ -110.80565225373654, 32.198644564970188 ], [ -110.80579976325069, 32.198609784163708 ], [ -110.805899929892746, 32.198580342637229 ], [ -110.806248523604026, 32.198458080134301 ], [ -110.80636620783325, 32.198433602319369 ], [ -110.806519701029472, 32.198388478959338 ], [ -110.806583992307395, 32.198368428064704 ], [ -110.806648849453623, 32.198351646652178 ], [ -110.806711812792798, 32.198341032283935 ], [ -110.806813760287184, 32.198331275909304 ], [ -110.807061485788736, 32.198312834735908 ], [ -110.807975224485958, 32.198270772561109 ], [ -110.807991927568949, 32.198269118105813 ], [ -110.807993138094119, 32.198268997957641 ], [ -110.807993186282602, 32.198269921832505 ], [ -110.807993261254921, 32.198271260774277 ], [ -110.807994983518498, 32.198271183890924 ], [ -110.807995118384511, 32.198271169742675 ], [ -110.808230968785139, 32.198246290547452 ], [ -110.808925967869286, 32.198177290278771 ], [ -110.808941966929666, 32.198172290130763 ], [ -110.809172966976561, 32.19811228991199 ], [ -110.809331966485971, 32.198041289736146 ], [ -110.809408965771482, 32.198008289584457 ], [ -110.809467965570605, 32.197978289909656 ], [ -110.809596965529238, 32.197901290290922 ], [ -110.809782964061668, 32.197776290213987 ], [ -110.809928964439777, 32.197680290048837 ], [ -110.810059963919514, 32.197598289777744 ], [ -110.810455961697429, 32.197356289540309 ], [ -110.810587960989238, 32.197275289442594 ], [ -110.810767960814047, 32.197154289028461 ], [ -110.811310958817842, 32.196796289495559 ], [ -110.811491958136514, 32.196677288850722 ], [ -110.811569957672788, 32.196624289446191 ], [ -110.811805956637969, 32.196466288679694 ], [ -110.811838955797896, 32.196444288788491 ], [ -110.811882956536337, 32.196411289145082 ], [ -110.812050954936467, 32.196282288443058 ], [ -110.812555953317798, 32.195896288399624 ], [ -110.812673952543278, 32.195807288300927 ], [ -110.81271995248764, 32.19576228829105 ], [ -110.812734075583322, 32.195775668196212 ], [ -110.812890952434131, 32.195924288810239 ], [ -110.813262953236816, 32.196277288038338 ], [ -110.813408952899039, 32.196411287652047 ], [ -110.813582953096827, 32.196574287383726 ], [ -110.813659952736785, 32.196645287629586 ], [ -110.813795953435616, 32.196771288003525 ], [ -110.813889953336158, 32.196866287455784 ], [ -110.81396495336341, 32.19694228774997 ], [ -110.814015953095449, 32.19699328705611 ], [ -110.814167953545407, 32.197146286966699 ], [ -110.814195952970209, 32.197175287107243 ], [ -110.814218953371565, 32.197200287416457 ], [ -110.814295953184001, 32.197284286872602 ], [ -110.814527953572224, 32.197536286474723 ], [ -110.814605953677457, 32.197621286455103 ], [ -110.814651953470346, 32.197683286396114 ], [ -110.814791954339128, 32.197875286168411 ], [ -110.814838953730984, 32.197939286851181 ], [ -110.814920953844606, 32.198038286022012 ], [ -110.815168954413608, 32.198335286216476 ], [ -110.815251954301203, 32.198434285769288 ], [ -110.815665955524722, 32.198959285366556 ], [ -110.81621248232878, 32.199680065708087 ], [ -110.816212504262623, 32.199680093855093 ], [ -110.816043911070281, 32.199784889363535 ], [ -110.816037607382484, 32.199788807865318 ], [ -110.816028919644779, 32.199794208029097 ], [ -110.815935212756258, 32.199852455417876 ], [ -110.815846637695827, 32.199909320751416 ], [ -110.815818569887043, 32.199930539452673 ], [ -110.81579899958075, 32.199945334593885 ], [ -110.815784855956224, 32.19995602685281 ], [ -110.815732034586063, 32.199996797676036 ], [ -110.815705325779646, 32.200016836893695 ], [ -110.815634846189056, 32.200076018569675 ], [ -110.815615925545032, 32.200091906019281 ], [ -110.815563144150659, 32.20014616277863 ], [ -110.815500540045605, 32.20022747753633 ], [ -110.815435490585486, 32.200327324793321 ], [ -110.815428277437903, 32.200339116256643 ], [ -110.815394097360908, 32.200408996475559 ], [ -110.81537203180406, 32.200462833499401 ], [ -110.815302564823853, 32.200593909743809 ], [ -110.815305159108931, 32.200696724201102 ], [ -110.815309539604229, 32.20087030207457 ], [ -110.81531560641946, 32.20090339361392 ], [ -110.815347836418624, 32.20107919443943 ], [ -110.815303190438328, 32.201833242184435 ], [ -110.815322223821653, 32.203003673288976 ], [ -110.815342231409929, 32.204076446751941 ], [ -110.815281102709307, 32.204907056608818 ], [ -110.815308760950998, 32.206325225152021 ], [ -110.815310201118507, 32.206399088620962 ], [ -110.815348548683673, 32.206399906950658 ], [ -110.815770359253079, 32.206408906798053 ], [ -110.817602791026957, 32.206447986862152 ], [ -110.820094467829094, 32.20645862847234 ], [ -110.823756809356638, 32.206441638114626 ], [ -110.824403700276108, 32.206399726676608 ], [ -110.825351093236634, 32.206388410129634 ], [ -110.825601619910913, 32.206390743782102 ], [ -110.826320672271379, 32.206397463037774 ], [ -110.826814120813182, 32.206412883973343 ], [ -110.827061219293995, 32.206413101097375 ], [ -110.828567379717001, 32.206414414386039 ], [ -110.831809267178244, 32.206377679532622 ], [ -110.832417707175082, 32.20644268371656 ], [ -110.834873020585377, 32.206419135944728 ], [ -110.836798125788192, 32.206412831232178 ], [ -110.840966866902477, 32.206482881164575 ], [ -110.840979548089678, 32.206483093672119 ], [ -110.840972628258783, 32.205018517960667 ], [ -110.840944238297183, 32.199010642819751 ], [ -110.840667898441779, 32.199040159790393 ], [ -110.840562147320441, 32.199047076738523 ], [ -110.840413043453168, 32.199046666204396 ], [ -110.840348631677188, 32.199043283526962 ], [ -110.840263257909626, 32.19903551270545 ], [ -110.840199720991606, 32.199026468603414 ], [ -110.840137023499381, 32.199014681988665 ], [ -110.839950629347015, 32.198972551180006 ], [ -110.83968447879171, 32.198908867428841 ], [ -110.839352634864554, 32.198813443235892 ], [ -110.839129360819172, 32.198763351426038 ], [ -110.838985039140042, 32.198734377167405 ], [ -110.838818488944739, 32.198705727295433 ], [ -110.8387335531568, 32.198695211355805 ], [ -110.838605201131415, 32.198682692914794 ], [ -110.838326190578599, 32.198664594239062 ], [ -110.838155321624072, 32.198659528750071 ], [ -110.837847073982672, 32.198653549799083 ], [ -110.837818778107447, 32.198517417814898 ], [ -110.837805386762426, 32.198436559748302 ], [ -110.837794625921887, 32.198389653928743 ], [ -110.837784683149366, 32.198359075194375 ], [ -110.837761737129114, 32.198317477179337 ], [ -110.837716024946943, 32.198270358790708 ], [ -110.837631991730106, 32.198200493402759 ], [ -110.837278447472002, 32.197941329472108 ], [ -110.837206983483284, 32.197884972040541 ], [ -110.837118960283505, 32.197810863494212 ], [ -110.83705180742669, 32.197748787414412 ], [ -110.836973139314225, 32.197669519111635 ], [ -110.836735539910862, 32.197429983240042 ], [ -110.837592995334461, 32.196951122726333 ], [ -110.83745153165701, 32.196783015992089 ], [ -110.837382800173003, 32.196683561795112 ], [ -110.837321597797711, 32.196579618575761 ], [ -110.837284511705121, 32.196503625467692 ], [ -110.83725371537443, 32.196408274516486 ], [ -110.837232213968548, 32.19631282975665 ], [ -110.837206074783239, 32.196216573448716 ], [ -110.837186575703214, 32.196105598516446 ], [ -110.837142083074411, 32.195886867196613 ], [ -110.837132750748225, 32.19571902955289 ], [ -110.837127505343517, 32.195495994351162 ], [ -110.837120013509931, 32.195069619877216 ], [ -110.837136788573048, 32.19429908884819 ], [ -110.837137528312851, 32.193996782098409 ], [ -110.837139167512831, 32.193327519819725 ], [ -110.837116204629353, 32.192155749036424 ], [ -110.837113863872119, 32.192036293766407 ], [ -110.837111809833715, 32.191931448518467 ], [ -110.840735380059186, 32.191940623247348 ], [ -110.840800365597346, 32.191940786562377 ], [ -110.840969025326885, 32.191941211336228 ], [ -110.840970608882003, 32.191941194144967 ], [ -110.844472035624065, 32.191903789289377 ], [ -110.84514945717045, 32.191907690540525 ], [ -110.849434537674981, 32.191932281845006 ], [ -110.84972192478925, 32.191940891563455 ], [ -110.852614879700553, 32.191985037420267 ], [ -110.853203477388561, 32.191994011703279 ], [ -110.853714831928514, 32.192044523637598 ], [ -110.856589459052202, 32.192009751009628 ], [ -110.857932879909526, 32.191993478587129 ], [ -110.857936218898956, 32.191993438003934 ], [ -110.857947388256804, 32.192021470685077 ], [ -110.85801808578519, 32.192198904211587 ], [ -110.858018074278746, 32.192199073656738 ], [ -110.857946082982224, 32.193287659240752 ], [ -110.857951105676634, 32.19405786299243 ], [ -110.857947767330231, 32.194334538326714 ], [ -110.857946094587234, 32.194473137035118 ], [ -110.857953288700472, 32.194846424591759 ], [ -110.857953148508585, 32.195224889368795 ], [ -110.857962882446571, 32.195623108102701 ], [ -110.857945092746789, 32.19604274264973 ], [ -110.857956488476532, 32.196436937820181 ], [ -110.857959562938433, 32.19679953852831 ], [ -110.857956790461216, 32.197196020169116 ], [ -110.857957633928038, 32.197925730326141 ], [ -110.857958516054467, 32.197989129925688 ], [ -110.857956863361991, 32.198389642064477 ], [ -110.857956829964905, 32.198397654414357 ], [ -110.857956840902688, 32.198732170281914 ], [ -110.857956841441037, 32.198732215377184 ], [ -110.857980124974361, 32.199455416374214 ], [ -110.8579792888778, 32.199684670639151 ], [ -110.85797955014192, 32.199713304557164 ], [ -110.858036864840329, 32.199711257552245 ], [ -110.858323863896175, 32.199711257694993 ], [ -110.859437861616968, 32.199714257299959 ], [ -110.859809861476236, 32.199716257070165 ], [ -110.860214859823756, 32.199715256969903 ], [ -110.861431857639644, 32.199714255903679 ], [ -110.861837856340344, 32.199714255457501 ], [ -110.862387855023826, 32.19971225483286 ], [ -110.864041851339977, 32.199710254318809 ], [ -110.864592850594207, 32.199710253557797 ], [ -110.864975849609465, 32.199707253321783 ], [ -110.866126846922455, 32.199704253032898 ], [ -110.866510846465516, 32.19970325217691 ], [ -110.867373844373191, 32.19970025156988 ], [ -110.869962839240856, 32.199695250029379 ], [ -110.87082683691942, 32.199694249680377 ], [ -110.871334835367762, 32.199695249036537 ], [ -110.872861832198467, 32.199701248255273 ], [ -110.87337083126053, 32.199703247804749 ], [ -110.873716830235082, 32.199689248181926 ], [ -110.874757828194092, 32.199651247169612 ], [ -110.875105827421024, 32.199638246809904 ], [ -110.875109215047374, 32.199638244053595 ], [ -110.875109327567429, 32.19972592326986 ], [ -110.875115185918503, 32.199726058102144 ], [ -110.875102505077621, 32.202505786955648 ], [ -110.875109485709928, 32.203666327664578 ], [ -110.875096956754604, 32.204446607957095 ], [ -110.875083972595249, 32.205195875439301 ], [ -110.875105222535865, 32.206890179466001 ], [ -110.875105250748589, 32.206892450472004 ], [ -110.875809717637651, 32.206893744063755 ], [ -110.881024556990681, 32.206903197137343 ], [ -110.883692081185231, 32.206912909007514 ], [ -110.889931730090893, 32.206953943516346 ], [ -110.891531511922324, 32.206972270598989 ], [ -110.892297182620396, 32.206981034303581 ], [ -110.892297305363272, 32.206976045536564 ], [ -110.89233976611574, 32.205254910779061 ], [ -110.892337429674427, 32.204706173924542 ], [ -110.892338971141911, 32.204442479266426 ], [ -110.892340606374532, 32.203917911703854 ], [ -110.89234053145411, 32.203654203918084 ], [ -110.892344076639205, 32.203157568474282 ], [ -110.892344239297429, 32.202872559813272 ], [ -110.892347904094677, 32.202383312980338 ], [ -110.892352221119694, 32.20205212421952 ], [ -110.892354847894083, 32.201601351343939 ], [ -110.892355394778704, 32.201426380300056 ], [ -110.892375898416063, 32.200624342973441 ], [ -110.892362562873529, 32.199776934128181 ], [ -110.892484890144729, 32.196128500480839 ], [ -110.892512097552654, 32.195316958357161 ], [ -110.892768818127266, 32.195322894414183 ], [ -110.892771891415165, 32.195322914789998 ], [ -110.892772185134618, 32.19532291987376 ], [ -110.894120818597486, 32.19533189656071 ], [ -110.894124185616647, 32.195331921082534 ], [ -110.894948185522637, 32.195308921666481 ], [ -110.895945185808515, 32.195235921413193 ], [ -110.8962031849249, 32.195195921174509 ], [ -110.909170792507666, 32.195151308788844 ], [ -110.909119388215018, 32.192597414583688 ], [ -110.909119314869329, 32.192593772440112 ], [ -110.90912015152837, 32.192593781811652 ], [ -110.909120191825153, 32.192593782132711 ], [ -110.90919257023927, 32.192594834947691 ], [ -110.909201954466951, 32.192594971936359 ], [ -110.909201953130932, 32.192594900681748 ], [ -110.909174578491175, 32.190629731010034 ], [ -110.90914498635729, 32.188340927489563 ], [ -110.908980649525915, 32.186289142733024 ], [ -110.908980646722327, 32.186289108441379 ], [ -110.908980343700094, 32.186285330092623 ], [ -110.908980339034102, 32.18628527233875 ], [ -110.90897616970507, 32.1862855240947 ], [ -110.908920151211802, 32.186288758982101 ], [ -110.908919629132711, 32.186288789091329 ], [ -110.908916716313584, 32.186288957067816 ], [ -110.908915845114763, 32.186289007842596 ], [ -110.908910178678326, 32.186232642921169 ], [ -110.908909050012568, 32.18622141253973 ], [ -110.908899515229464, 32.186154056933901 ], [ -110.908896264540957, 32.186136285852974 ], [ -110.908887251551164, 32.186087021372849 ], [ -110.908872272944407, 32.186020386229437 ], [ -110.908854597637145, 32.185954230106617 ], [ -110.908834247028253, 32.185888632534393 ], [ -110.90881124570744, 32.18582367216608 ], [ -110.908785620404771, 32.185759425868362 ], [ -110.908757401041072, 32.185695969631311 ], [ -110.908397238328917, 32.184550739235007 ], [ -110.908397630602607, 32.184523426127832 ], [ -110.908402458977022, 32.184187085339254 ], [ -110.908368071253776, 32.18336647906024 ], [ -110.908347068994644, 32.182229614185189 ], [ -110.908304005453559, 32.180931684226806 ], [ -110.908284890207327, 32.1800452290584 ], [ -110.90828144633511, 32.179056420811726 ], [ -110.908269956573292, 32.178030632991984 ], [ -110.908269917202361, 32.178027085802732 ], [ -110.908269917550214, 32.17802705424166 ], [ -110.908261856344325, 32.178026985466161 ], [ -110.908014731498696, 32.178024883396489 ], [ -110.908013854653035, 32.178024876404258 ], [ -110.908013519606783, 32.17802487373249 ], [ -110.908012642761122, 32.178024866740252 ], [ -110.907151566322156, 32.178017740303282 ], [ -110.907151215371954, 32.17801773750228 ], [ -110.907150689476765, 32.178017733305069 ], [ -110.907147423847363, 32.178017706339801 ], [ -110.907146547001986, 32.178017699341581 ], [ -110.907146137687306, 32.177961578255626 ], [ -110.90713990331507, 32.177106231983892 ], [ -110.907139877068687, 32.177102652433369 ], [ -110.907140712555076, 32.177102659101458 ], [ -110.907140753905281, 32.177102659431462 ], [ -110.908100292183434, 32.177110313940297 ], [ -110.908280494818996, 32.177110555738352 ], [ -110.908280498317851, 32.177106870911224 ], [ -110.908280724171249, 32.176889242607878 ], [ -110.908184724061755, 32.176889242002503 ], [ -110.906927726425465, 32.176887242916735 ], [ -110.906939077814869, 32.1761760005569 ], [ -110.906052522492217, 32.17617631273378 ], [ -110.906051645585094, 32.176176312942253 ], [ -110.905024669734203, 32.17617665207446 ], [ -110.905024318761377, 32.176176651972959 ], [ -110.905023792827265, 32.176176652275799 ], [ -110.905020523815793, 32.17617664957865 ], [ -110.905019646948745, 32.176176646173033 ], [ -110.905019296966685, 32.176120453409027 ], [ -110.905013603765212, 32.175206801202918 ], [ -110.905010936275332, 32.174772132057228 ], [ -110.905007970274809, 32.17431526028119 ], [ -110.905007947200545, 32.174311688871541 ], [ -110.904999624623144, 32.174311602470716 ], [ -110.903924658449839, 32.174300444944635 ], [ -110.903923781660922, 32.174300436121278 ], [ -110.902893724403256, 32.174289791701838 ], [ -110.902893373477809, 32.174289787987618 ], [ -110.902892847614737, 32.174289782871362 ], [ -110.902889570540111, 32.174289748491468 ], [ -110.902888693731612, 32.174289741464442 ], [ -110.90288846384982, 32.174233638937629 ], [ -110.90288503653791, 32.173398340868602 ], [ -110.902880839842638, 32.172396553408205 ], [ -110.902880824279933, 32.172392885563127 ], [ -110.902880824569635, 32.172392859412518 ], [ -110.902872376451569, 32.172393018967668 ], [ -110.902855166304548, 32.172393343676937 ], [ -110.900759722759361, 32.172433012182225 ], [ -110.900759196707099, 32.172433025092211 ], [ -110.900755946075392, 32.172433098187305 ], [ -110.900755069155124, 32.17243310286851 ], [ -110.900754445610204, 32.172376759996794 ], [ -110.900740139305285, 32.171085145138164 ], [ -110.900734383073939, 32.17055552502535 ], [ -110.90073434347066, 32.170551929132948 ], [ -110.900726269739636, 32.170551903072131 ], [ -110.900237349284225, 32.170550337523288 ], [ -110.900236472462211, 32.17055033498734 ], [ -110.899941252388416, 32.170549418154742 ], [ -110.899940375566473, 32.170549415616726 ], [ -110.899908936077978, 32.170549330668734 ], [ -110.899908059256035, 32.170549328130491 ], [ -110.899726350203565, 32.170548721560927 ], [ -110.899725473381665, 32.170548719021433 ], [ -110.899538714783148, 32.170548158164856 ], [ -110.899537837961304, 32.170548155624083 ], [ -110.899180005951635, 32.17054699150092 ], [ -110.899179129129891, 32.170546988957611 ], [ -110.898828413328459, 32.170545861236121 ], [ -110.898828062387736, 32.170545860216137 ], [ -110.898827536506772, 32.170545858690403 ], [ -110.898824326121542, 32.170545846387185 ], [ -110.898823449329953, 32.170545841136182 ], [ -110.898822194130304, 32.17048967443791 ], [ -110.898792970197746, 32.169181952658803 ], [ -110.898792352901864, 32.169158997160849 ], [ -110.898792256054762, 32.169155407120165 ], [ -110.898784949152386, 32.169155369070396 ], [ -110.898517445827437, 32.169153965849354 ], [ -110.898516569039245, 32.169153961498267 ], [ -110.897367731905931, 32.169147960378183 ], [ -110.897367380980768, 32.169147958452506 ], [ -110.897366855118065, 32.169147956019117 ], [ -110.897363602436698, 32.169147937927676 ], [ -110.897362725668927, 32.169147931765103 ], [ -110.897362123212559, 32.169091783838368 ], [ -110.897346366314864, 32.167624384948169 ], [ -110.897345755294609, 32.167558913877599 ], [ -110.897345722153247, 32.167555320741641 ], [ -110.897337565012251, 32.167555287482948 ], [ -110.89639358368423, 32.167551405247949 ], [ -110.896393232755244, 32.167551404221427 ], [ -110.89639270690185, 32.167551401784188 ], [ -110.896389476511075, 32.167551386553633 ], [ -110.896388599748803, 32.167551381286373 ], [ -110.896387654475831, 32.16749522246765 ], [ -110.896365267261217, 32.166165646179266 ], [ -110.896364878289987, 32.165983107428296 ], [ -110.896364876004313, 32.165965240460423 ], [ -110.896352534853762, 32.165006768225027 ], [ -110.896347856018323, 32.164647329868551 ], [ -110.896330280483056, 32.163278716638573 ], [ -110.896327059929476, 32.1632787835537 ], [ -110.896326950051346, 32.163274944500394 ], [ -110.896320513327154, 32.163050013505867 ], [ -110.892288615072857, 32.163028489380679 ], [ -110.892287239030495, 32.163028481846638 ], [ -110.892286772553078, 32.163088549503357 ], [ -110.892285522981069, 32.163249769375923 ], [ -110.892285522183911, 32.163249840613638 ], [ -110.892276218584755, 32.163249782419733 ], [ -110.892199559278907, 32.163249305095512 ], [ -110.892198682558885, 32.163249299800029 ], [ -110.892051207064014, 32.163248404957471 ], [ -110.892050856162001, 32.163248403017519 ], [ -110.892050330344063, 32.163248399660986 ], [ -110.892047090628679, 32.163248378834936 ], [ -110.892046213918803, 32.16324837263668 ], [ -110.892045422712897, 32.163192229459085 ], [ -110.892044747531273, 32.163144285707062 ], [ -110.892044448787757, 32.16311679567729 ], [ -110.892043489154304, 32.163048515282291 ], [ -110.892043438337438, 32.163044909376396 ], [ -110.892035550571123, 32.16304490501701 ], [ -110.891801954909525, 32.16304478508323 ], [ -110.8918010781411, 32.163044784293774 ], [ -110.890983278318657, 32.16304439860852 ], [ -110.890982927397332, 32.163044398469104 ], [ -110.890982401540313, 32.163044398715122 ], [ -110.890979072603443, 32.163044393371358 ], [ -110.8909781958655, 32.163044389870954 ], [ -110.890978793581127, 32.162988203843625 ], [ -110.89097918871569, 32.162951139359535 ], [ -110.890979189352194, 32.162951082549725 ], [ -110.890979216894536, 32.162948529708217 ], [ -110.890981697361184, 32.162715691542985 ], [ -110.890982943701275, 32.162598679106218 ], [ -110.890997011770253, 32.161278189277773 ], [ -110.890997049958969, 32.161274591307141 ], [ -110.890987774812231, 32.16127456661912 ], [ -110.888970302813249, 32.16126921765661 ], [ -110.888969426082653, 32.161269215044378 ], [ -110.888870439978433, 32.161268952073542 ], [ -110.888870089074203, 32.161268951026649 ], [ -110.88886956324788, 32.16126894946062 ], [ -110.888866236558172, 32.161268938669345 ], [ -110.888865359857959, 32.161268933351188 ], [ -110.888865918322097, 32.161212766855883 ], [ -110.888866079625856, 32.161196510076635 ], [ -110.888882148592316, 32.159580583773 ], [ -110.888882184700918, 32.159576989393528 ], [ -110.888872951194699, 32.159576954068939 ], [ -110.886746841723109, 32.159568751366187 ], [ -110.886746490825587, 32.159568750313561 ], [ -110.886745965019443, 32.159568747837163 ], [ -110.886742626773369, 32.15956873328944 ], [ -110.88674175009001, 32.159568727956895 ], [ -110.886742497334183, 32.159512572929295 ], [ -110.886766497259373, 32.157708819957087 ], [ -110.886766544986813, 32.157705236494671 ], [ -110.886757124373744, 32.157705170636639 ], [ -110.884637516817378, 32.157690348518599 ], [ -110.884637165947566, 32.157690345656761 ], [ -110.884636640162697, 32.157690342270094 ], [ -110.884633319049129, 32.157690318789044 ], [ -110.884632442404609, 32.157690311638774 ], [ -110.88463292131118, 32.157634184195068 ], [ -110.884646936321474, 32.155992738126429 ], [ -110.884646967077416, 32.155989162642918 ], [ -110.88463781505304, 32.155989078979751 ], [ -110.883487488484292, 32.155978545298922 ], [ -110.883487137621174, 32.155978542434035 ], [ -110.883486611866658, 32.155978537239285 ], [ -110.883483291957745, 32.155978506524065 ], [ -110.883482415329937, 32.155978499366171 ], [ -110.883482874538345, 32.155922391600157 ], [ -110.883497688501109, 32.154113477756766 ], [ -110.883497718025538, 32.154109921201297 ], [ -110.883488586932401, 32.154109784420548 ], [ -110.881444104427686, 32.154079199282748 ], [ -110.881443753602639, 32.154079193707133 ], [ -110.881443227889974, 32.154079185798913 ], [ -110.881439871166677, 32.154079135791442 ], [ -110.881438994557612, 32.154079128619749 ], [ -110.88144004686508, 32.154023082527672 ], [ -110.881470860779515, 32.152382355723958 ], [ -110.881470927529989, 32.152378794964434 ], [ -110.881461203972691, 32.152378664014662 ], [ -110.879325293519912, 32.152349872746775 ], [ -110.879324416979046, 32.152349861052073 ], [ -110.879241414953, 32.152348741414777 ], [ -110.879241064073597, 32.152348741243614 ], [ -110.879240538361103, 32.152348734228205 ], [ -110.879240920149556, 32.152292664622728 ], [ -110.879241020514826, 32.152277908892849 ], [ -110.879253286812471, 32.150474507395622 ], [ -110.879249972642327, 32.150474455876896 ], [ -110.879249621759882, 32.150474456607661 ], [ -110.879249096068349, 32.150474448690751 ], [ -110.879249120432391, 32.150470893897705 ], [ -110.879240070334163, 32.150470752067925 ], [ -110.879230838995738, 32.150470607849876 ], [ -110.879230488184803, 32.150470602268385 ], [ -110.879229962493312, 32.150470594351404 ], [ -110.879226647263394, 32.150470542823371 ], [ -110.879225770689473, 32.150470535637083 ], [ -110.879225779515892, 32.150469288485944 ], [ -110.879225805216549, 32.150465709354606 ], [ -110.879212308946819, 32.150465598709147 ], [ -110.879211783214473, 32.15046559439903 ], [ -110.879162067591466, 32.150465186806521 ], [ -110.879161716770369, 32.150465182126631 ], [ -110.87916119101763, 32.150465179619793 ], [ -110.878731107797023, 32.150454102697545 ], [ -110.878730582167037, 32.15045408936804 ], [ -110.878281322158969, 32.150442424358367 ], [ -110.878280796529154, 32.150442411027015 ], [ -110.877211981030669, 32.150414707807201 ], [ -110.877211455524119, 32.150414683650489 ], [ -110.877207267468748, 32.150414575299784 ], [ -110.877207630448126, 32.150355131819865 ], [ -110.877217615268279, 32.148721714718562 ], [ -110.877216694297204, 32.148721698135645 ], [ -110.877215817740591, 32.148721690935773 ], [ -110.877216299833293, 32.148701814171361 ], [ -110.877216385810712, 32.148698254473857 ], [ -110.877208748485856, 32.148698149356321 ], [ -110.876669903469775, 32.148690762416486 ], [ -110.876669552655812, 32.148690757729781 ], [ -110.876669026964805, 32.148690750704112 ], [ -110.87651201546052, 32.148688606236711 ], [ -110.876511664708005, 32.148688596139145 ], [ -110.876511138904405, 32.148688599031978 ], [ -110.876119440260354, 32.148676886422329 ], [ -110.876118914784669, 32.14867686045784 ], [ -110.87508282581156, 32.148656882920164 ], [ -110.875082475018445, 32.148656876425591 ], [ -110.875081949358702, 32.148656866688107 ], [ -110.875078644942647, 32.148656802515674 ], [ -110.875077768387243, 32.148656795301008 ], [ -110.875077997468892, 32.148601134781742 ], [ -110.875077950634406, 32.148597236711232 ], [ -110.875074794779309, 32.14833233047829 ], [ -110.875072401524932, 32.148134314322427 ], [ -110.875066510942531, 32.147640176042302 ], [ -110.875006481898296, 32.142654974008593 ], [ -110.874998320203503, 32.141973686078309 ], [ -110.874998305229752, 32.141972392737607 ], [ -110.874990259468163, 32.141967894046033 ], [ -110.874856047354442, 32.141892850493186 ], [ -110.874721829144903, 32.141817803142416 ], [ -110.874658153183304, 32.141782197905542 ], [ -110.87465902545398, 32.141782203283341 ], [ -110.87465911237129, 32.141782203097144 ], [ -110.874768647202615, 32.141782347324785 ], [ -110.874854826586898, 32.141782459733705 ], [ -110.874855743422245, 32.14178246096786 ], [ -110.874986776597041, 32.141782085759758 ], [ -110.874996147602488, 32.141781987031386 ], [ -110.874994018053997, 32.141611672415863 ], [ -110.874997195560098, 32.141609265443201 ], [ -110.874995701879854, 32.141609378503361 ], [ -110.874995418635919, 32.141609399619611 ], [ -110.874993990737522, 32.141609506908395 ], [ -110.874993833727373, 32.141609519143508 ], [ -110.874993642771557, 32.141609533804719 ], [ -110.87482824636308, 32.141622047901471 ], [ -110.874400020016367, 32.141629701165847 ], [ -110.873394948298909, 32.141647658009227 ], [ -110.873344247425607, 32.141648563948742 ], [ -110.873340882371252, 32.141648541620015 ], [ -110.871597555738745, 32.141639388229251 ], [ -110.871594190635065, 32.141639370362789 ], [ -110.858214134696937, 32.141568472800472 ], [ -110.858213652451553, 32.14156847057108 ], [ -110.858210769608888, 32.14156845457822 ], [ -110.858210287363534, 32.141568452348835 ], [ -110.858115841202306, 32.141567946531033 ], [ -110.858115465624039, 32.141730174170625 ], [ -110.858099646931464, 32.148557082492118 ], [ -110.858099647168089, 32.148557153738047 ], [ -110.858068216138435, 32.148557192927512 ], [ -110.858068174812175, 32.148557191680013 ], [ -110.858067865358706, 32.148557185484101 ], [ -110.858067339588771, 32.14855718559506 ], [ -110.858062798257095, 32.149923773411651 ], [ -110.858062637384208, 32.149923843309807 ], [ -110.855976961826855, 32.149909017399018 ], [ -110.855976920489582, 32.149909017052536 ], [ -110.855976610990069, 32.149909014458359 ], [ -110.855976085264842, 32.149909010051807 ], [ -110.85597568471583, 32.150065611655322 ], [ -110.855975684950778, 32.150065682901172 ], [ -110.855964699046055, 32.150065474483078 ], [ -110.855964348250438, 32.150065467935441 ], [ -110.855963822586986, 32.150065458118419 ], [ -110.85596218943067, 32.150065427294685 ], [ -110.854816690466961, 32.150043688337654 ], [ -110.854816339671615, 32.15004368178684 ], [ -110.854815814008546, 32.15004367196503 ], [ -110.853724455058838, 32.150022922104284 ], [ -110.853724104263719, 32.150022915550423 ], [ -110.85372357860102, 32.150022905724107 ], [ -110.853491875890427, 32.15001847747007 ], [ -110.853491524990702, 32.150018479932918 ], [ -110.853490999328073, 32.150018470105628 ], [ -110.852573725030965, 32.14992099659176 ], [ -110.851912644866019, 32.149850648259701 ], [ -110.8519085592485, 32.149850214376528 ], [ -110.851908560024228, 32.14985014764828 ], [ -110.851930866040348, 32.148555757210431 ], [ -110.851930925233603, 32.148552306437693 ], [ -110.851930882837109, 32.148552306080965 ], [ -110.851267275145318, 32.148543585348023 ], [ -110.849314858286519, 32.148517907473675 ], [ -110.849314300815109, 32.148517899164517 ], [ -110.849313963784269, 32.148517894518221 ], [ -110.849218647519592, 32.148516500763002 ], [ -110.849217950150418, 32.148516490371499 ], [ -110.849216954476177, 32.1485163358779 ], [ -110.848248213862661, 32.148366376454369 ], [ -110.847569569802133, 32.148357474225598 ], [ -110.84756949454858, 32.148357473589861 ], [ -110.847569140538965, 32.148357470599144 ], [ -110.847568612735841, 32.148357463434742 ], [ -110.847396717233465, 32.148240735868463 ], [ -110.845283415767497, 32.146952767424111 ], [ -110.84419586332389, 32.146283696942923 ], [ -110.844193229131562, 32.146282077494902 ], [ -110.844189549885925, 32.146279816112362 ], [ -110.844189550318774, 32.146279779141395 ], [ -110.844189550624947, 32.14627975299117 ], [ -110.844194822194737, 32.145711154541019 ], [ -110.844204397693147, 32.144678208817524 ], [ -110.844204436076794, 32.144674024693295 ], [ -110.844204393692735, 32.144674023432295 ], [ -110.84420435553757, 32.144674023108976 ], [ -110.843136690332884, 32.144655077155107 ], [ -110.843135792722634, 32.144655061424643 ], [ -110.84313573656037, 32.144655060046432 ], [ -110.843134612444885, 32.145020710910096 ], [ -110.843132760749995, 32.14562282921748 ], [ -110.843132734231844, 32.145630157187902 ], [ -110.843132644776432, 32.145630102319821 ], [ -110.843132294321109, 32.145629887419112 ], [ -110.843131770233214, 32.145629564630667 ], [ -110.843115520140515, 32.145619574392072 ], [ -110.842045606357118, 32.144962364407661 ], [ -110.841498501786972, 32.14462597837845 ], [ -110.841124437928514, 32.144395542050027 ], [ -110.841108084325143, 32.144385467710251 ], [ -110.841019733651208, 32.144331151381763 ], [ -110.841018300317657, 32.144330270746146 ], [ -110.841015082177236, 32.144328291854293 ], [ -110.84101508165736, 32.14432824585699 ], [ -110.841015070939648, 32.144326269876878 ], [ -110.841015009872621, 32.144315853329331 ], [ -110.841015125136479, 32.144246545784377 ], [ -110.841015221093784, 32.144188270948625 ], [ -110.841017641205411, 32.142775333171372 ], [ -110.841017670157484, 32.142759054649019 ], [ -110.841018300839849, 32.142409583672752 ], [ -110.841020654888155, 32.141570251847135 ], [ -110.841022085483857, 32.141055758855394 ], [ -110.841022281327454, 32.140986442040564 ], [ -110.841022354041669, 32.140964719591629 ], [ -110.8410223810899, 32.140955192983249 ], [ -110.841022430985959, 32.140937490658843 ], [ -110.841022431628161, 32.140937165106862 ], [ -110.841022512153373, 32.140937167594878 ], [ -110.841022554535627, 32.140937168856887 ], [ -110.841022622395926, 32.140937166728158 ], [ -110.843132725629204, 32.141004752062642 ], [ -110.843146742153166, 32.141005201018281 ], [ -110.84314740697782, 32.140944841439214 ], [ -110.843155185210719, 32.140238639640856 ], [ -110.84316047680457, 32.139758135397962 ], [ -110.843160478241401, 32.139758012762414 ], [ -110.843161312257479, 32.139758024345426 ], [ -110.843161354649794, 32.139758024704967 ], [ -110.843202221857197, 32.139758737461875 ], [ -110.845155922156408, 32.139793005159632 ], [ -110.845174851523169, 32.139793336759531 ], [ -110.845188873430743, 32.139793582622396 ], [ -110.845188951272661, 32.139786744766582 ], [ -110.845189738601093, 32.139717966776388 ], [ -110.845192736403177, 32.139456171630812 ], [ -110.845195592262982, 32.139206783440329 ], [ -110.845204847089832, 32.137706405838792 ], [ -110.845204874922445, 32.137701850069128 ], [ -110.845206114980215, 32.137500892213616 ], [ -110.845203879933209, 32.137359373792556 ], [ -110.845203838601762, 32.137359373442685 ], [ -110.845189860143293, 32.137359250601897 ], [ -110.844168940211731, 32.137349903330772 ], [ -110.842396551696027, 32.137328864809298 ], [ -110.841738471713086, 32.137321049300219 ], [ -110.841531506339038, 32.137267982309588 ], [ -110.84112755835379, 32.137259731098773 ], [ -110.841127515941494, 32.137259732542006 ], [ -110.841127485197333, 32.137259733182582 ], [ -110.841127485641849, 32.137259695309844 ], [ -110.841127486086378, 32.137259657437113 ], [ -110.841127485406204, 32.137259534783603 ], [ -110.841127449409527, 32.137255016351332 ], [ -110.841126717220675, 32.137164427556485 ], [ -110.8411280203633, 32.136611548887842 ], [ -110.841128087541307, 32.136583249391023 ], [ -110.841128160827992, 32.136550546350506 ], [ -110.841129522907224, 32.135944863757942 ], [ -110.841129560869476, 32.135889974695381 ], [ -110.841131006144892, 32.135250730544172 ], [ -110.84113235494975, 32.134585285777774 ], [ -110.841133219574544, 32.134217835818205 ], [ -110.841133259687439, 32.134200690718075 ], [ -110.841133267748717, 32.134197294524697 ], [ -110.840826962883142, 32.13418123450829 ], [ -110.840575060569378, 32.134168026989109 ], [ -110.840574537300142, 32.134168001798706 ], [ -110.840569912804426, 32.134167763181438 ], [ -110.840569922097643, 32.134167693820132 ], [ -110.840650788678161, 32.133574967039458 ], [ -110.840651208478064, 32.133571889081999 ], [ -110.84055857740357, 32.133561047207465 ], [ -110.838643268874961, 32.13333684931127 ], [ -110.837668317131957, 32.133222714495744 ], [ -110.837084527976373, 32.133154269314083 ], [ -110.836590918421351, 32.133096394659006 ], [ -110.835928567082902, 32.13301873264183 ], [ -110.83518496553603, 32.132931398988433 ], [ -110.835181838066944, 32.132931031379499 ], [ -110.835141516104898, 32.132804716840852 ], [ -110.835133941712357, 32.132780987426969 ], [ -110.83511022102762, 32.132715476643767 ], [ -110.835080714994675, 32.13263396049522 ], [ -110.835080172300096, 32.132632438994399 ], [ -110.835057871736367, 32.132577535835956 ], [ -110.835022515364059, 32.132490466768893 ], [ -110.835020528883632, 32.132485558314606 ], [ -110.834997626071456, 32.132434994073208 ], [ -110.834957061738763, 32.132345417609876 ], [ -110.834954808071032, 32.132340429314638 ], [ -110.834933540192239, 32.132297805142109 ], [ -110.834883410596404, 32.132197313331147 ], [ -110.83487707593747, 32.132185737522889 ], [ -110.83482018851862, 32.132081787164672 ], [ -110.83480633343811, 32.132056468250106 ], [ -110.834787849885657, 32.132025422888987 ], [ -110.83472567661839, 32.131920994436989 ], [ -110.834723780033926, 32.131917810127312 ], [ -110.834635542893281, 32.131781679871018 ], [ -110.83463074934906, 32.131774855394248 ], [ -110.834541823466026, 32.131648251439771 ], [ -110.834469279419864, 32.131552524260961 ], [ -110.83444282210192, 32.131517612207681 ], [ -110.834418445764271, 32.131487680664613 ], [ -110.834416473312615, 32.131485268562834 ], [ -110.834338740197268, 32.13138985045957 ], [ -110.834327923296328, 32.131377501315136 ], [ -110.834325832902337, 32.131375115258137 ], [ -110.834229573669504, 32.131265223167439 ], [ -110.834210291587013, 32.131244748359762 ], [ -110.834115320505418, 32.131143901647334 ], [ -110.834023375211146, 32.131052670714055 ], [ -110.833996385499262, 32.131025891151552 ], [ -110.833982614425125, 32.131013141553574 ], [ -110.833872765631639, 32.130911447758663 ], [ -110.833765668187368, 32.130818827186438 ], [ -110.833748832399408, 32.130804267542686 ], [ -110.833744660167255, 32.130800659734696 ], [ -110.83371485040513, 32.13077657588191 ], [ -110.833685371342654, 32.130752759085112 ], [ -110.8336122705458, 32.130693700135815 ], [ -110.833585694043578, 32.13067367596063 ], [ -110.833581345160951, 32.130670399408068 ], [ -110.833475394364015, 32.130590567216778 ], [ -110.833440155282972, 32.130565772199333 ], [ -110.833430747195237, 32.130559152583743 ], [ -110.833334634719591, 32.130491524045496 ], [ -110.833323079159697, 32.130483945443963 ], [ -110.833228478882035, 32.130421901221531 ], [ -110.833189989524115, 32.130396657166116 ], [ -110.833158423345282, 32.130377375681647 ], [ -110.833145971546273, 32.1303697695528 ], [ -110.833041660170338, 32.1303060530606 ], [ -110.833029951582901, 32.130299410115349 ], [ -110.832900135126991, 32.130225749025932 ], [ -110.832889645636371, 32.130219797380356 ], [ -110.832885559068046, 32.130217644014223 ], [ -110.832738939692945, 32.130140399354232 ], [ -110.832735057432657, 32.130138355951352 ], [ -110.832734997392706, 32.130138324775302 ], [ -110.832734348620519, 32.130137981036945 ], [ -110.8327343639574, 32.130137938782674 ], [ -110.83274048234405, 32.130120807865268 ], [ -110.832814112268835, 32.129914640711661 ], [ -110.832842092248598, 32.129836282917623 ], [ -110.832842952371308, 32.129836229859812 ], [ -110.832914450556132, 32.129957503017891 ], [ -110.832998143586337, 32.130072988030058 ], [ -110.833093388066573, 32.130181799187561 ], [ -110.833199455185451, 32.130283103256566 ], [ -110.833315531742613, 32.130376122193418 ], [ -110.83344072638927, 32.130460143118931 ], [ -110.833574080182558, 32.130534522017207 ], [ -110.833714569722559, 32.130598687370536 ], [ -110.833861117654251, 32.130652148366664 ], [ -110.834012600097253, 32.130694494061494 ], [ -110.834167855050524, 32.130725399764223 ], [ -110.834325692959212, 32.130744629834034 ], [ -110.834484903106855, 32.13075203502963 ], [ -110.834490027830839, 32.130752077938951 ], [ -110.834494152303662, 32.13075210327878 ], [ -110.834498275812649, 32.130752120493845 ], [ -110.834502400487793, 32.1307521287005 ], [ -110.834950182998242, 32.130752584927428 ], [ -110.835106838705286, 32.130746999316031 ], [ -110.835262349212087, 32.130729965921574 ], [ -110.835415560959902, 32.130701611069327 ], [ -110.835565337419183, 32.130662145104772 ], [ -110.835710568660787, 32.130611859769736 ], [ -110.835850176645678, 32.130551129148891 ], [ -110.835983126968259, 32.13048040255476 ], [ -110.836108433085926, 32.130400205464944 ], [ -110.836225167012671, 32.130311131496306 ], [ -110.836332461439227, 32.130213842422101 ], [ -110.8364295214962, 32.130109059253357 ], [ -110.836518519079689, 32.129993424124045 ], [ -110.836595049964615, 32.129871498765489 ], [ -110.836658507120646, 32.129744255596641 ], [ -110.836708382703648, 32.129612704854715 ], [ -110.836744282878854, 32.129477895622855 ], [ -110.836765919522037, 32.1293409004276 ], [ -110.836773120888338, 32.129202809016689 ], [ -110.836772299321495, 32.126648844702011 ], [ -110.836771894886624, 32.12626412374857 ], [ -110.836762210009041, 32.120841381498316 ], [ -110.83676137599717, 32.120841384304583 ], [ -110.836761375415477, 32.120841343717579 ], [ -110.836761102853814, 32.120685610931034 ], [ -110.836761944856377, 32.120518919671682 ], [ -110.836774560703049, 32.118022151128308 ], [ -110.836774562003157, 32.118021860752151 ], [ -110.836774567156496, 32.118020883219195 ], [ -110.836774525050416, 32.118020859412674 ], [ -110.836761447579832, 32.118013497210413 ], [ -110.836760921232511, 32.118013201432042 ], [ -110.836756759976865, 32.118010859074737 ], [ -110.83675675949074, 32.118010810372134 ], [ -110.836756715604537, 32.117981692815334 ], [ -110.836756713592393, 32.117980423932217 ], [ -110.83675667254586, 32.117980400134684 ], [ -110.833659369231384, 32.116234014048608 ], [ -110.833657057650328, 32.116232710981684 ], [ -110.83365673660127, 32.116232529674534 ], [ -110.833655717660861, 32.116231954613866 ], [ -110.833655387129241, 32.116231768716489 ], [ -110.833655258707481, 32.11623169637398 ], [ -110.833654889793095, 32.116231440707885 ], [ -110.832516653755263, 32.115559042546401 ], [ -110.832491088380436, 32.115544759706125 ], [ -110.832491270718364, 32.115730568470006 ], [ -110.832494659001796, 32.119174618050891 ], [ -110.832488398635974, 32.119174602319404 ], [ -110.832483496886667, 32.119664830990814 ], [ -110.832472170334484, 32.12079763543295 ], [ -110.832451975118289, 32.12281712945402 ], [ -110.8324507561058, 32.12293894441077 ], [ -110.832449012898493, 32.123113331125424 ], [ -110.83244656087254, 32.123358499414515 ], [ -110.832442437813043, 32.123770778204246 ], [ -110.832438314649949, 32.12418305786835 ], [ -110.832433394897777, 32.124674874111065 ], [ -110.83242734693917, 32.125279548206343 ], [ -110.832422674005798, 32.125746796335939 ], [ -110.832415251695011, 32.126488878194898 ], [ -110.832467588581551, 32.128051348678028 ], [ -110.832496184142173, 32.128905041589668 ], [ -110.832495328351584, 32.128907327592813 ], [ -110.832430693792077, 32.129080546931235 ], [ -110.832121300046722, 32.129907934042841 ], [ -110.832062888514756, 32.130065813274094 ], [ -110.832057962947474, 32.130079126145368 ], [ -110.832057613270379, 32.130079121345666 ], [ -110.832057087695048, 32.130079114137018 ], [ -110.832043972748735, 32.130078928718873 ], [ -110.832018393464679, 32.13007856706043 ], [ -110.83201832564437, 32.130078566479305 ], [ -110.832018043787585, 32.130078562260593 ], [ -110.832017519282644, 32.130078554159176 ], [ -110.831955379957989, 32.13007766639199 ], [ -110.831949331725966, 32.130077573081451 ], [ -110.83194923426629, 32.130077569540852 ], [ -110.831948981021213, 32.130077565567156 ], [ -110.831948455275167, 32.130077572785765 ], [ -110.831947183911339, 32.130077539345969 ], [ -110.831934354777417, 32.13007720305594 ], [ -110.83193428696778, 32.130077201573037 ], [ -110.831934007230402, 32.130077197372323 ], [ -110.831933942681033, 32.130077368165232 ], [ -110.83193391640539, 32.130077439183999 ], [ -110.830911228863172, 32.132786656707438 ], [ -110.830911201515491, 32.132786728618527 ], [ -110.830910675839405, 32.132786728618626 ], [ -110.830119804644667, 32.132787180440786 ], [ -110.830119453844333, 32.13278718013504 ], [ -110.830118928179047, 32.1327871792301 ], [ -110.828186474299869, 32.132783626953263 ], [ -110.828186123499734, 32.132783626642166 ], [ -110.828185597834718, 32.132783625729196 ], [ -110.826902232026299, 32.132781252679678 ], [ -110.826901881226277, 32.132781252365021 ], [ -110.826901355561461, 32.132781251446758 ], [ -110.823830996966862, 32.132775619198604 ], [ -110.823830646167124, 32.132775618875435 ], [ -110.823830120502748, 32.132775617944397 ], [ -110.823826792743859, 32.132775609054271 ], [ -110.823825916247486, 32.132775610505206 ], [ -110.823825917096897, 32.132775539268756 ], [ -110.823825917408712, 32.132775513118673 ], [ -110.823856817350929, 32.130065433261429 ], [ -110.823903941859271, 32.125943059587527 ], [ -110.823909275081505, 32.125478652487324 ], [ -110.823910411462847, 32.125383315465442 ], [ -110.823916225726975, 32.124878626324808 ], [ -110.823923210935249, 32.124275593732314 ], [ -110.823931874804174, 32.123531787743843 ], [ -110.823939838481195, 32.122829721838734 ], [ -110.823947395493249, 32.122161754725582 ], [ -110.82394949183147, 32.121985852698238 ], [ -110.823951982523596, 32.121759875018512 ], [ -110.823979384110601, 32.119358818256252 ], [ -110.823981639099728, 32.119152681236436 ], [ -110.823972764808047, 32.113950759551606 ], [ -110.82396738601399, 32.110777762261385 ], [ -110.823967385138246, 32.110777479983227 ], [ -110.823967384051016, 32.110776414920828 ], [ -110.823958840032887, 32.110771756324034 ], [ -110.821499493835816, 32.109430881746583 ], [ -110.819866706984911, 32.108540670722498 ], [ -110.819812362602349, 32.108510994487318 ], [ -110.818767070236092, 32.10794103579989 ], [ -110.817227886911752, 32.107101748581854 ], [ -110.814933321150477, 32.105827687184579 ], [ -110.81426164568245, 32.105454711802366 ], [ -110.813245120064224, 32.104890266724126 ], [ -110.812890144320136, 32.104693170564474 ], [ -110.812889981188306, 32.104693079862209 ], [ -110.812883624256941, 32.104689549734381 ], [ -110.812883713245881, 32.104689550510003 ], [ -110.812884500374224, 32.104689557370506 ], [ -110.812884588314617, 32.104689557235154 ], [ -110.814007821481823, 32.104691698360959 ], [ -110.814076210118046, 32.104691802309027 ], [ -110.814089528890733, 32.104691822674475 ], [ -110.81409005015523, 32.104691823605506 ], [ -110.814091582166924, 32.104691826121851 ], [ -110.814091649968049, 32.10469182671217 ], [ -110.814091538452629, 32.104691760810034 ], [ -110.809974180736461, 32.102319644818849 ], [ -110.809973658859249, 32.102319344460682 ], [ -110.809969482814921, 32.102316938880875 ], [ -110.809969483391342, 32.102316891089338 ], [ -110.80997009040189, 32.102265683705994 ], [ -110.809980890631337, 32.101354372898996 ], [ -110.809984242287399, 32.101059683887364 ], [ -110.809984332408092, 32.101052211271607 ], [ -110.80998971828609, 32.100865215831185 ], [ -110.810070095556895, 32.098074168908028 ], [ -110.810097133517885, 32.096933728873744 ], [ -110.810111079279451, 32.096345474238021 ], [ -110.810111163067759, 32.096341951546847 ], [ -110.80949490377553, 32.096328382922309 ], [ -110.809494378452527, 32.096328371115661 ], [ -110.80949013559362, 32.096328278113923 ], [ -110.809490137501385, 32.096328207788403 ], [ -110.809490353012293, 32.096318861373938 ], [ -110.809507776250726, 32.095565232001832 ], [ -110.809507860121627, 32.095561616423879 ], [ -110.808985968304867, 32.095561433540965 ], [ -110.808975416734413, 32.095561431445901 ], [ -110.80729135750326, 32.09556102603716 ], [ -110.807290523758979, 32.09556102594923 ], [ -110.807290487617038, 32.095564454363391 ], [ -110.807290486756003, 32.095564525599862 ], [ -110.807289218525838, 32.095685753760058 ], [ -110.807289217653917, 32.095685825898236 ], [ -110.807279928904123, 32.095685733718256 ], [ -110.807253749027666, 32.095685472847009 ], [ -110.806928818764447, 32.095682238574788 ], [ -110.806892476967946, 32.09568260554304 ], [ -110.806355189404073, 32.095688035048283 ], [ -110.805132763321481, 32.095700487351522 ], [ -110.8051322452107, 32.095700492724717 ], [ -110.805131835168893, 32.09570049724271 ], [ -110.804810778709907, 32.095390610526444 ], [ -110.804810727394951, 32.095390561377563 ], [ -110.804807077033772, 32.095387037476527 ], [ -110.80444614699978, 32.095353261653841 ], [ -110.804445622131652, 32.095353212855599 ], [ -110.804442232029658, 32.095352866546847 ], [ -110.804442196057792, 32.09535286262367 ], [ -110.804442195818041, 32.095352794984876 ], [ -110.804442292768243, 32.095300382810322 ], [ -110.80444232715783, 32.095282158179906 ], [ -110.80444275545166, 32.095020558537591 ], [ -110.80444883440839, 32.09130826079339 ], [ -110.804463387579972, 32.090123759928773 ], [ -110.804488919422667, 32.084567712295858 ], [ -110.804490920215983, 32.084485868586128 ], [ -110.804496148259801, 32.084404052305985 ], [ -110.804504803757609, 32.084322524937846 ], [ -110.804509741761876, 32.084288179030764 ], [ -110.804510386089305, 32.084283694505167 ], [ -110.804516483184926, 32.084241281134766 ], [ -110.804524533071316, 32.084197596200404 ], [ -110.804525452581728, 32.084192605461652 ], [ -110.804531385665172, 32.084160409218946 ], [ -110.804540266008956, 32.084121446309759 ], [ -110.804541518966033, 32.084115948967437 ], [ -110.804549713498716, 32.084079997540208 ], [ -110.804562707326653, 32.084031382442937 ], [ -110.804564298402184, 32.084025429941789 ], [ -110.804571062114036, 32.084000127316891 ], [ -110.804583915649701, 32.08395837116128 ], [ -110.80458577137901, 32.08395234432794 ], [ -110.804595428358724, 32.083920970768183 ], [ -110.804607975228691, 32.08388756641633 ], [ -110.804652468794771, 32.083769105573062 ], [ -110.80465401867086, 32.083764979804563 ], [ -110.804844130101685, 32.083031797825839 ], [ -110.804914078902428, 32.082949464594471 ], [ -110.805689530140398, 32.082036709316043 ], [ -110.805833001986628, 32.081869996249381 ], [ -110.805874410028025, 32.081822246974028 ], [ -110.805944000191104, 32.081741999516602 ], [ -110.805980571434915, 32.081700485399622 ], [ -110.805980999947565, 32.081699999465592 ], [ -110.806161999433087, 32.081487998905494 ], [ -110.806206000426116, 32.081438998866375 ], [ -110.806526999586339, 32.081049998975082 ], [ -110.806658999578232, 32.080840999721183 ], [ -110.806665999757413, 32.08082699889836 ], [ -110.806687787424636, 32.080790067971883 ], [ -110.806715667924919, 32.080739011930511 ], [ -110.806782018181806, 32.080617506864208 ], [ -110.806835084595775, 32.080481623030316 ], [ -110.806866622211118, 32.080400869426526 ], [ -110.806873999609721, 32.080377998839104 ], [ -110.806924913535937, 32.080203534969584 ], [ -110.806939376858139, 32.080152544414354 ], [ -110.806983815709728, 32.079814662700748 ], [ -110.806984147025702, 32.079747092754126 ], [ -110.806984962350114, 32.079580642829775 ], [ -110.806986000400286, 32.079123999254492 ], [ -110.806995000477443, 32.076489999650413 ], [ -110.806997999085411, 32.075612999658347 ], [ -110.807004396953872, 32.075613045771206 ], [ -110.811587999985335, 32.075645998940587 ], [ -110.825357999557454, 32.075745999186736 ], [ -110.829948000484393, 32.075779998930159 ], [ -110.832544000351547, 32.075777999601961 ], [ -110.83888799969553, 32.075775999257004 ], [ -110.83961299971611, 32.075775999384618 ], [ -110.839902999320756, 32.075775999532794 ], [ -110.840193000074308, 32.075774998897224 ], [ -110.840298000192121, 32.075774999030926 ], [ -110.840333999384953, 32.075774999126807 ], [ -110.840403000312534, 32.075774999077588 ], [ -110.842931000491419, 32.075773999339894 ], [ -110.845939000442755, 32.07575299965076 ], [ -110.854965999496301, 32.075690999318937 ], [ -110.85797600005219, 32.075670999324501 ], [ -110.857984741732594, 32.075673178145074 ], [ -110.858007787382832, 32.075673351764493 ], [ -110.858013642874567, 32.075675249445545 ], [ -110.858013525004282, 32.07553485120939 ], [ -110.858013355962541, 32.075326382238657 ], [ -110.858021614745681, 32.075256315742287 ], [ -110.858086987612381, 32.074701662349106 ], [ -110.858560013605853, 32.070688053085071 ], [ -110.858593529923141, 32.070403653114198 ], [ -110.858639955623076, 32.070009707919638 ], [ -110.858645111200232, 32.069307432135481 ], [ -110.858653042316263, 32.06822705695221 ], [ -110.858677577907002, 32.064884466677526 ], [ -110.858714454676488, 32.059859050026596 ], [ -110.858719275249399, 32.059348888172188 ], [ -110.858697535660014, 32.059348857305515 ], [ -110.858493470109948, 32.059348565040345 ], [ -110.858446621301653, 32.059348497636428 ], [ -110.858446096053058, 32.059348496858142 ], [ -110.858441907829899, 32.059348490746544 ], [ -110.858441908650093, 32.05934841950846 ], [ -110.858466986366423, 32.055943462036275 ], [ -110.858493162025383, 32.05239009144622 ], [ -110.858517524041744, 32.049177174811831 ], [ -110.858520896395589, 32.04873239398767 ], [ -110.858520933227751, 32.04872735303158 ], [ -110.858520890877244, 32.048727352678078 ], [ -110.858520817822594, 32.048727352068227 ], [ -110.846534202774052, 32.048691000803068 ], [ -110.842413702210379, 32.048678242875617 ], [ -110.842110606701112, 32.048677298986 ], [ -110.842101697764065, 32.048677271261354 ], [ -110.842095896499117, 32.048677250941878 ], [ -110.842091340277875, 32.045083776424086 ], [ -110.842091330366941, 32.045078462731574 ], [ -110.84210673708094, 32.04507847789381 ], [ -110.84211858726492, 32.045078489060558 ], [ -110.842119198721107, 32.044903007178803 ], [ -110.842156607470017, 32.034155824896757 ], [ -110.825143962316147, 32.034193560213886 ], [ -110.825098182822757, 32.034193341955238 ], [ -110.822515317834188, 32.034181208654552 ], [ -110.808097281350499, 32.034112492386711 ], [ -110.808096442083624, 32.034112469717641 ], [ -110.808025076831413, 32.048601717914799 ], [ -110.808025076102979, 32.048601778331005 ], [ -110.808015771432181, 32.04860182050259 ], [ -110.799553553554929, 32.048639576249606 ], [ -110.7995527201942, 32.048639579727244 ], [ -110.799552704682483, 32.048643035396637 ], [ -110.79952070215235, 32.055839806463695 ], [ -110.79952070236736, 32.055839875906301 ], [ -110.799511395052093, 32.055839814611538 ], [ -110.791142228913301, 32.05578473204816 ], [ -110.791141821256431, 32.055784729329879 ], [ -110.790729134323669, 32.055849024587388 ], [ -110.790728702511018, 32.055849091995597 ], [ -110.776110332049115, 32.055720103466349 ], [ -110.775890614267865, 32.055732725682709 ], [ -110.775893860834401, 32.055739988435086 ], [ -110.775897615839085, 32.055753638874691 ], [ -110.775976859051184, 32.056041724649475 ], [ -110.77603504032335, 32.056392628562094 ], [ -110.776065270803983, 32.056655063571505 ], [ -110.77607958190768, 32.057062438938559 ], [ -110.776069672121579, 32.057405858098761 ], [ -110.775987204639236, 32.057874037260156 ], [ -110.775903621636033, 32.058171954580246 ], [ -110.775853809431609, 32.058349488348135 ], [ -110.775817797701137, 32.058455334995507 ], [ -110.775755756726213, 32.058642895131051 ], [ -110.775649268440091, 32.058900749030265 ], [ -110.775498997945917, 32.059207772826447 ], [ -110.775421787454917, 32.059349669410643 ], [ -110.775370457470885, 32.059454347177379 ], [ -110.775285034080895, 32.059607765353448 ], [ -110.775009824234047, 32.060001021960574 ], [ -110.774771345210851, 32.060327951501513 ], [ -110.773869993990871, 32.061365643280681 ], [ -110.773650694779221, 32.061609679279734 ], [ -110.769806190256716, 32.059067994976466 ], [ -110.756810879018133, 32.050643725776226 ], [ -110.75679389179092, 32.050632711493691 ], [ -110.75305601325087, 32.048313809734779 ], [ -110.752848691549858, 32.04818348786845 ], [ -110.751661563814665, 32.047408773168662 ], [ -110.750921347465919, 32.046927464521296 ], [ -110.750431947934885, 32.04661407178736 ], [ -110.749438664105512, 32.045985085809669 ], [ -110.748977315822671, 32.045687235331819 ], [ -110.748341658794629, 32.045265543900008 ], [ -110.74721214830852, 32.044502228601601 ], [ -110.74578678454661, 32.04356299976719 ], [ -110.745257155030899, 32.043212107661276 ], [ -110.744680352704393, 32.042827963601482 ], [ -110.744026390706765, 32.042389674841537 ], [ -110.743030860240381, 32.041722479809714 ], [ -110.733023596799526, 32.034981075589343 ], [ -110.730963839948018, 32.033826237996713 ], [ -110.725487219611594, 32.033859757615367 ], [ -110.725487130394271, 32.033859698158864 ], [ -110.723248178664278, 32.032397980968838 ], [ -110.72324747090498, 32.032352646135081 ], [ -110.721335549784882, 32.030955525443957 ], [ -110.721006196168915, 32.030714845612458 ], [ -110.71993696707554, 32.030408165294105 ], [ -110.719806671168485, 32.030324708451261 ], [ -110.719669069333804, 32.030285239101573 ], [ -110.719457536602306, 32.030937806973334 ], [ -110.718629963724084, 32.033490730279212 ], [ -110.718570325933982, 32.033674696954982 ], [ -110.718900090085498, 32.033674174704643 ], [ -110.718832923377036, 32.033880425571326 ], [ -110.71892398051267, 32.033880281173815 ], [ -110.718923972774192, 32.033880306351634 ], [ -110.718923156521626, 32.033880307658869 ], [ -110.71892218278613, 32.033883785794444 ], [ -110.718859389485402, 32.034108158550886 ], [ -110.718859373937931, 32.034108214316781 ], [ -110.718851005154292, 32.034108293072265 ], [ -110.718696307630395, 32.034109746169598 ], [ -110.715454940381207, 32.034104465420683 ], [ -110.715454099816199, 32.034104463769751 ], [ -110.7145395931243, 32.034102959408798 ], [ -110.706260385656208, 32.034089036653036 ], [ -110.706259552503326, 32.034089035011895 ], [ -110.706259522257071, 32.034092540988254 ], [ -110.706253560316327, 32.034789906139679 ], [ -110.706253804293979, 32.034802019872082 ], [ -110.706252588292628, 32.034925099978501 ], [ -110.706241882796249, 32.036167943233728 ], [ -110.706240310591511, 32.036348743406748 ], [ -110.706237239449834, 32.036735426667803 ], [ -110.706233766026301, 32.03712202129433 ], [ -110.706230703762785, 32.03750801740977 ], [ -110.706217369188394, 32.039073124445181 ], [ -110.706214959975043, 32.039378811810366 ], [ -110.706211702041458, 32.039718336226805 ], [ -110.706208963554332, 32.040061264530884 ], [ -110.706208571806727, 32.040110260079416 ], [ -110.706212728824369, 32.040113608535087 ], [ -110.707404482338703, 32.041073616115597 ], [ -110.707404660198605, 32.041073616910381 ], [ -110.707500022539364, 32.041073817690297 ], [ -110.708134124612059, 32.041075225264017 ], [ -110.709414431401811, 32.041077975702642 ], [ -110.710297012632921, 32.041079849159807 ], [ -110.710914172952684, 32.041081253850713 ], [ -110.711505115519202, 32.04108249197327 ], [ -110.71207306585984, 32.041083681117563 ], [ -110.712617216183219, 32.041084898691459 ], [ -110.713142812062074, 32.041086024357192 ], [ -110.713651870172953, 32.041087076581192 ], [ -110.714403757529453, 32.041088626250819 ], [ -110.714725248037311, 32.041089355252431 ], [ -110.716145528271554, 32.041092333925612 ], [ -110.716349349504981, 32.041083612548825 ], [ -110.716350295902132, 32.041083622411342 ], [ -110.716335574299791, 32.041110447371587 ], [ -110.71902124785521, 32.041492980385016 ], [ -110.719019439123059, 32.043314517296906 ], [ -110.715401222436569, 32.042813032901208 ], [ -110.71522970015522, 32.042744864146982 ], [ -110.715098402776988, 32.042692028566734 ], [ -110.714713385740936, 32.043386143459585 ], [ -110.71471246154303, 32.043554883618022 ], [ -110.714711784203061, 32.04367856772371 ], [ -110.714724947830831, 32.044047515875654 ], [ -110.71472097547182, 32.044312164213586 ], [ -110.714710210499362, 32.045238606905912 ], [ -110.714704799287787, 32.045704213235048 ], [ -110.714695261776342, 32.046524942885384 ], [ -110.714685940659862, 32.047327060988252 ], [ -110.715957767109529, 32.048343305459944 ], [ -110.715958364413979, 32.048343782768001 ], [ -110.715972010740828, 32.048343780366622 ], [ -110.716601038955531, 32.048343664361482 ], [ -110.716615216825971, 32.048343661512241 ], [ -110.716796084703176, 32.048343627795816 ], [ -110.716893658927987, 32.04834360988643 ], [ -110.716907826212463, 32.048343606904268 ], [ -110.723192174401163, 32.048342260796787 ], [ -110.723178349213768, 32.051730612303793 ], [ -110.723178120336172, 32.051786743761312 ], [ -110.723182290829669, 32.051786776718124 ], [ -110.723182815980792, 32.051786780761105 ], [ -110.727403368331181, 32.051819771507176 ], [ -110.727412122257917, 32.051819840115172 ], [ -110.727412110809055, 32.051823426537226 ], [ -110.727400347059813, 32.055370375706488 ], [ -110.727400160958254, 32.055426503972598 ], [ -110.727404328423276, 32.055426538568028 ], [ -110.727404853595957, 32.055426542594077 ], [ -110.735906918362232, 32.055496601556214 ], [ -110.735915667324463, 32.055496673142827 ], [ -110.735915656225345, 32.055500257768102 ], [ -110.73590463092691, 32.059014379517777 ], [ -110.73590445484308, 32.059070620661721 ], [ -110.735908623180762, 32.059070600878876 ], [ -110.735909148456869, 32.059070598558222 ], [ -110.735971839759955, 32.059070303347688 ], [ -110.73984847652126, 32.059037538304075 ], [ -110.739857229808962, 32.059037464470748 ], [ -110.739857217969629, 32.059041118529819 ], [ -110.739856705777498, 32.059204274402511 ], [ -110.739848730177172, 32.062661725918645 ], [ -110.739848725519764, 32.062663578209779 ], [ -110.739848836190887, 32.062717952557051 ], [ -110.739852985545213, 32.062717939685051 ], [ -110.739853510831054, 32.062717938250231 ], [ -110.739945675671876, 32.062717649667206 ], [ -110.740090923987822, 32.062717881826927 ], [ -110.741901598626896, 32.062919274725374 ], [ -110.744422866250062, 32.062926816588842 ], [ -110.748697847476862, 32.062939459476297 ], [ -110.748706885799535, 32.062939485962048 ], [ -110.748706856912833, 32.062943092071322 ], [ -110.748678724306913, 32.066404706165066 ], [ -110.748678268717939, 32.066460793294887 ], [ -110.748682455545648, 32.06646084541245 ], [ -110.7486829807508, 32.066460852056956 ], [ -110.752982629322076, 32.066514023049933 ], [ -110.752991802465672, 32.066514136145919 ], [ -110.752991764724953, 32.066517701593419 ], [ -110.752980153110244, 32.067625295187966 ], [ -110.752954005342659, 32.070063258341612 ], [ -110.752953403776971, 32.070119363090477 ], [ -110.752957599364365, 32.070119406131376 ], [ -110.752958124602728, 32.070119411856908 ], [ -110.756760036251649, 32.070158550207125 ], [ -110.756769354020577, 32.070158646322191 ], [ -110.756769353872315, 32.070158574175274 ], [ -110.756769354304907, 32.070158539910103 ], [ -110.756770197236236, 32.070158548527928 ], [ -110.756765773253377, 32.072209655540377 ], [ -110.759402960291638, 32.073733677190148 ], [ -110.764700524255687, 32.073787001279065 ], [ -110.764645553164613, 32.070116928706319 ], [ -110.763172128579754, 32.070090631014828 ], [ -110.763121322334328, 32.066491223339234 ], [ -110.763121045090443, 32.066471549396788 ], [ -110.765190133149218, 32.066503504414364 ], [ -110.765302634876747, 32.066505243588033 ], [ -110.76531156098136, 32.066505381503866 ], [ -110.765311539772156, 32.066508933584757 ], [ -110.765289966208755, 32.070128467288292 ], [ -110.765344560802518, 32.073693059629441 ], [ -110.765345043757719, 32.073718919202804 ], [ -110.765344886586689, 32.073731459388043 ], [ -110.765344927990924, 32.07373745145761 ], [ -110.765345318760154, 32.073793567162113 ], [ -110.76534945206356, 32.073793608327172 ], [ -110.765349977325357, 32.073793614001836 ], [ -110.771708630471906, 32.073857241857731 ], [ -110.772437721231299, 32.073864515317716 ], [ -110.772518417626884, 32.073865329707132 ], [ -110.772989830724939, 32.073870090723517 ], [ -110.772997666328195, 32.073870169566234 ], [ -110.772997675836351, 32.073873744471413 ], [ -110.77299768253063, 32.073876099187068 ], [ -110.773023954121683, 32.075643982353178 ], [ -110.773006982045089, 32.079222243949971 ], [ -110.772997761698321, 32.081388518071385 ], [ -110.772994257188913, 32.082026368181374 ], [ -110.77299046089361, 32.082700643712755 ], [ -110.772990460006397, 32.082700714948515 ], [ -110.772981153533252, 32.082700712096489 ], [ -110.77234909410879, 32.082700513685126 ], [ -110.772348218101172, 32.082700514790609 ], [ -110.771856728066169, 32.082701219231232 ], [ -110.77185585205865, 32.08270122033332 ], [ -110.769848518456342, 32.082704272146913 ], [ -110.769847642426697, 32.08270427503853 ], [ -110.769806141809127, 32.082704404368151 ], [ -110.769805265802006, 32.082704405456035 ], [ -110.769526058471257, 32.082704788616091 ], [ -110.769525182464179, 32.082704789702049 ], [ -110.768479307439208, 32.082705914968194 ], [ -110.768478956824623, 32.082705915397767 ], [ -110.768478431432328, 32.082705916046905 ], [ -110.768475144558778, 32.082705919624395 ], [ -110.768474268551913, 32.082705920703077 ], [ -110.7684742683835, 32.082705849457795 ], [ -110.768474276586801, 32.082699009232016 ], [ -110.768474336973298, 32.082649704607263 ], [ -110.76847558242531, 32.081632538380028 ], [ -110.76847561024249, 32.081372094946602 ], [ -110.768475737206771, 32.081329662780497 ], [ -110.768477629262591, 32.079468762326954 ], [ -110.768477629726618, 32.079468471043356 ], [ -110.76847763034209, 32.079467489868939 ], [ -110.768468983556986, 32.079462615626809 ], [ -110.767793982553329, 32.079082137481883 ], [ -110.766970088037127, 32.07861759794914 ], [ -110.766238365886636, 32.078205172101399 ], [ -110.765363993611416, 32.077712419440793 ], [ -110.76420143509668, 32.077057054271243 ], [ -110.764200921852876, 32.077056764627713 ], [ -110.764196711746308, 32.077054391520889 ], [ -110.764197288751205, 32.07704056736624 ], [ -110.764197484116565, 32.077003471893057 ], [ -110.764200793237933, 32.076375070790824 ], [ -110.764200420003561, 32.076372908439566 ], [ -110.764212148976725, 32.075663237014858 ], [ -110.764214418416174, 32.075544741404208 ], [ -110.764214488197638, 32.075541121232511 ], [ -110.764204819827413, 32.075541150526746 ], [ -110.760035345366191, 32.075553623430459 ], [ -110.760034469531533, 32.075553616336897 ], [ -110.759669203198285, 32.075550648392138 ], [ -110.759668328422805, 32.07555064130576 ], [ -110.759520597066327, 32.075470766275309 ], [ -110.75952040746489, 32.075470767249151 ], [ -110.757925012293811, 32.075475586567578 ], [ -110.757924136346773, 32.075475588476621 ], [ -110.756638499101314, 32.075478072906108 ], [ -110.756637623279772, 32.075478064887399 ], [ -110.755687872891613, 32.075469280074749 ], [ -110.75568699701347, 32.075469276558024 ], [ -110.754635907834967, 32.075464517041084 ], [ -110.75463503195715, 32.075464513517097 ], [ -110.753985602990397, 32.075461568618806 ], [ -110.753984727124191, 32.075461564188608 ], [ -110.753606943974248, 32.075459815730319 ], [ -110.753606068108169, 32.075459811297492 ], [ -110.75360492640192, 32.075459806228039 ], [ -110.753604050535841, 32.075459801795212 ], [ -110.75354278520895, 32.075459510836865 ], [ -110.753541909342886, 32.075459506403611 ], [ -110.753023865013049, 32.075457116926437 ], [ -110.753022989147141, 32.075457112489602 ], [ -110.752464189568229, 32.075454560144202 ], [ -110.752463313702492, 32.075454555703516 ], [ -110.752149044366959, 32.075453115938593 ], [ -110.752148168501336, 32.075453111495719 ], [ -110.751160432930291, 32.075448577149636 ], [ -110.75115955706498, 32.075448572699919 ], [ -110.750517634287306, 32.07544559339663 ], [ -110.750516758422194, 32.075445588942493 ], [ -110.749938590741479, 32.075442928353887 ], [ -110.749937714865112, 32.07544292479745 ], [ -110.749210650007896, 32.075439609324143 ], [ -110.74920977414321, 32.075439604860946 ], [ -110.748647073612062, 32.075437018669518 ], [ -110.748646723049859, 32.075437017241441 ], [ -110.748646197747547, 32.07543701420245 ], [ -110.748642905025179, 32.075436999178578 ], [ -110.748642029045996, 32.075437003728581 ], [ -110.748642028892803, 32.075436932483562 ], [ -110.74864205018163, 32.075430094196818 ], [ -110.748642204221255, 32.07538083202558 ], [ -110.748647782482237, 32.073590930331093 ], [ -110.748647793511168, 32.073587314143069 ], [ -110.748639035596881, 32.07358730916124 ], [ -110.748040082007947, 32.073586950099227 ], [ -110.747994079530741, 32.073586955064727 ], [ -110.746922312981525, 32.07358625631759 ], [ -110.746175385027328, 32.073585801020549 ], [ -110.745456300785662, 32.073585340778571 ], [ -110.744376491866433, 32.073584624604663 ], [ -110.744375657276038, 32.073584624097457 ], [ -110.744375642279834, 32.073588123009678 ], [ -110.744367635527908, 32.075410326480679 ], [ -110.744367604205223, 32.075417096131233 ], [ -110.744367604355119, 32.075417167376131 ], [ -110.74436731204004, 32.07541716647512 ], [ -110.744363339391455, 32.075417147754436 ], [ -110.744358292829773, 32.075417123606236 ], [ -110.744267459866421, 32.075416700675596 ], [ -110.744163194457457, 32.075416214698578 ], [ -110.74373784121677, 32.075414232853134 ], [ -110.740032465339283, 32.075396909734103 ], [ -110.74003211477816, 32.075396908282173 ], [ -110.740031589477525, 32.075396905207477 ], [ -110.740028289375232, 32.075396888087504 ], [ -110.740027413536566, 32.07539688175742 ], [ -110.740027695484372, 32.075340723758963 ], [ -110.74003101888897, 32.074679934183891 ], [ -110.740036541488109, 32.073581682898627 ], [ -110.740038996528497, 32.073043469030587 ], [ -110.740041838165922, 32.072538071312501 ], [ -110.740043408296984, 32.072183371577218 ], [ -110.740044039436526, 32.072040902098522 ], [ -110.740044182953127, 32.072008445238531 ], [ -110.740046778166828, 32.071490762405269 ], [ -110.740049704600324, 32.07091570179356 ], [ -110.740052324636494, 32.070427567141067 ], [ -110.740054625566444, 32.069964340384104 ], [ -110.740054587717694, 32.069939840366096 ], [ -110.740054581766799, 32.069936252882208 ], [ -110.740045909676738, 32.069936190391793 ], [ -110.735831199623533, 32.069905802320434 ], [ -110.735830849095379, 32.06990579995567 ], [ -110.735830323838442, 32.06990579596259 ], [ -110.735827030384272, 32.069905771583393 ], [ -110.735826154610791, 32.069905764323821 ], [ -110.735826338108794, 32.069849627952998 ], [ -110.735834944348383, 32.067212512821548 ], [ -110.735837511264862, 32.066356222737284 ], [ -110.735837521589872, 32.066352617368956 ], [ -110.735828779347386, 32.066352601737329 ], [ -110.732275193949974, 32.06634633810468 ], [ -110.732274318141762, 32.066346336231632 ], [ -110.732081519846119, 32.066345987812831 ], [ -110.732080644037964, 32.06634598593844 ], [ -110.731706679678382, 32.06634531763202 ], [ -110.731705803870327, 32.066345315755008 ], [ -110.731649911120854, 32.066345187180872 ], [ -110.73164956058352, 32.066345186608274 ], [ -110.731649035312813, 32.066345185303469 ], [ -110.731645753453009, 32.066345175354932 ], [ -110.73164487769148, 32.066345169870665 ], [ -110.731644897961786, 32.066288989600913 ], [ -110.731644936211495, 32.066184197082379 ], [ -110.731646139497684, 32.062746536276606 ], [ -110.731646140952151, 32.06274289204795 ], [ -110.731646141289346, 32.062742865898421 ], [ -110.731642577990399, 32.062742928170756 ], [ -110.731641702205053, 32.062742927195821 ], [ -110.731637550937194, 32.062742924449999 ], [ -110.731592950244462, 32.062742893357949 ], [ -110.731592074447519, 32.062742893284408 ], [ -110.731573583270062, 32.062742883593977 ], [ -110.731572707484744, 32.062742882618572 ], [ -110.731555145164521, 32.062742864477165 ], [ -110.731552893745231, 32.062742862360771 ], [ -110.73062658948939, 32.06274190249394 ], [ -110.728300184958101, 32.062739460405986 ], [ -110.728299309173607, 32.06273945940795 ], [ -110.728035908064982, 32.062739214808559 ], [ -110.728035032280559, 32.062739213808726 ], [ -110.727386715934927, 32.062738535883582 ], [ -110.727385840150646, 32.062738534879223 ], [ -110.725489978231025, 32.062736526850152 ], [ -110.72548910242385, 32.062736527636126 ], [ -110.725481908486998, 32.062736536670521 ], [ -110.7254810327032, 32.062736535653045 ], [ -110.725165960611676, 32.062736221438115 ], [ -110.725001369057651, 32.062736056309262 ], [ -110.725000493273981, 32.06273605528844 ], [ -110.724131215225185, 32.062735108893904 ], [ -110.723376381302458, 32.062734282801479 ], [ -110.723303250671023, 32.062734202891676 ], [ -110.723219334240852, 32.062734110645017 ], [ -110.723137810068678, 32.062734021033371 ], [ -110.723135443225686, 32.062734018582113 ], [ -110.723132754461318, 32.062734014902553 ], [ -110.723132470647712, 32.062734014935003 ], [ -110.72313241982171, 32.062734014456304 ], [ -110.72313159495819, 32.062734006687613 ], [ -110.723130829367832, 32.062737507540284 ], [ -110.723109095064885, 32.062836848865892 ], [ -110.723108956566747, 32.062837483341539 ], [ -110.723108666067603, 32.062838813489101 ], [ -110.72310843414337, 32.062839873643647 ], [ -110.723102146329282, 32.062829475105666 ], [ -110.723085919319431, 32.062802639349279 ], [ -110.723044853755852, 32.062733619881925 ], [ -110.723011290562212, 32.062677212618176 ], [ -110.722887303135451, 32.062468944536 ], [ -110.722811490273784, 32.06234153155809 ], [ -110.722804783713585, 32.062329786257095 ], [ -110.722798482821872, 32.062317872530642 ], [ -110.722792587586838, 32.06230579128048 ], [ -110.722787098008311, 32.062293542506687 ], [ -110.722785597043242, 32.062289902165368 ], [ -110.722785531325556, 32.062289743728471 ], [ -110.72278379527107, 32.062285532126658 ], [ -110.72278371724525, 32.062285342912105 ], [ -110.722633229105341, 32.062335642426383 ], [ -110.722547710414219, 32.062365244961207 ], [ -110.722298861623671, 32.062450859378139 ], [ -110.722286701793621, 32.062455125795353 ], [ -110.721542177631108, 32.062711383552355 ], [ -110.721493696298793, 32.062727028245718 ], [ -110.721493555917604, 32.06272707381617 ], [ -110.721491815389925, 32.062727118724553 ], [ -110.721491134217203, 32.062727136649364 ], [ -110.721385010786847, 32.062758776954574 ], [ -110.721277716096964, 32.062787399468704 ], [ -110.721169653576894, 32.062813008896654 ], [ -110.721060420943246, 32.062835513965119 ], [ -110.720950421614447, 32.062854920281303 ], [ -110.720840059056357, 32.062871229847005 ], [ -110.720728528426122, 32.062884362018977 ], [ -110.720617871561615, 32.062894230552871 ], [ -110.720617036404704, 32.062894281288635 ], [ -110.720505614714, 32.062901073628126 ], [ -110.720504780451563, 32.062901136997013 ], [ -110.720392566081443, 32.06290471580138 ], [ -110.720280391947043, 32.062905203463316 ], [ -110.720164609306565, 32.062903938095943 ], [ -110.720019373922611, 32.062902566758126 ], [ -110.719874139664128, 32.062901109592012 ], [ -110.719728907658975, 32.062899480034012 ], [ -110.719583673421084, 32.062898022535194 ], [ -110.719438440321071, 32.062896478306421 ], [ -110.719293206103629, 32.062895020474862 ], [ -110.719147973012596, 32.06289347681507 ], [ -110.719002738827356, 32.062892017749114 ], [ -110.718714689935354, 32.06288920946529 ], [ -110.718569456885348, 32.062887665142853 ], [ -110.718424224974484, 32.062886034090475 ], [ -110.718278990828424, 32.062884575097179 ], [ -110.718036931218663, 32.062882027012726 ], [ -110.717833204930074, 32.062879928580948 ], [ -110.717745673810526, 32.062878069731873 ], [ -110.717658167343544, 32.062874321753377 ], [ -110.717571091224542, 32.062868515335865 ], [ -110.717461071097745, 32.062858540892087 ], [ -110.717351897081556, 32.062845568611579 ], [ -110.717242764584029, 32.062829417733028 ], [ -110.717134880542559, 32.06281035759995 ], [ -110.717027440329829, 32.062788210155844 ], [ -110.716658110477141, 32.06270663158476 ], [ -110.71663350010158, 32.062706485114845 ], [ -110.715966445345543, 32.062559894858204 ], [ -110.715864233483885, 32.062539084665104 ], [ -110.715761580099922, 32.062521189380284 ], [ -110.715658080600136, 32.062506293545958 ], [ -110.71555373387892, 32.062494481018255 ], [ -110.71546466584654, 32.062486764978736 ], [ -110.715375166325757, 32.062481192909004 ], [ -110.715303970580578, 32.062478536713705 ], [ -110.715286517245019, 32.062477885178566 ], [ -110.715285637643234, 32.062477852490915 ], [ -110.715287485342813, 32.062481760435396 ], [ -110.715391253408129, 32.062701243878358 ], [ -110.717898134919395, 32.068202000008569 ], [ -110.718012680791901, 32.068453218003498 ], [ -110.718873183064645, 32.070342029853371 ], [ -110.718881580690223, 32.070360462955442 ], [ -110.71890312270267, 32.075256147094066 ], [ -110.718903369316848, 32.075312285505568 ], [ -110.718907510183797, 32.075312316534948 ], [ -110.718908035468573, 32.075312320598918 ], [ -110.71897196366632, 32.075312800477271 ], [ -110.721528989855457, 32.075332245053588 ], [ -110.721537793695248, 32.075332311865537 ], [ -110.721537778783144, 32.075335900041843 ], [ -110.721533502678483, 32.076344404858361 ], [ -110.721528661339235, 32.077398754189012 ], [ -110.721524120074761, 32.078367981313392 ], [ -110.721523635044605, 32.078436265651803 ], [ -110.721523088581776, 32.078540281959562 ], [ -110.721518802776998, 32.07955185957038 ], [ -110.721513576499774, 32.080666675826329 ], [ -110.721505019334487, 32.082564504548884 ], [ -110.72147169878582, 32.089805788779238 ], [ -110.721441817640311, 32.096990898408151 ], [ -110.72144158374887, 32.09704700957414 ], [ -110.721442459765044, 32.097047017841057 ], [ -110.72144575617763, 32.097047051654449 ], [ -110.721446281575481, 32.097047056612553 ], [ -110.721446632193803, 32.097047059921316 ], [ -110.730027407701584, 32.097133662770787 ], [ -110.730036606356933, 32.097133755266626 ], [ -110.730036566462559, 32.097137332381095 ], [ -110.72999624592093, 32.10075447599592 ], [ -110.729965660274786, 32.104305450034495 ], [ -110.729962484042957, 32.105487284095091 ], [ -110.729958362531249, 32.107116634434064 ], [ -110.729956002751734, 32.107880432361263 ], [ -110.729955829395763, 32.107936588282143 ], [ -110.729956705541952, 32.107936594689228 ], [ -110.729959999376263, 32.10793661293166 ], [ -110.729960524861426, 32.107936616052569 ], [ -110.729960875545771, 32.107936617535323 ], [ -110.734192280654099, 32.107957964427221 ], [ -110.734201459813363, 32.10795801046163 ], [ -110.734201420901314, 32.107961604717445 ], [ -110.734083761881948, 32.118924824623562 ], [ -110.73408315958082, 32.118980894421341 ], [ -110.734084035810469, 32.118980902605777 ], [ -110.734087357221426, 32.118980949861992 ], [ -110.734087882712416, 32.11898095747577 ], [ -110.734088233392924, 32.118980962554915 ], [ -110.734651102278249, 32.118988942237067 ], [ -110.734651978450046, 32.118988954926081 ], [ -110.738648107915367, 32.119045309206264 ], [ -110.738656983057794, 32.119045434169536 ], [ -110.738656963766772, 32.119048997944148 ], [ -110.738631938150434, 32.123791546702861 ], [ -110.738619318452635, 32.126155571403835 ], [ -110.738619026331776, 32.126210300391833 ], [ -110.738619007571756, 32.126211760246463 ], [ -110.73861988391829, 32.126211764794334 ], [ -110.738623197630289, 32.126211772184028 ], [ -110.73862372325641, 32.126211772566336 ], [ -110.738624074023164, 32.126211773125085 ], [ -110.738861260459331, 32.126212046627209 ], [ -110.738862136852262, 32.126212047566611 ], [ -110.742835846085256, 32.126257092289563 ], [ -110.742845400383416, 32.126257200721277 ], [ -110.742845338756013, 32.126260772218686 ], [ -110.742838973258898, 32.126676209447687 ], [ -110.744116016436962, 32.126187688684396 ], [ -110.744387448248133, 32.126087296045498 ], [ -110.744886185739318, 32.125889917016984 ], [ -110.744840788860685, 32.125817114812634 ], [ -110.744835570160973, 32.125819479749268 ], [ -110.744840767046838, 32.125817080341932 ], [ -110.744840788860685, 32.125817114812634 ], [ -110.74484244742419, 32.125816362724798 ], [ -110.744849317384904, 32.125813236614277 ], [ -110.744856182185444, 32.125810099633853 ], [ -110.744858406825315, 32.125809084948024 ], [ -110.744867072269173, 32.125805107013058 ], [ -110.744889281324944, 32.12579481371219 ], [ -110.744911422826519, 32.125784416073863 ], [ -110.744933496762343, 32.125773914999812 ], [ -110.744942132555082, 32.125769769048446 ], [ -110.744949646813993, 32.125766146587551 ], [ -110.744957153804862, 32.125762512335363 ], [ -110.744964652479609, 32.125758865380426 ], [ -110.744964818850647, 32.125758783051928 ], [ -110.744973208315386, 32.125754673596319 ], [ -110.744981586319611, 32.125750548703301 ], [ -110.74498995497099, 32.125746409294173 ], [ -110.74499953009645, 32.125741650685477 ], [ -110.745018741065493, 32.125732025810521 ], [ -110.745037896873825, 32.125722321964574 ], [ -110.745056996473323, 32.125712538236179 ], [ -110.745066475836325, 32.125707643464452 ], [ -110.745074741457046, 32.125703356100992 ], [ -110.745082996665303, 32.125699054211644 ], [ -110.745091240401464, 32.125694737786617 ], [ -110.745091287346938, 32.125694712970386 ], [ -110.745091335340518, 32.125694689065689 ], [ -110.745091572198703, 32.12569456410246 ], [ -110.745091612740438, 32.125694542834211 ], [ -110.7451000723607, 32.12569008411689 ], [ -110.745108519460729, 32.125685609952299 ], [ -110.745116956159762, 32.125681120360127 ], [ -110.745125654501919, 32.125676473568319 ], [ -110.745144482214556, 32.125666320273453 ], [ -110.745163251564392, 32.125656089781735 ], [ -110.74518196150332, 32.125645781181703 ], [ -110.74519062171693, 32.125640966295762 ], [ -110.745198921408161, 32.125636333845904 ], [ -110.745207208567621, 32.125631686850589 ], [ -110.745215484277921, 32.125627023516159 ], [ -110.745215683922723, 32.125626908128261 ], [ -110.745225302921099, 32.125621451005053 ], [ -110.745234905218084, 32.125615973886674 ], [ -110.745244490825229, 32.125610475871497 ], [ -110.74525406915221, 32.125604966966499 ], [ -110.745269136888723, 32.125596224462264 ], [ -110.745284163942841, 32.125587431078337 ], [ -110.745299150314594, 32.12557858681479 ], [ -110.745308623262133, 32.125572947971591 ], [ -110.745318087869919, 32.125567298228781 ], [ -110.74532753472819, 32.125561627579366 ], [ -110.745336965944645, 32.125555936944664 ], [ -110.745347150762157, 32.125549738348283 ], [ -110.745357316804913, 32.1255435161303 ], [ -110.745367461953691, 32.125537270271053 ], [ -110.745377596666287, 32.125531011689077 ], [ -110.745390326777638, 32.125523085323309 ], [ -110.74540302451129, 32.125515121682426 ], [ -110.745415689867258, 32.125507120766422 ], [ -110.745425703167925, 32.125500742920025 ], [ -110.745435704961324, 32.125494353242793 ], [ -110.745445685860702, 32.12548793992439 ], [ -110.74545564585452, 32.125481503866517 ], [ -110.745455792276402, 32.125481406923825 ], [ -110.745466410171062, 32.125474488170532 ], [ -110.745477005098365, 32.125467542149529 ], [ -110.745487574916041, 32.125460570644627 ], [ -110.74549813221266, 32.125453583692199 ], [ -110.745508656037998, 32.125446562160398 ], [ -110.745519156884413, 32.125439514262631 ], [ -110.745529632632739, 32.125432439979285 ], [ -110.745540075980884, 32.125425330224672 ], [ -110.745550505725291, 32.125418206816164 ], [ -110.745560910371609, 32.125411057022106 ], [ -110.74557129096786, 32.125403881753996 ], [ -110.745571330518871, 32.125403855065549 ], [ -110.745571401074912, 32.12540380702049 ], [ -110.745571632046335, 32.125403645027674 ], [ -110.745582907341245, 32.125395783641217 ], [ -110.745594153345365, 32.12538789222301 ], [ -110.745605370070209, 32.125379969871396 ], [ -110.745611297880401, 32.125375764554185 ], [ -110.745617216257244, 32.125371551033126 ], [ -110.745623127331484, 32.12536732842613 ], [ -110.745633353157999, 32.125359990297 ], [ -110.74563921553495, 32.125355763631539 ], [ -110.745645070597789, 32.12535152878182 ], [ -110.745650916227305, 32.125347285728253 ], [ -110.745662011076178, 32.125339197212767 ], [ -110.745673075574629, 32.125331078655741 ], [ -110.745684109722632, 32.125322930057266 ], [ -110.745684291640828, 32.125322791959384 ], [ -110.745695630527095, 32.125314347679392 ], [ -110.745706936955116, 32.125305872436584 ], [ -110.74571821093636, 32.125297365329217 ], [ -110.74572361380531, 32.125293271484594 ], [ -110.745729009360204, 32.125289169455769 ], [ -110.745734396518372, 32.125285061036386 ], [ -110.745744338755642, 32.125277439811875 ], [ -110.745750001490251, 32.125273078728355 ], [ -110.745755655851127, 32.125268709450843 ], [ -110.745761300767143, 32.125264332871218 ], [ -110.745769750351471, 32.125257750251457 ], [ -110.745778181092021, 32.125251149420599 ], [ -110.745786591929203, 32.125244530368853 ], [ -110.745793648833356, 32.125238958421313 ], [ -110.745794011690748, 32.125239256669346 ], [ -110.745794053165142, 32.125239328295983 ], [ -110.74579770057052, 32.125242661754967 ], [ -110.745797946733106, 32.125242886778885 ], [ -110.745862069564822, 32.125295192345632 ], [ -110.745864379312849, 32.125297303201897 ], [ -110.745864486401928, 32.125297215814889 ], [ -110.745864763707175, 32.125296993828734 ], [ -110.745864837579987, 32.125296934992456 ], [ -110.745864860073539, 32.125296916262464 ], [ -110.745877705707059, 32.125286659734762 ], [ -110.745890506292881, 32.125276362207629 ], [ -110.745903262867571, 32.125266025494284 ], [ -110.745912804477399, 32.125258240930776 ], [ -110.745922320931442, 32.125250434490411 ], [ -110.74593181118162, 32.125242605261725 ], [ -110.745944422223701, 32.125232129221182 ], [ -110.745956988195033, 32.12522161398465 ], [ -110.745969508047537, 32.125211058640687 ], [ -110.745976881066781, 32.125204797015542 ], [ -110.74598424255602, 32.12519852536343 ], [ -110.745991593551835, 32.125192245497523 ], [ -110.746019585030155, 32.125168029207217 ], [ -110.746047340569817, 32.125143615937624 ], [ -110.746074858017082, 32.12511900837444 ], [ -110.746086113333646, 32.125108804755165 ], [ -110.746097331930002, 32.125098571937372 ], [ -110.74610851590235, 32.125088311744058 ], [ -110.746133114706751, 32.125065456452468 ], [ -110.746157512023828, 32.125042445083295 ], [ -110.746181703615193, 32.125019277597431 ], [ -110.746192560380152, 32.125008747435061 ], [ -110.746203380413391, 32.124998188975994 ], [ -110.746214163691931, 32.124987604023595 ], [ -110.746240026437889, 32.124961863780662 ], [ -110.746265639251916, 32.124935943564765 ], [ -110.746291000003339, 32.124909844258219 ], [ -110.74629768578572, 32.124902873749534 ], [ -110.746304360003563, 32.124895895919117 ], [ -110.746311021620272, 32.124888908953679 ], [ -110.746341375553072, 32.12485660083955 ], [ -110.746371341740854, 32.124824033019024 ], [ -110.746400919089623, 32.12479120818773 ], [ -110.746400942746121, 32.12479118135208 ], [ -110.746401063170865, 32.12479104539009 ], [ -110.746412777158014, 32.124777778922436 ], [ -110.74642442596452, 32.124764471269621 ], [ -110.746436009590425, 32.124751122431633 ], [ -110.74644449551576, 32.124741270135758 ], [ -110.746452946748718, 32.124731395875081 ], [ -110.746461361170134, 32.124721499630077 ], [ -110.746472764582791, 32.124707988600406 ], [ -110.746484101743761, 32.124694437277576 ], [ -110.74649537265303, 32.124680845661587 ], [ -110.746495558979021, 32.124680611109483 ], [ -110.746507543365311, 32.124666000728631 ], [ -110.746519450961031, 32.124651345448015 ], [ -110.746531281777663, 32.124636644365992 ], [ -110.746537719669035, 32.124628584870777 ], [ -110.74654413546881, 32.124620512545619 ], [ -110.746550527069317, 32.124612426469305 ], [ -110.746562171005266, 32.124597587483464 ], [ -110.746573737091097, 32.124582703588203 ], [ -110.746585224244214, 32.124567776577138 ], [ -110.74658527708516, 32.124567704920679 ], [ -110.746597375462329, 32.124551799682344 ], [ -110.746609385439015, 32.124535845829755 ], [ -110.746621305955671, 32.124519843353127 ], [ -110.746626049541518, 32.124513428427065 ], [ -110.746630778384386, 32.124507006150097 ], [ -110.746635492484288, 32.124500576522145 ], [ -110.746647215110954, 32.12448446850572 ], [ -110.74665884825464, 32.124468313668771 ], [ -110.746670390867308, 32.124452111099814 ], [ -110.746670516150985, 32.124451926484682 ], [ -110.746684220182885, 32.124432434244923 ], [ -110.746697793647542, 32.124412875866511 ], [ -110.746711235485421, 32.124393251339704 ], [ -110.746724545685041, 32.12437356156623 ], [ -110.746737724223465, 32.124353808349547 ], [ -110.746750770052628, 32.124333990778212 ], [ -110.746778736468627, 32.124291189564097 ], [ -110.747098049909994, 32.123802498877481 ], [ -110.747270181100674, 32.123539060307799 ], [ -110.747959631815633, 32.122483866385743 ], [ -110.747959753938204, 32.122483679936394 ], [ -110.747960455359731, 32.122482606943656 ], [ -110.747925848756097, 32.122466232527778 ], [ -110.747867045804753, 32.122438408074139 ], [ -110.747866642379137, 32.122438216772927 ], [ -110.747861659011136, 32.122435858521932 ], [ -110.74788767890432, 32.122396033978724 ], [ -110.748642471317623, 32.121240802399278 ], [ -110.748646418237513, 32.121234761506145 ], [ -110.748647023911957, 32.12123504755732 ], [ -110.748647091321743, 32.121235079742625 ], [ -110.748739628942104, 32.121278866878932 ], [ -110.748745214779731, 32.121281510214494 ], [ -110.748745407424394, 32.121281194554044 ], [ -110.748745432311111, 32.121281154202123 ], [ -110.748912376205951, 32.121027702470911 ], [ -110.749098651307321, 32.120784203508457 ], [ -110.749303441808436, 32.120551721059009 ], [ -110.749303655483303, 32.120551501183563 ], [ -110.749336699050758, 32.120516816471508 ], [ -110.749370164836378, 32.120482426026456 ], [ -110.749404048555846, 32.120448333415816 ], [ -110.749409870148014, 32.12044252711744 ], [ -110.749415711675766, 32.120436736333382 ], [ -110.749421575269693, 32.120430960181437 ], [ -110.749450930147319, 32.120402259218245 ], [ -110.749480584166108, 32.120373781949517 ], [ -110.749510536232066, 32.120345531070356 ], [ -110.749520800450867, 32.120335940237588 ], [ -110.74953110768439, 32.120326383167509 ], [ -110.74954145794409, 32.120316858958397 ], [ -110.749568805735919, 32.120291903625464 ], [ -110.749596390595158, 32.120267137146662 ], [ -110.749624209320217, 32.120242561295932 ], [ -110.749636140687343, 32.12023211376912 ], [ -110.749648119237946, 32.120221705453943 ], [ -110.749660144972012, 32.120211336350415 ], [ -110.74968876278767, 32.120186916649452 ], [ -110.74971761015027, 32.120162693848798 ], [ -110.749746688084969, 32.120138670663202 ], [ -110.749757654509992, 32.120129686889001 ], [ -110.74976866074816, 32.120120738651408 ], [ -110.749779706799444, 32.120111825950403 ], [ -110.749841883191266, 32.12006218070993 ], [ -110.749884786118258, 32.120029449855004 ], [ -110.749891580818584, 32.12002427926042 ], [ -110.749898395431529, 32.120019125983376 ], [ -110.749937829911971, 32.119989568184216 ], [ -110.749977622314475, 32.119960360868056 ], [ -110.750017770485712, 32.119931506720171 ], [ -110.750019881702968, 32.119929979567431 ], [ -110.750021978247119, 32.119928439654096 ], [ -110.750024061200676, 32.119926885186473 ], [ -110.750024248525463, 32.119926737211877 ], [ -110.750026068061942, 32.119925314686881 ], [ -110.75002787923674, 32.119923883066662 ], [ -110.750029693578639, 32.119922452377416 ], [ -110.750030160312733, 32.11992208152455 ], [ -110.750030364854112, 32.119921912966902 ], [ -110.750032279775681, 32.119920322681963 ], [ -110.750034180012705, 32.119918720538109 ], [ -110.750036066636184, 32.119917105643424 ], [ -110.750036505072273, 32.119916710180853 ], [ -110.750038258839567, 32.11991512652714 ], [ -110.750040012606803, 32.119913542873377 ], [ -110.750041766373982, 32.119911959219614 ], [ -110.750041998115194, 32.119911735000265 ], [ -110.75004376482218, 32.119910050462785 ], [ -110.750045517892687, 32.119908354977859 ], [ -110.750047255207619, 32.119906648526019 ], [ -110.750049028818253, 32.11990483779843 ], [ -110.75005078562522, 32.119903015192442 ], [ -110.750052526676612, 32.119901181619483 ], [ -110.750052713710403, 32.119900973220759 ], [ -110.750054209820107, 32.119899318654944 ], [ -110.750055696508554, 32.119897654984172 ], [ -110.750057186329698, 32.119895994949481 ], [ -110.750057571199193, 32.119895562018968 ], [ -110.750057730386516, 32.119895376810746 ], [ -110.750059301023015, 32.119893528140246 ], [ -110.750060854832952, 32.11989166939474 ], [ -110.750062392864379, 32.119889801485691 ], [ -110.75006274515178, 32.119889347513286 ], [ -110.750064155349449, 32.119887532535024 ], [ -110.750065566618076, 32.119885716664804 ], [ -110.750066976815631, 32.119883901686492 ], [ -110.750067156960256, 32.119883651740928 ], [ -110.750068561048764, 32.119881733899781 ], [ -110.750069949347264, 32.119879807796835 ], [ -110.750071319748187, 32.119877872510799 ], [ -110.750072704228728, 32.119875830038907 ], [ -110.750074069740663, 32.119873779275906 ], [ -110.750075417355021, 32.119871719329858 ], [ -110.750075552608678, 32.119871499632247 ], [ -110.7500767067976, 32.119869650731474 ], [ -110.750077845173607, 32.119867795372294 ], [ -110.750078968807728, 32.119865932662776 ], [ -110.750079261068038, 32.119865449279217 ], [ -110.750079379162486, 32.119865245656101 ], [ -110.750080556052282, 32.11986319495864 ], [ -110.750081715010083, 32.119861137783239 ], [ -110.750082856058825, 32.119859072326513 ], [ -110.750083112478137, 32.119858574183716 ], [ -110.750084138166827, 32.11985658071076 ], [ -110.750085163855459, 32.119854587237789 ], [ -110.750086189544035, 32.119852593764818 ], [ -110.750086311562768, 32.119852331560082 ], [ -110.750087313141506, 32.119850234156615 ], [ -110.750088295717219, 32.119848131167139 ], [ -110.750089259301419, 32.119846021690002 ], [ -110.750090213609383, 32.119843808419006 ], [ -110.750091147854789, 32.119841589552301 ], [ -110.750092062049106, 32.119839364188131 ], [ -110.75009214431401, 32.11983914490407 ], [ -110.750092895626267, 32.119837145295662 ], [ -110.750093647998042, 32.119835145696975 ], [ -110.750094400369775, 32.11983314609828 ], [ -110.750094592409141, 32.119832627522378 ], [ -110.75009467270408, 32.119832396496612 ], [ -110.750095420033603, 32.119830210176431 ], [ -110.750096147300582, 32.119828018260506 ], [ -110.750096855541628, 32.119825822562028 ], [ -110.75009700849256, 32.119825294607828 ], [ -110.750097637226034, 32.119823184750686 ], [ -110.75009824798164, 32.119821072022468 ], [ -110.750098839722796, 32.119818954609954 ], [ -110.750098901175363, 32.1198187053743 ], [ -110.75009946985476, 32.119816484942795 ], [ -110.750100018448677, 32.119814260718904 ], [ -110.7501005469571, 32.11981203270274 ], [ -110.750101043778301, 32.119809713311589 ], [ -110.750101519443007, 32.119807391020053 ], [ -110.750101972891713, 32.119805065818404 ], [ -110.750102009653546, 32.119804841606019 ], [ -110.750102348729826, 32.119802760643317 ], [ -110.750102688865667, 32.119800679690357 ], [ -110.750103028990011, 32.119798599639132 ], [ -110.750103114267731, 32.119798060239638 ], [ -110.750103142277879, 32.119797857590065 ], [ -110.750103442498329, 32.119795582379815 ], [ -110.750103721550829, 32.119793305170923 ], [ -110.750103979435394, 32.119791025963316 ], [ -110.750104023425322, 32.119790483477949 ], [ -110.750104220575892, 32.119788313731782 ], [ -110.750104398666153, 32.11978614290819 ], [ -110.750104556636543, 32.119783970997389 ], [ -110.750104567414525, 32.119783706865867 ], [ -110.750104683148152, 32.119781439875638 ], [ -110.750104776654297, 32.11977917087701 ], [ -110.750104850017649, 32.119776902594573 ], [ -110.750104874706679, 32.119774545486123 ], [ -110.750104878204837, 32.119772188182388 ], [ -110.750104858393044, 32.119769830663898 ], [ -110.750104848867622, 32.119769579872447 ], [ -110.750104785409064, 32.119767487986259 ], [ -110.750104703926809, 32.119765396835781 ], [ -110.750104602313243, 32.119763305499831 ], [ -110.75010457743285, 32.119762762379914 ], [ -110.750104563187449, 32.119762549421097 ], [ -110.750104403600432, 32.119760267268695 ], [ -110.750104221751542, 32.119757985812946 ], [ -110.750104018688845, 32.119755705965389 ], [ -110.750103953511399, 32.119755165179583 ], [ -110.750103714038389, 32.11975299862484 ], [ -110.750103453351571, 32.119750833678232 ], [ -110.750103172510521, 32.11974867034953 ], [ -110.750103135161666, 32.119748440945209 ], [ -110.750102794106056, 32.119746179666045 ], [ -110.7501024297176, 32.119743919975477 ], [ -110.750102044092387, 32.119741663696487 ], [ -110.750101596837482, 32.119739337410138 ], [ -110.750101126238249, 32.119737013614134 ], [ -110.750100633331272, 32.119734694121632 ], [ -110.750100569860962, 32.119734435618653 ], [ -110.750100090453742, 32.119732387695869 ], [ -110.75009959086934, 32.119730343194419 ], [ -110.750099072167302, 32.119728302124059 ], [ -110.750098937993442, 32.119727770622447 ], [ -110.750098872209037, 32.11972752742895 ], [ -110.750098261398833, 32.119725313263856 ], [ -110.750097628280869, 32.119723103402251 ], [ -110.750096972843735, 32.119720898745896 ], [ -110.750096800423108, 32.119720375008171 ], [ -110.750096283792203, 32.119718754201166 ], [ -110.750095776953714, 32.119717196611219 ], [ -110.750095258425873, 32.119715641619003 ], [ -110.750094728208666, 32.119714089224523 ], [ -110.750094631892551, 32.119713830418853 ], [ -110.750093846686596, 32.119711664246481 ], [ -110.750093039161456, 32.119709503279317 ], [ -110.750092210353728, 32.119707349330547 ], [ -110.750091304069116, 32.119705121621131 ], [ -110.750090374394304, 32.119702900008853 ], [ -110.750089421306356, 32.119700686297143 ], [ -110.750089326421048, 32.119700481613407 ], [ -110.750088439014277, 32.119698519210573 ], [ -110.750087530313422, 32.119696564727818 ], [ -110.750086601401023, 32.119694616371504 ], [ -110.750086363059452, 32.119694110062603 ], [ -110.750086261816918, 32.119693905320275 ], [ -110.750085212995913, 32.119691803452902 ], [ -110.750084141809864, 32.119689710397573 ], [ -110.750083048270227, 32.119687625252553 ], [ -110.750082773697756, 32.11968713484243 ], [ -110.750081693569285, 32.119685161645634 ], [ -110.750080592135276, 32.119683197270632 ], [ -110.75007947045529, 32.119681241727228 ], [ -110.750079315795602, 32.11968098779483 ], [ -110.750078111180486, 32.119678971065824 ], [ -110.750076885248347, 32.119676964060282 ], [ -110.750075636939712, 32.119674966768514 ], [ -110.750074299407487, 32.119672902822316 ], [ -110.750072938427735, 32.119670849481793 ], [ -110.750071553988988, 32.119668807648651 ], [ -110.750071409270873, 32.119668605211174 ], [ -110.750070144676073, 32.119666805266043 ], [ -110.75006886088336, 32.119665015063909 ], [ -110.750067556821762, 32.119663235496766 ], [ -110.750067220440386, 32.11966277247322 ], [ -110.750067102708257, 32.119662614473171 ], [ -110.750065641596819, 32.119660685561747 ], [ -110.75006415808592, 32.119658768167504 ], [ -110.750062653212183, 32.119656864103547 ], [ -110.75006228373266, 32.119656420614881 ], [ -110.750060825069951, 32.119654632408597 ], [ -110.750059347163486, 32.119652857552182 ], [ -110.750057847917091, 32.119651094222654 ], [ -110.750057678657498, 32.119650905086175 ], [ -110.750056077427175, 32.119649078591905 ], [ -110.750054455882079, 32.119647266339413 ], [ -110.7500528119146, 32.11964546740748 ], [ -110.750051080521445, 32.119643627088394 ], [ -110.750049327742502, 32.119641801903022 ], [ -110.75004755251824, 32.119639991841623 ], [ -110.750047388177805, 32.119639832510224 ], [ -110.750045777676732, 32.119638234990589 ], [ -110.750044146860859, 32.119636651712753 ], [ -110.750042497849279, 32.119635082696185 ], [ -110.75004207387444, 32.119634674777771 ], [ -110.750041910490324, 32.11963452357152 ], [ -110.750037044392485, 32.119629285198528 ], [ -110.750028180056944, 32.119621890725426 ], [ -110.7500034197313, 32.119603248470739 ], [ -110.749951026524371, 32.119566450606669 ], [ -110.749913827285113, 32.119542275621349 ], [ -110.749863434784544, 32.119511890906516 ], [ -110.74980565588244, 32.119480135880039 ], [ -110.749786847425085, 32.11947176326013 ], [ -110.749774117110974, 32.119466145780237 ], [ -110.749773959349099, 32.119463304520977 ], [ -110.749697065196358, 32.119428472137578 ], [ -110.74964161485066, 32.119405763832219 ], [ -110.749608893438676, 32.119393447374932 ], [ -110.7495881758081, 32.119386050022015 ], [ -110.749568351214037, 32.11937925609373 ], [ -110.749545155529077, 32.119371653724542 ], [ -110.749521602610955, 32.119364311386988 ], [ -110.749483169024145, 32.119353126317925 ], [ -110.749424384446655, 32.119337876726952 ], [ -110.749356378910605, 32.119322944300819 ], [ -110.749303640396306, 32.119313303754794 ], [ -110.749212767254051, 32.11930054659701 ], [ -110.749190062209763, 32.119298107050497 ], [ -110.749174987400579, 32.118896616732194 ], [ -110.755592500845609, 32.11895471730088 ], [ -110.76495452622099, 32.118864932675741 ], [ -110.769699799316669, 32.118807398669595 ], [ -110.769700675713665, 32.11880739398358 ], [ -110.77027369861537, 32.118804398888074 ], [ -110.770274575012451, 32.118804394198065 ], [ -110.771297628556908, 32.118798805889703 ], [ -110.771298504954089, 32.118798801192618 ], [ -110.772348720686168, 32.118793561027921 ], [ -110.772356679228736, 32.118793521133291 ], [ -110.772356720876473, 32.11879714680601 ], [ -110.772359028495998, 32.118999612499898 ], [ -110.772359029714877, 32.118999684656103 ], [ -110.772349660610587, 32.118999735248849 ], [ -110.772278315746405, 32.119003550776291 ], [ -110.772279821302632, 32.119206163423598 ], [ -110.772279821461908, 32.119206235570218 ], [ -110.77227046611074, 32.119206286281106 ], [ -110.770275399478848, 32.119217008932168 ], [ -110.770274523077831, 32.119217013622091 ], [ -110.764437640500361, 32.119282020683336 ], [ -110.7634869171671, 32.119291135054681 ], [ -110.755537072464193, 32.119367430337761 ], [ -110.753205748627352, 32.119342009626784 ], [ -110.75313514246551, 32.119341239027101 ], [ -110.753095347733989, 32.119342419912968 ], [ -110.753047494778869, 32.119344228335358 ], [ -110.753004646555539, 32.119346208090562 ], [ -110.75290165607808, 32.119352364126989 ], [ -110.752808383215537, 32.119359648297966 ], [ -110.752745972973941, 32.119365434147127 ], [ -110.752717771241478, 32.119366591628591 ], [ -110.752698502590235, 32.119370327446539 ], [ -110.752669086465389, 32.119373573171323 ], [ -110.752632322126175, 32.119377860558679 ], [ -110.752597231467348, 32.119382193985267 ], [ -110.752568753868175, 32.119385882989157 ], [ -110.752554402556271, 32.119387742235901 ], [ -110.752544207917296, 32.119389131078513 ], [ -110.752537051502486, 32.119390172702303 ], [ -110.752522564581014, 32.119392196631949 ], [ -110.752486581213546, 32.119397401086154 ], [ -110.752454093136066, 32.11940231392034 ], [ -110.752419976774775, 32.119407694242376 ], [ -110.752404938792907, 32.119410137844589 ], [ -110.752391090661177, 32.119412426453351 ], [ -110.75234307879785, 32.119420654049684 ], [ -110.752318920943381, 32.119424965293376 ], [ -110.752287351525865, 32.119430800068614 ], [ -110.752287843373892, 32.11943270651377 ], [ -110.752301196651445, 32.119484494136174 ], [ -110.752291440209632, 32.119486338796023 ], [ -110.752247268294724, 32.11949491820625 ], [ -110.752203199635829, 32.119503877311701 ], [ -110.752159240612585, 32.119513214367551 ], [ -110.75215265667579, 32.119514651719555 ], [ -110.75215203198232, 32.119514778540093 ], [ -110.752142493852489, 32.11951687139107 ], [ -110.752100736429441, 32.119526237694636 ], [ -110.752059086969226, 32.119535946764181 ], [ -110.752017549698152, 32.119545999540485 ], [ -110.752008800027298, 32.119548169975573 ], [ -110.752003371209156, 32.119549516942705 ], [ -110.751997392615152, 32.119551015767492 ], [ -110.751986007338175, 32.119553870780081 ], [ -110.751948924346294, 32.119563381938605 ], [ -110.751911938555921, 32.119573165425798 ], [ -110.751875054216356, 32.119583220379056 ], [ -110.751864001977452, 32.119586301192086 ], [ -110.751858196702855, 32.119587919742138 ], [ -110.751854127936738, 32.119589060075185 ], [ -110.751853781174503, 32.119589163298727 ], [ -110.751847128964897, 32.119591052716196 ], [ -110.751832543043321, 32.119595194011744 ], [ -110.751800249779762, 32.119604532758565 ], [ -110.75176804175986, 32.119614084207193 ], [ -110.751735923210163, 32.119623849298385 ], [ -110.75172050503906, 32.119628606075295 ], [ -110.751714442089877, 32.119630488282276 ], [ -110.751706238302901, 32.119633062319963 ], [ -110.751700101545921, 32.119634998857656 ], [ -110.751682306844941, 32.119640649101513 ], [ -110.751653289816645, 32.119650005331479 ], [ -110.751624351073801, 32.119659538128424 ], [ -110.751595493817803, 32.119669245718207 ], [ -110.751577742653055, 32.119675304868601 ], [ -110.751571617556664, 32.119677407440683 ], [ -110.751561995856449, 32.119680737666215 ], [ -110.751556138589038, 32.119682777771764 ], [ -110.751549392467055, 32.119685135251359 ], [ -110.751542651504977, 32.119687503599827 ], [ -110.751535914654696, 32.119689881905671 ], [ -110.751508829864164, 32.119699532740192 ], [ -110.751481822563051, 32.119709339393573 ], [ -110.751454894870307, 32.119719301885461 ], [ -110.751446253543122, 32.119722533809167 ], [ -110.7514455614713, 32.119722792572425 ], [ -110.751437615348138, 32.119725769368358 ], [ -110.75143460519223, 32.119726908608925 ], [ -110.751428991619505, 32.119729033918077 ], [ -110.75142109392489, 32.119732035507582 ], [ -110.751415387437916, 32.119734217676914 ], [ -110.751408152805752, 32.119736991798923 ], [ -110.751400923310456, 32.119739778593186 ], [ -110.751393701094031, 32.119742576275755 ], [ -110.751367010104957, 32.119753006262137 ], [ -110.751340402973426, 32.119763591224498 ], [ -110.751313881841313, 32.119774329378963 ], [ -110.751306783362296, 32.119777229198334 ], [ -110.751299691102588, 32.119780139896314 ], [ -110.751292605050708, 32.11978306237458 ], [ -110.751287013468698, 32.119785374554795 ], [ -110.751283615187887, 32.119786786173592 ], [ -110.751278274780873, 32.119789012287839 ], [ -110.751270894184884, 32.119792097987023 ], [ -110.751263519785226, 32.119795196368209 ], [ -110.751256153712447, 32.11979830654915 ], [ -110.751228414014903, 32.119810122857281 ], [ -110.751200774942973, 32.119822108724321 ], [ -110.751173236519435, 32.119834262346949 ], [ -110.751165888554766, 32.119837531408123 ], [ -110.75115854890548, 32.119840813170782 ], [ -110.751151217560121, 32.119844108536604 ], [ -110.751144732260499, 32.119847036536832 ], [ -110.751137369625738, 32.119850375802564 ], [ -110.751130014246812, 32.119853727760066 ], [ -110.751122668242814, 32.119857092428767 ], [ -110.751092707092823, 32.119870937172365 ], [ -110.75106287375921, 32.119884979680428 ], [ -110.751033170349459, 32.119899220874323 ], [ -110.75101980404348, 32.119905694567244 ], [ -110.751006468937376, 32.119912214538367 ], [ -110.75099316503119, 32.119918780787764 ], [ -110.750960147062287, 32.119935264012575 ], [ -110.750927297644395, 32.11995199136787 ], [ -110.750894621049895, 32.119968960187734 ], [ -110.750885289955875, 32.119973849563998 ], [ -110.75087597864831, 32.119978766176089 ], [ -110.750866687127214, 32.119983710024044 ], [ -110.750830166034746, 32.120003345254617 ], [ -110.750793871030581, 32.120023282859677 ], [ -110.750757806387085, 32.120043520173333 ], [ -110.750743504372593, 32.120051658982185 ], [ -110.750703246411732, 32.120074910296246 ], [ -110.750663287819563, 32.120098534097039 ], [ -110.750623634998959, 32.120122526836617 ], [ -110.750651926509434, 32.120155994814482 ], [ -110.750283805252465, 32.120407636310041 ], [ -110.75012774588734, 32.120532159925332 ], [ -110.749851331085623, 32.120785424225375 ], [ -110.749640538094738, 32.121014094386602 ], [ -110.7494758840446, 32.121219682931162 ], [ -110.749303490686927, 32.121492913295754 ], [ -110.749267893636159, 32.121528205711279 ], [ -110.749273179308702, 32.121530706475319 ], [ -110.749273538495871, 32.121530876622444 ], [ -110.749346198041238, 32.121565257200892 ], [ -110.749380803505233, 32.121581632120652 ], [ -110.749380102107295, 32.121582705121995 ], [ -110.749379979988831, 32.121582891572828 ], [ -110.748596278698685, 32.122782383277318 ], [ -110.748596252763377, 32.122782422717719 ], [ -110.748596049588045, 32.122782732869794 ], [ -110.748590664849402, 32.122780185170818 ], [ -110.74848381183682, 32.122729623983865 ], [ -110.748483744426025, 32.122729591798446 ], [ -110.748483138742401, 32.12272930574634 ], [ -110.748479191744352, 32.122735346631224 ], [ -110.747625901289908, 32.124041299527903 ], [ -110.747470921550956, 32.124278490144022 ], [ -110.747183670027923, 32.124712706459015 ], [ -110.747155900220093, 32.124751314353816 ], [ -110.747127681955192, 32.124789686333607 ], [ -110.747099020576925, 32.12482781884021 ], [ -110.747090912817086, 32.124838435802708 ], [ -110.747082777701266, 32.124849037181122 ], [ -110.747074615217983, 32.124859623877178 ], [ -110.747053277711387, 32.124886946396039 ], [ -110.747031712940071, 32.124914139655985 ], [ -110.747009923046136, 32.124941201873071 ], [ -110.74699335302131, 32.124961479295898 ], [ -110.746976658887888, 32.124981682522993 ], [ -110.74695984275354, 32.125001812475638 ], [ -110.74694539688916, 32.125018895465296 ], [ -110.746930863739593, 32.125035925341699 ], [ -110.746916245435557, 32.125052901222617 ], [ -110.746891693205697, 32.125081008342768 ], [ -110.746866891836618, 32.125108956240602 ], [ -110.746841843458895, 32.12513674403386 ], [ -110.746833048821316, 32.125146373461405 ], [ -110.74682423211425, 32.125155988255415 ], [ -110.746815391230044, 32.125165587494529 ], [ -110.746814448724763, 32.125166615867066 ], [ -110.746786278737275, 32.125196781734473 ], [ -110.746757813513625, 32.125226746468535 ], [ -110.746729054147877, 32.125256507373692 ], [ -110.746719267135973, 32.125266503676706 ], [ -110.746709452813832, 32.125276480788479 ], [ -110.746699610133348, 32.125286437797541 ], [ -110.746673858712001, 32.125312176457143 ], [ -110.746647886784231, 32.125337754354554 ], [ -110.746621695432637, 32.125363169696044 ], [ -110.746603646003607, 32.125380446594484 ], [ -110.746585500004613, 32.12539765045279 ], [ -110.746567258506758, 32.125414780379032 ], [ -110.746549350036375, 32.125431390330569 ], [ -110.746531351319462, 32.125447930005897 ], [ -110.746513264486723, 32.125464398522787 ], [ -110.746485192509098, 32.125489610678279 ], [ -110.74645689815803, 32.12551464221319 ], [ -110.74642838357579, 32.125539491343559 ], [ -110.746419650722544, 32.125547013780682 ], [ -110.746410903183005, 32.125554524357909 ], [ -110.746402140968627, 32.125562022173469 ], [ -110.74637514435652, 32.125584593823334 ], [ -110.746347983179703, 32.125607022361564 ], [ -110.746320658509333, 32.125629306896172 ], [ -110.746293935172162, 32.125650806998067 ], [ -110.746267060965423, 32.125672170427663 ], [ -110.74624003591218, 32.125693395381482 ], [ -110.746221635183602, 32.12570771464376 ], [ -110.746203152766725, 32.125721957395889 ], [ -110.746184588673088, 32.125736122736143 ], [ -110.746163515470059, 32.125752003564479 ], [ -110.746142338636233, 32.125767783330033 ], [ -110.746121058160099, 32.125783462934415 ], [ -110.746042291943098, 32.125840082525421 ], [ -110.746015482482235, 32.125859354297994 ], [ -110.746030639319613, 32.125875167921222 ], [ -110.746066546957636, 32.125912636511885 ], [ -110.746056056359265, 32.125919876634782 ], [ -110.746045545914484, 32.125927094027972 ], [ -110.746035013492502, 32.1259342895736 ], [ -110.74602446328575, 32.125941466917681 ], [ -110.746009306454241, 32.125951710201967 ], [ -110.74599410675097, 32.125961907997393 ], [ -110.745978865247068, 32.125972059412042 ], [ -110.745968190388524, 32.125979121970403 ], [ -110.745957498804856, 32.125986166336972 ], [ -110.745946786315159, 32.125993187963985 ], [ -110.745936053979037, 32.126000186861276 ], [ -110.745921382487055, 32.126009683415049 ], [ -110.745910308341308, 32.126016809911519 ], [ -110.745899212241369, 32.126023912756843 ], [ -110.745888095246883, 32.126030991960882 ], [ -110.745880667902995, 32.126035692944747 ], [ -110.745873231148508, 32.126040383921215 ], [ -110.745865784994947, 32.126045063988578 ], [ -110.745854603255111, 32.126052067740517 ], [ -110.745847786774789, 32.12605631805603 ], [ -110.745840962980182, 32.126060560187213 ], [ -110.745834130834723, 32.126064792320847 ], [ -110.745834083831653, 32.126064821645883 ], [ -110.745832183345769, 32.126066012494483 ], [ -110.745820935789496, 32.126072941686189 ], [ -110.74580966842133, 32.126079845442923 ], [ -110.745798380158618, 32.126086725558281 ], [ -110.74578819051824, 32.126092884465798 ], [ -110.745778022080316, 32.12609904266678 ], [ -110.74576735563376, 32.126105444258485 ], [ -110.745756670377546, 32.126111824933666 ], [ -110.745745967394342, 32.126118182898658 ], [ -110.745732455451261, 32.126126167899301 ], [ -110.745721012404232, 32.126132886053654 ], [ -110.745709549533856, 32.126139579674678 ], [ -110.745698066851631, 32.126146247860696 ], [ -110.745684460203009, 32.12615409670849 ], [ -110.745673634029728, 32.126160308336239 ], [ -110.745662791177608, 32.126166498165325 ], [ -110.74565193058703, 32.126172666185909 ], [ -110.745636443204248, 32.126181403048655 ], [ -110.745496810043676, 32.126257271100151 ], [ -110.745496540059946, 32.126257417401078 ], [ -110.74542094792271, 32.126295549085668 ], [ -110.745407919196595, 32.126302121777549 ], [ -110.745397034365666, 32.126307613193717 ], [ -110.745374718615992, 32.126318869629912 ], [ -110.745374524486863, 32.126318967934672 ], [ -110.745346236727997, 32.126333237969959 ], [ -110.745346042598797, 32.126333336274698 ], [ -110.745311203345736, 32.126349609024636 ], [ -110.745301416501903, 32.126354179923901 ], [ -110.745291743727506, 32.126358697769255 ], [ -110.745247227415291, 32.126379490109784 ], [ -110.745246023778662, 32.126380052523253 ], [ -110.74523674747013, 32.126384311606223 ], [ -110.745227462833597, 32.126388558887932 ], [ -110.745218169892112, 32.126392792564936 ], [ -110.74520093834046, 32.126400597895604 ], [ -110.745183672521435, 32.126408347896351 ], [ -110.745166372423554, 32.126416043468843 ], [ -110.745157050164977, 32.126420165947302 ], [ -110.745147719601505, 32.126424274821034 ], [ -110.745138381769678, 32.126428371903273 ], [ -110.745124818121113, 32.126434258748333 ], [ -110.745110544755335, 32.126440369887163 ], [ -110.745096279380633, 32.126446518974333 ], [ -110.745091890116583, 32.126448410932213 ], [ -110.745082012944422, 32.126452668050028 ], [ -110.745068845598283, 32.126458474688306 ], [ -110.745055614939034, 32.126464177031018 ], [ -110.745042323085983, 32.126469775097831 ], [ -110.745030428540602, 32.126474582582745 ], [ -110.745026467938033, 32.126476184515532 ], [ -110.745022503212084, 32.126477777391962 ], [ -110.745018534339735, 32.126479363015399 ], [ -110.745017537408089, 32.126479755093996 ], [ -110.745016547743944, 32.126480158963403 ], [ -110.745015564276159, 32.126480575515473 ], [ -110.745006626696835, 32.126484117169973 ], [ -110.744998684919921, 32.126487272145809 ], [ -110.744990737925008, 32.126490420760156 ], [ -110.744982787854454, 32.126493561229232 ], [ -110.744877991043111, 32.126535078210843 ], [ -110.744747552806118, 32.126584532640926 ], [ -110.744747116194802, 32.126584698139325 ], [ -110.744745950124283, 32.126585140053145 ], [ -110.744745225986208, 32.126585414714178 ], [ -110.744745206337583, 32.126585376656294 ], [ -110.744695004824905, 32.126489494088403 ], [ -110.744694915864926, 32.126489323724527 ], [ -110.744692795175652, 32.126485273000391 ], [ -110.744692753701599, 32.12648520137342 ], [ -110.744692646198743, 32.126484989354616 ], [ -110.744683333594438, 32.126488520299702 ], [ -110.743955044932378, 32.1267645995894 ], [ -110.743928754873295, 32.126714387655248 ], [ -110.742831332852248, 32.127130454129606 ], [ -110.74281425994468, 32.128058441936972 ], [ -110.742784835297286, 32.129745797318996 ], [ -110.742783856354279, 32.12980196194637 ], [ -110.742784732713176, 32.129801968269618 ], [ -110.742788079327369, 32.129801982169901 ], [ -110.742788604951571, 32.129801984338791 ], [ -110.742788955720926, 32.129801985787992 ], [ -110.744739661367845, 32.129809093566166 ], [ -110.744740537761984, 32.129809097170813 ], [ -110.746707939508013, 32.129819740726028 ], [ -110.746708815891253, 32.129819745218718 ], [ -110.746860376489991, 32.129820578680786 ], [ -110.746868631618057, 32.129820624306717 ], [ -110.746868652540599, 32.129824216409041 ], [ -110.746890876272218, 32.133604210968038 ], [ -110.746890915976024, 32.133610981218318 ], [ -110.746890916126503, 32.133611052462626 ], [ -110.7468905526257, 32.133611050906907 ], [ -110.746881562517999, 32.13361101922677 ], [ -110.746876449087793, 32.133611000827919 ], [ -110.746875572656734, 32.133610997237248 ], [ -110.746842021446724, 32.133610852193101 ], [ -110.746841724707167, 32.13361085125424 ], [ -110.746841683378776, 32.133610850872294 ], [ -110.746840848333662, 32.133610843154806 ], [ -110.74684085516347, 32.133614376507239 ], [ -110.746849443639832, 32.137745462259183 ], [ -110.746852654078012, 32.139202180001902 ], [ -110.746867480471906, 32.140919145862433 ], [ -110.746898396794094, 32.144538560976102 ], [ -110.746898396944317, 32.144538632220296 ], [ -110.746889033453684, 32.144538621422981 ], [ -110.746241827974501, 32.144537880564535 ], [ -110.746240951404531, 32.1445378796721 ], [ -110.742646072723218, 32.144533607225398 ], [ -110.74264603033015, 32.144533606832141 ], [ -110.742645196246585, 32.144533599094451 ], [ -110.74264515557924, 32.144537103140486 ], [ -110.74262492478222, 32.146299303759804 ], [ -110.742624374322773, 32.146347296433284 ], [ -110.743652061604976, 32.147270513979734 ], [ -110.744712108977168, 32.148222884472034 ], [ -110.74471224253233, 32.14822288480709 ], [ -110.744712762997779, 32.14822288421631 ], [ -110.744712978151412, 32.148222886208877 ], [ -110.744713119044917, 32.148222892924544 ], [ -110.746839250836132, 32.148221358409231 ], [ -110.746840127464537, 32.148221357494918 ], [ -110.746936180761438, 32.148221054111985 ], [ -110.746937057412879, 32.148221051393634 ], [ -110.747867558609371, 32.148218433268632 ], [ -110.747876801053735, 32.148218406808581 ], [ -110.747876759107498, 32.148222026276727 ], [ -110.74786417684993, 32.149302645176604 ], [ -110.747855523475934, 32.15004402946002 ], [ -110.747845286539913, 32.150877824348932 ], [ -110.747834108136828, 32.151848641820628 ], [ -110.747834107216164, 32.151848713956696 ], [ -110.747824812331601, 32.151848750745671 ], [ -110.746854730460655, 32.151852622670724 ], [ -110.746853853947201, 32.151852611862196 ], [ -110.746757668504145, 32.151859642287732 ], [ -110.746756833315942, 32.151859715728634 ], [ -110.746665624304939, 32.151859893270576 ], [ -110.746664747618709, 32.151859895986256 ], [ -110.746072312754251, 32.151861449116062 ], [ -110.746071436079646, 32.151861450925914 ], [ -110.744770178960593, 32.151864772327514 ], [ -110.744769302274676, 32.15186477503007 ], [ -110.744633260867388, 32.151865136500334 ], [ -110.744632384193039, 32.151865138300231 ], [ -110.743800445269116, 32.151867211818015 ], [ -110.743799568594909, 32.1518672136121 ], [ -110.743691395626755, 32.151867489688136 ], [ -110.743690518952562, 32.151867491481504 ], [ -110.743371920524496, 32.151868307314686 ], [ -110.74337104383882, 32.151868310007551 ], [ -110.74283555767235, 32.15186968972926 ], [ -110.742834680986761, 32.151869692418387 ], [ -110.74251931323542, 32.151870535171135 ], [ -110.742518436561454, 32.151870536956345 ], [ -110.74139367995393, 32.151873313135155 ], [ -110.741392803280178, 32.151873314912592 ], [ -110.740194942290941, 32.151876346517277 ], [ -110.740194065617402, 32.151876348286372 ], [ -110.739264789950056, 32.151878689964619 ], [ -110.739263913265091, 32.151878692628983 ], [ -110.738909369106935, 32.151879592009919 ], [ -110.738908492422041, 32.151879594671819 ], [ -110.738859690811381, 32.151879730221509 ], [ -110.738858814138084, 32.151879731981367 ], [ -110.738280854011379, 32.151881161496505 ], [ -110.73828050312315, 32.151881162737908 ], [ -110.738279977338181, 32.151881163252369 ], [ -110.738276478099579, 32.151881167639736 ], [ -110.738275601495999, 32.151881163985401 ], [ -110.738278942232654, 32.151824935044736 ], [ -110.738294462693162, 32.151563738980293 ], [ -110.738294675030687, 32.151560170708663 ], [ -110.738282762078455, 32.151560029109476 ], [ -110.737197186237694, 32.15154711320946 ], [ -110.737196309730507, 32.151547102334121 ], [ -110.737069178432975, 32.151545576396714 ], [ -110.737068301925845, 32.151545565520493 ], [ -110.735774562082483, 32.151530152046412 ], [ -110.73577368557595, 32.151530141161224 ], [ -110.735741045823687, 32.151529752686955 ], [ -110.735740169317168, 32.151529741801554 ], [ -110.73416316077946, 32.151510896883956 ], [ -110.734162957289499, 32.151510894080538 ], [ -110.734162926552301, 32.151510893793301 ], [ -110.734162079712164, 32.151510884075996 ], [ -110.734162692425301, 32.151514495218883 ], [ -110.734171087242686, 32.151563967341048 ], [ -110.734182117243805, 32.151616810686754 ], [ -110.734195575743556, 32.151669247465762 ], [ -110.734210655097144, 32.151721270130153 ], [ -110.734227759131826, 32.151772882452974 ], [ -110.734463065801819, 32.152316489698272 ], [ -110.734468163663593, 32.152328304980962 ], [ -110.734554606840291, 32.152546260018475 ], [ -110.734554986272556, 32.152548153746643 ], [ -110.734555862823314, 32.152548161935407 ], [ -110.734558109519966, 32.152548208174643 ], [ -110.734558633037153, 32.152548219377991 ], [ -110.734558985931073, 32.152548227183743 ], [ -110.736878271590797, 32.152596454322655 ], [ -110.736879148014978, 32.152596472414011 ], [ -110.738219028683588, 32.152624274193592 ], [ -110.73823089909115, 32.152624520013987 ], [ -110.738230691381503, 32.152628057666583 ], [ -110.738197805784694, 32.153187534574379 ], [ -110.738165060660506, 32.153754836792707 ], [ -110.738116494332886, 32.15457856512586 ], [ -110.738063084836412, 32.155479352556235 ], [ -110.738059748619364, 32.155535615766937 ], [ -110.738060626364231, 32.155535615826679 ], [ -110.738064124763611, 32.155535605126836 ], [ -110.73806464961406, 32.155535596488633 ], [ -110.738065001541401, 32.155535597963144 ], [ -110.738656739403865, 32.155532426793002 ], [ -110.738657616146895, 32.155532422330275 ], [ -110.739022285913592, 32.15553041779706 ], [ -110.739023162656665, 32.155530413331782 ], [ -110.739997343703635, 32.155525230637878 ], [ -110.739998220446836, 32.155525226165842 ], [ -110.740035716587116, 32.155524973350282 ], [ -110.740036593168114, 32.155524981501756 ], [ -110.741499918744651, 32.155517205247783 ], [ -110.741500795488037, 32.15551720076536 ], [ -110.741674007812904, 32.155516244636466 ], [ -110.741674884556303, 32.155516240152814 ], [ -110.742398233629942, 32.155512316656164 ], [ -110.742399110373441, 32.155512312167481 ], [ -110.742904342789757, 32.155509625895398 ], [ -110.742905219533313, 32.155509621403233 ], [ -110.74316727397489, 32.15550974074776 ], [ -110.743168150660736, 32.155509740762255 ], [ -110.744221418422569, 32.155510493064874 ], [ -110.744517933541516, 32.155505845440665 ], [ -110.745007141933328, 32.155498265135762 ], [ -110.745008018515634, 32.155498273252789 ], [ -110.745018855411942, 32.155498213980778 ], [ -110.745019732155768, 32.155498209473954 ], [ -110.745585149406153, 32.155495124680712 ], [ -110.74558602615005, 32.155495120169952 ], [ -110.746678152149727, 32.155489259623501 ], [ -110.746679028893766, 32.155489255105167 ], [ -110.748694111731197, 32.155478163605252 ], [ -110.748694988475492, 32.155478159072956 ], [ -110.748887588717437, 32.155477115010292 ], [ -110.748888465461746, 32.155477110476639 ], [ -110.750920495963484, 32.155466019066033 ], [ -110.750929801993195, 32.155465968630352 ], [ -110.750929755800399, 32.155469597076149 ], [ -110.750918182278539, 32.15637867687019 ], [ -110.750912838608457, 32.156798398883559 ], [ -110.750912123363889, 32.156854577563529 ], [ -110.750912999995478, 32.156854582934841 ], [ -110.750916330692647, 32.156854592880258 ], [ -110.750916856484864, 32.156854594117327 ], [ -110.750917207370179, 32.156854594644734 ], [ -110.752424675481322, 32.156857859332192 ], [ -110.75242555215921, 32.156857861086273 ], [ -110.754930789878344, 32.156863113431314 ], [ -110.754931666556914, 32.156863115168001 ], [ -110.755019090471237, 32.156863298289267 ], [ -110.755027722617498, 32.156863316217176 ], [ -110.755027720363813, 32.156866919818782 ], [ -110.75502680132773, 32.158177527756713 ], [ -110.755026199377568, 32.159084510251176 ], [ -110.75502437681476, 32.16261177658491 ], [ -110.755024330864416, 32.162701533874504 ], [ -110.75502441088129, 32.162782951510522 ], [ -110.755024411037397, 32.16278302275466 ], [ -110.755015071193029, 32.162783005535097 ], [ -110.753989346638804, 32.162781101670504 ], [ -110.753988469903803, 32.162781099926001 ], [ -110.751823966021874, 32.162777074067044 ], [ -110.751823089287427, 32.16277707230747 ], [ -110.748611645579501, 32.162770907693698 ], [ -110.748610768845907, 32.162770905911898 ], [ -110.746510086145392, 32.162766949058359 ], [ -110.74651004480387, 32.16276694867598 ], [ -110.746509209493041, 32.162766940950107 ], [ -110.746509222924061, 32.162770451802665 ], [ -110.74650975430751, 32.162913915014244 ], [ -110.746511049059393, 32.163223413957304 ], [ -110.746514209908497, 32.163924104406071 ], [ -110.746518495853564, 32.164789555964347 ], [ -110.746520347086076, 32.165276694821003 ], [ -110.746525203600342, 32.166318668970348 ], [ -110.746528595390643, 32.167032847719817 ], [ -110.746528828600916, 32.167101433033501 ], [ -110.746529019430753, 32.167157659621722 ], [ -110.746529896194346, 32.167157662320633 ], [ -110.746533169153238, 32.167157656522065 ], [ -110.746533695038579, 32.167157655073652 ], [ -110.746534045985982, 32.16715765381074 ], [ -110.747339361955511, 32.167154941262048 ], [ -110.747340238788397, 32.16715493854516 ], [ -110.748657263695904, 32.167150641886984 ], [ -110.748665559168941, 32.167150614769632 ], [ -110.748665578694684, 32.167154235697325 ], [ -110.748670084268142, 32.168014556905945 ], [ -110.748670378270731, 32.168070776338233 ], [ -110.748671255032107, 32.168070779924214 ], [ -110.748674520581602, 32.168070775805887 ], [ -110.748675046460932, 32.168070775250392 ], [ -110.748675397412001, 32.168070773981604 ], [ -110.749403159905498, 32.168068960100975 ], [ -110.749404036736038, 32.168068958271647 ], [ -110.750210672906235, 32.168067045944682 ], [ -110.750211549736918, 32.168067044109797 ], [ -110.750607764584998, 32.168066067884375 ], [ -110.750608641415766, 32.168066066046741 ], [ -110.750802724480096, 32.168065557963857 ], [ -110.750810956353462, 32.168065536433446 ], [ -110.750810979177899, 32.168069154686485 ], [ -110.750821073255352, 32.169649645009464 ], [ -110.7508215477324, 32.169739239203793 ], [ -110.750822576301374, 32.169889123266991 ], [ -110.750822962016031, 32.169945319193644 ], [ -110.750823838784427, 32.169945323666823 ], [ -110.750827098987031, 32.169945328462596 ], [ -110.750827624877417, 32.169945327898425 ], [ -110.750827975812896, 32.169945328427254 ], [ -110.751676514213955, 32.169945631931618 ], [ -110.751677391039976, 32.16994563189035 ], [ -110.752317183444347, 32.169945861716506 ], [ -110.752318060270511, 32.169945861670826 ], [ -110.752903722629171, 32.169946105219736 ], [ -110.752904599455476, 32.169946105170006 ], [ -110.753508037116717, 32.16994625152887 ], [ -110.753508913943165, 32.169946251474947 ], [ -110.753893812552931, 32.169946362220685 ], [ -110.753894689379479, 32.16994636216409 ], [ -110.754233941005978, 32.169946481546667 ], [ -110.754234817832597, 32.169946481487685 ], [ -110.754896423873817, 32.169946726464914 ], [ -110.754897300700577, 32.169946726401342 ], [ -110.755616672218324, 32.169946983177802 ], [ -110.755617549045255, 32.169946983109263 ], [ -110.755640909952689, 32.169946948619803 ], [ -110.75564178679106, 32.169946947649386 ], [ -110.75570278057684, 32.169947550722789 ], [ -110.755711719477191, 32.169947639072106 ], [ -110.755711697422868, 32.169951216332848 ], [ -110.755668744955386, 32.176951801931736 ], [ -110.755668400582863, 32.1770079352126 ], [ -110.755669277385948, 32.177007942358841 ], [ -110.755672585302122, 32.177007967310914 ], [ -110.755673111176506, 32.177007971236037 ], [ -110.755673462116633, 32.177007973555469 ], [ -110.755767439037172, 32.17700865936564 ], [ -110.755768315851725, 32.177008665609506 ], [ -110.758579066874447, 32.177010890071116 ], [ -110.758587638514399, 32.177010896407147 ], [ -110.758587640558645, 32.177014504548161 ], [ -110.75858766865413, 32.177078044190061 ], [ -110.758587693243399, 32.177134237694922 ], [ -110.758588570082807, 32.177134242115869 ], [ -110.758591853873057, 32.177134246931033 ], [ -110.758592379794351, 32.177134247237213 ], [ -110.758592730758124, 32.177134247745123 ], [ -110.760398755768435, 32.177135094317521 ], [ -110.760399632653915, 32.177135095119105 ], [ -110.761573848644858, 32.177143354597717 ], [ -110.761583140587362, 32.177143419613486 ], [ -110.761583141486696, 32.177143348379076 ], [ -110.761584770539201, 32.177014313983427 ], [ -110.761584814799789, 32.177010808167715 ], [ -110.76158564918488, 32.177010815787384 ], [ -110.761585691593282, 32.177010816174665 ], [ -110.762671924579934, 32.177012234265973 ], [ -110.762674753332007, 32.177012167188089 ], [ -110.762675630125869, 32.177012175187478 ], [ -110.762945419123881, 32.177012581094452 ], [ -110.762946295997409, 32.177012582780073 ], [ -110.76294784284427, 32.177012596889369 ], [ -110.762948719638217, 32.177012604886869 ], [ -110.763959409721096, 32.177013837775895 ], [ -110.763960286606249, 32.177013838552774 ], [ -110.764177239698029, 32.177015980556646 ], [ -110.76418561422382, 32.17701606317425 ], [ -110.764185628548731, 32.177019639866955 ], [ -110.76418587665087, 32.177081595290197 ], [ -110.764186101976819, 32.177137698687055 ], [ -110.764186978772344, 32.177137706676021 ], [ -110.764190250496441, 32.177137743700811 ], [ -110.764190776350333, 32.177137749393943 ], [ -110.764191127269243, 32.177137753493156 ], [ -110.765229857334873, 32.177149435663914 ], [ -110.76523073410813, 32.177149445449047 ], [ -110.766168995660109, 32.177159957277922 ], [ -110.766169872433764, 32.177159967056539 ], [ -110.768444740348784, 32.177185532564287 ], [ -110.768444781697141, 32.177185532939639 ], [ -110.769729982664529, 32.177140756429004 ], [ -110.769730859461774, 32.177140764379544 ], [ -110.772945044782062, 32.177142378082237 ], [ -110.772954488076252, 32.177142382308055 ], [ -110.772954434484319, 32.177145990855415 ], [ -110.77295013253881, 32.177434482419891 ], [ -110.772945037126377, 32.179231661779291 ], [ -110.772943469286162, 32.179647904470357 ], [ -110.772941834556349, 32.180198748389927 ], [ -110.772941465150325, 32.180389865834108 ], [ -110.772941030056558, 32.180392352689552 ], [ -110.772943033250115, 32.180652209246254 ], [ -110.772943251591258, 32.180860941569094 ], [ -110.772943537639776, 32.180902689683585 ], [ -110.772944329378944, 32.182681196222724 ], [ -110.772944570514099, 32.183146588164 ], [ -110.772944847735857, 32.183544465775924 ], [ -110.772944769816334, 32.183841497482547 ], [ -110.772933903653509, 32.184096598631236 ], [ -110.772933870357988, 32.184099261363599 ], [ -110.77293424103533, 32.184101927749289 ], [ -110.772934207739794, 32.184104590481674 ], [ -110.772934949105817, 32.184109922351283 ], [ -110.772932464272927, 32.184373260629499 ], [ -110.77293176809377, 32.1881815433631 ], [ -110.772931768263234, 32.188181614607295 ], [ -110.772922430833418, 32.188181533766091 ], [ -110.772586292838028, 32.188178630324309 ], [ -110.772440876572588, 32.188175682425332 ], [ -110.771206294022448, 32.188163475231754 ], [ -110.770870582209824, 32.188160090427274 ], [ -110.770052106259058, 32.188151984934677 ], [ -110.76946635223895, 32.188146244300214 ], [ -110.76946551776129, 32.188146235828505 ], [ -110.769465496104516, 32.188149822110887 ], [ -110.769462249730609, 32.18869663372049 ], [ -110.769458928763754, 32.18925123980928 ], [ -110.769456111889767, 32.18976565156985 ], [ -110.76945456557398, 32.189985533638101 ], [ -110.769452509358999, 32.190374885445408 ], [ -110.76945095004767, 32.190595798137934 ], [ -110.769446544370936, 32.191333440731697 ], [ -110.769444753059119, 32.191669453119047 ], [ -110.769444580651182, 32.191683195057173 ], [ -110.7694435159477, 32.191765606731337 ], [ -110.769443515133176, 32.191765671653876 ], [ -110.769434222130656, 32.191765655882996 ], [ -110.768413261216793, 32.1917639338523 ], [ -110.768412426615853, 32.191763932586468 ], [ -110.768409500746458, 32.191763927661917 ], [ -110.768408974751026, 32.191763926492889 ], [ -110.768404766753633, 32.19176391984589 ], [ -110.768405460588539, 32.191707738317696 ], [ -110.768405741417652, 32.191685037038546 ], [ -110.768405784811776, 32.191681496948277 ], [ -110.768405785627039, 32.191681432025746 ], [ -110.768396488394146, 32.19168141614027 ], [ -110.767389647652962, 32.191679732909073 ], [ -110.767388808811489, 32.191679731597958 ], [ -110.767388971488771, 32.191683241997062 ], [ -110.76739261715332, 32.191762162266755 ], [ -110.76739262057886, 32.191762227227798 ], [ -110.767383119735456, 32.191762210318991 ], [ -110.76707706283625, 32.191761678362425 ], [ -110.76631503662118, 32.191760417312885 ], [ -110.765694021502952, 32.191759405346509 ], [ -110.765405535537695, 32.191758840792154 ], [ -110.76425246142675, 32.191756921191903 ], [ -110.764251587592682, 32.191756919541092 ], [ -110.764026056119349, 32.191614867085185 ], [ -110.764025903353115, 32.1916147872358 ], [ -110.763366698478691, 32.19130966207144 ], [ -110.763283118621487, 32.191272994462686 ], [ -110.763198294316069, 32.191238892803483 ], [ -110.763142885223573, 32.19121781001877 ], [ -110.763086472897228, 32.191198747116715 ], [ -110.763029159769388, 32.191181738397198 ], [ -110.763021937309318, 32.19117975888016 ], [ -110.763014701704137, 32.19117781260951 ], [ -110.763007569492714, 32.191175908764706 ], [ -110.763007455086026, 32.191175898702944 ], [ -110.762947904969906, 32.191165228157374 ], [ -110.762887814774245, 32.191156262476227 ], [ -110.762827298925231, 32.191149009917233 ], [ -110.762766356315922, 32.19114355794455 ], [ -110.762705796040166, 32.191139827367692 ], [ -110.762644810089569, 32.191137810813359 ], [ -110.76258380138205, 32.191137597629421 ], [ -110.762522770995218, 32.191139102154288 ], [ -110.762461905699368, 32.191142314369138 ], [ -110.762461719917695, 32.191142329807711 ], [ -110.762401883504438, 32.191147290062077 ], [ -110.762401048090965, 32.191147353679078 ], [ -110.762340759569042, 32.191154104367008 ], [ -110.762280448261237, 32.19116265932724 ], [ -110.762220520352159, 32.191172849121507 ], [ -110.762160974745825, 32.191184760313462 ], [ -110.762102215441615, 32.191198396592178 ], [ -110.7620438395154, 32.191213668608363 ], [ -110.761986249885311, 32.191230665712965 ], [ -110.761929447630209, 32.191249302245481 ], [ -110.761873028744503, 32.191269574517577 ], [ -110.761869173678761, 32.191271098531608 ], [ -110.761817802324657, 32.191291403345573 ], [ -110.761762958187191, 32.191314953576175 ], [ -110.761709306510994, 32.191340060364929 ], [ -110.761656848364836, 32.191366638953568 ], [ -110.761429509862438, 32.191483357789032 ], [ -110.761362033972574, 32.191515295549046 ], [ -110.761293370975196, 32.191545247476448 ], [ -110.761223119045709, 32.191573037653349 ], [ -110.761216918463305, 32.191575290516177 ], [ -110.761152084031437, 32.191598844783435 ], [ -110.761080269184106, 32.191622411881269 ], [ -110.7610068654283, 32.191643816320976 ], [ -110.760933084770514, 32.191663070078889 ], [ -110.760858524305306, 32.191680082898657 ], [ -110.760783184026423, 32.19169485568073 ], [ -110.760707467943789, 32.19170739211701 ], [ -110.760630972069549, 32.19171768761187 ], [ -110.760554958375025, 32.191725576948073 ], [ -110.760554910612314, 32.191725580118607 ], [ -110.760479712758524, 32.191731179073201 ], [ -110.76047887733877, 32.191731242677356 ], [ -110.760167272359382, 32.19173767011651 ], [ -110.759623276606092, 32.191748928974825 ], [ -110.759512917157068, 32.19175306394218 ], [ -110.75940335588281, 32.191760245194416 ], [ -110.759402520462274, 32.191760308791451 ], [ -110.759292890596939, 32.191770729498856 ], [ -110.759183220486406, 32.191784327696837 ], [ -110.759074723206879, 32.191801029720324 ], [ -110.758964566386325, 32.191821151425067 ], [ -110.758855985294261, 32.191844466316333 ], [ -110.758747769001005, 32.191870876736701 ], [ -110.758641128426731, 32.191900479447398 ], [ -110.758535661726071, 32.191933099429356 ], [ -110.758431367816002, 32.191968821444867 ], [ -110.758423215849504, 32.191971908499717 ], [ -110.758329055760782, 32.19200756904015 ], [ -110.758227918648856, 32.19204924735287 ], [ -110.758128360477912, 32.192093860087034 ], [ -110.758031190326932, 32.192141329889893 ], [ -110.757935601274241, 32.192191562799707 ], [ -110.75784216998008, 32.192244578533291 ], [ -110.757811000849443, 32.192263552700254 ], [ -110.757779858853141, 32.192282560474688 ], [ -110.757748746111972, 32.192301601876018 ], [ -110.75765788508042, 32.19236132609003 ], [ -110.757569413124557, 32.192423821732199 ], [ -110.757483737540753, 32.19248883282183 ], [ -110.757400858304706, 32.192556361167938 ], [ -110.757320372504665, 32.192626316508886 ], [ -110.756888613148604, 32.193026586778245 ], [ -110.756852635385457, 32.193059756962938 ], [ -110.75680030980547, 32.193107550520772 ], [ -110.75674598372396, 32.193153780015891 ], [ -110.756689657140811, 32.193198445445731 ], [ -110.756631735176725, 32.193241463049198 ], [ -110.756572217809833, 32.193282834627617 ], [ -110.756511105041341, 32.193322560178757 ], [ -110.756448399069427, 32.193360466574447 ], [ -110.756384503907555, 32.193396557519463 ], [ -110.75631901661076, 32.193430745446918 ], [ -110.756251936117224, 32.193463114212314 ], [ -110.756184071540517, 32.193493585567367 ], [ -110.756114615935886, 32.193522067335486 ], [ -110.756044377342334, 32.193548566028831 ], [ -110.756043452760807, 32.19354888489692 ], [ -110.755973355763828, 32.193573081646178 ], [ -110.755901148279605, 32.193595524816459 ], [ -110.755827754882347, 32.193615896439411 ], [ -110.755753983624274, 32.19363420212796 ], [ -110.75575398779381, 32.193635377214846 ], [ -110.755755168252264, 32.193954607173566 ], [ -110.755755731542237, 32.194673997218437 ], [ -110.755757311876096, 32.196045180348705 ], [ -110.755758691034472, 32.197368516245398 ], [ -110.755760099255554, 32.198848614144701 ], [ -110.755765311068402, 32.199111344212071 ], [ -110.755765696632622, 32.200199729428817 ], [ -110.755766452114599, 32.202336549383688 ], [ -110.755766452238305, 32.202336790165738 ], [ -110.75576321624149, 32.202707645147704 ], [ -110.755763215451267, 32.202707707364709 ], [ -110.755753906065692, 32.202707726494054 ], [ -110.755575599059469, 32.202708091129665 ], [ -110.755574763266623, 32.202708092472143 ], [ -110.755574761552666, 32.202711567096358 ], [ -110.755574521668734, 32.2031832276354 ], [ -110.7555746352527, 32.203995749630351 ], [ -110.755574459945436, 32.205414733552097 ], [ -110.755574602260367, 32.206071499222389 ], [ -110.755574491625566, 32.206249346833005 ], [ -110.755574457252777, 32.206305565674285 ], [ -110.755578623689388, 32.206305556143711 ], [ -110.75557914980098, 32.206305554662933 ], [ -110.755662383164548, 32.206305356834164 ], [ -110.75567104380427, 32.206305336268038 ], [ -110.755671040142147, 32.20630896417866 ] ] ], [ [ [ -110.857962258249728, 32.141343329892585 ], [ -110.857936496833133, 32.13407920742759 ], [ -110.85799359907935, 32.122024247145049 ], [ -110.857993668845339, 32.122009485740307 ], [ -110.857995172931567, 32.121691711095359 ], [ -110.857989847723601, 32.12139408203452 ], [ -110.857989580361462, 32.121379149167829 ], [ -110.85796388566402, 32.119943063052155 ], [ -110.857949250866611, 32.114842366737321 ], [ -110.857949012262765, 32.114759217205076 ], [ -110.857951184523614, 32.114662922058812 ], [ -110.857951185371164, 32.114662665045223 ], [ -110.857951200913263, 32.114654342214671 ], [ -110.857947612965773, 32.114652052236394 ], [ -110.857943644999864, 32.114649453361253 ], [ -110.854874035885359, 32.112744194445739 ], [ -110.85363695540866, 32.111970688403453 ], [ -110.85274729263196, 32.11138734971756 ], [ -110.849763859867863, 32.109519199592135 ], [ -110.848077612599809, 32.108480980817205 ], [ -110.84713785615935, 32.107889536699737 ], [ -110.845822019367034, 32.107043907074889 ], [ -110.842086514581467, 32.104715710112643 ], [ -110.841728597925879, 32.10470540298067 ], [ -110.841436000549479, 32.10469694897067 ], [ -110.841257066859669, 32.104691779039634 ], [ -110.841032863378416, 32.1046852738382 ], [ -110.841032507514484, 32.104685262699199 ], [ -110.841032549055441, 32.104685334296313 ], [ -110.841032023528612, 32.104685335243659 ], [ -110.839423239925608, 32.104687777263699 ], [ -110.838822410294185, 32.104688682006341 ], [ -110.83882206383818, 32.104688681763129 ], [ -110.838821545727413, 32.104688682764419 ], [ -110.83882131108048, 32.104688544591646 ], [ -110.838711494013921, 32.104624353121558 ], [ -110.838678512154232, 32.10460365323982 ], [ -110.838604101871454, 32.10455695276206 ], [ -110.838538414752591, 32.10451267125088 ], [ -110.838499571628503, 32.104486485218906 ], [ -110.838448119396588, 32.104449387047787 ], [ -110.83839769995798, 32.104413032637702 ], [ -110.838364894590541, 32.104387605003737 ], [ -110.83830377240109, 32.104340228396481 ], [ -110.838299093876358, 32.104336601997296 ], [ -110.838204703412089, 32.104258484693609 ], [ -110.838203345622119, 32.104257361179691 ], [ -110.838152127870174, 32.104211873398036 ], [ -110.838111061222605, 32.104175401026041 ], [ -110.838058090064308, 32.104125228620013 ], [ -110.838021835033075, 32.104090889435689 ], [ -110.837936271902649, 32.104003746795421 ], [ -110.837893916800269, 32.103957566046446 ], [ -110.837854168591676, 32.103914227499779 ], [ -110.83780726333741, 32.103859280091427 ], [ -110.837775726359084, 32.103822335073509 ], [ -110.837738748201119, 32.103775807786143 ], [ -110.837700943195415, 32.103728239951216 ], [ -110.83766505269692, 32.103679414136963 ], [ -110.837630221714079, 32.103632031243066 ], [ -110.837586780668943, 32.103568397123802 ], [ -110.837563157251438, 32.103533792984699 ], [ -110.837488604859487, 32.103420114753874 ], [ -110.836599938490366, 32.102065042605197 ], [ -110.836590036118807, 32.102050503690172 ], [ -110.836540016060212, 32.101977063468425 ], [ -110.836528910813215, 32.101960757532929 ], [ -110.836518592535398, 32.101946630806957 ], [ -110.836457996751619, 32.101863664550059 ], [ -110.836454226467424, 32.101858501904658 ], [ -110.836405829587079, 32.101796953424127 ], [ -110.836405811832606, 32.101796931628854 ], [ -110.836375480822852, 32.101758358837998 ], [ -110.836337073545479, 32.10171267118217 ], [ -110.836293077495426, 32.10166033267037 ], [ -110.836260925815168, 32.101624599501996 ], [ -110.836207013465554, 32.101564680389515 ], [ -110.83618367151567, 32.101540360114598 ], [ -110.836117491076863, 32.101471403714477 ], [ -110.83611214292867, 32.101466180701891 ], [ -110.83604747402731, 32.10140301876806 ], [ -110.836024508265183, 32.101380588293885 ], [ -110.835985022222474, 32.10134439386794 ], [ -110.835961234375517, 32.10132259035133 ], [ -110.835936627950971, 32.101300034936898 ], [ -110.835936252714063, 32.101299690844698 ], [ -110.835848471418942, 32.101223876465866 ], [ -110.835845145686037, 32.101221003725094 ], [ -110.835793308128657, 32.10117872652954 ], [ -110.835751587731238, 32.10114470079273 ], [ -110.835686073908263, 32.101094304928431 ], [ -110.835660076094157, 32.101074305083657 ], [ -110.835655380719828, 32.101070692873961 ], [ -110.828569846051167, 32.096621451922793 ], [ -110.828479135487655, 32.096564486172738 ], [ -110.825414017750944, 32.094639445374149 ], [ -110.825290888119767, 32.094562110806159 ], [ -110.823941038498276, 32.093714289480886 ], [ -110.82393687869795, 32.093711677079277 ], [ -110.82393666543318, 32.09361212634218 ], [ -110.823936663009349, 32.09361117309183 ], [ -110.823841440808053, 32.093550229583386 ], [ -110.823782716835481, 32.093512645266962 ], [ -110.82378267477614, 32.09351261875112 ], [ -110.823782626425626, 32.093512586770039 ], [ -110.823782367789221, 32.093512421308084 ], [ -110.823781842106655, 32.093512084900652 ], [ -110.823781827691548, 32.093520591695174 ], [ -110.823781748162574, 32.093567755574732 ], [ -110.823781747776081, 32.093567788037099 ], [ -110.823779213941364, 32.095072861157711 ], [ -110.823777506249399, 32.096086681811748 ], [ -110.823777154671134, 32.096295747970608 ], [ -110.823776456822557, 32.096710138642315 ], [ -110.823763942219159, 32.104578215929372 ], [ -110.823763733274319, 32.104709609862105 ], [ -110.823740610605896, 32.106619039160101 ], [ -110.823744257567597, 32.106621078995936 ], [ -110.823744789093396, 32.106621375774061 ], [ -110.826053955580406, 32.107913042818964 ], [ -110.826055423875133, 32.107913864400224 ], [ -110.826057373190295, 32.107914954358556 ], [ -110.826057463712033, 32.107915004738466 ], [ -110.82606041504792, 32.107916655242519 ], [ -110.828124145918537, 32.109070494409508 ], [ -110.834060190726674, 32.112389011233915 ], [ -110.838259283545369, 32.114735705798154 ], [ -110.839472880631675, 32.115413885773982 ], [ -110.839472880340949, 32.1154151735768 ], [ -110.839472744080993, 32.11568326317073 ], [ -110.839472162108777, 32.118637230241561 ], [ -110.83947218130497, 32.118838116203506 ], [ -110.839472181951535, 32.118841218483404 ], [ -110.841482468548591, 32.119969152054615 ], [ -110.841417862963539, 32.120592862209314 ], [ -110.836824833484627, 32.118017892219477 ], [ -110.836836877428809, 32.126581502749985 ], [ -110.836837312108358, 32.127928755259262 ], [ -110.836837445343733, 32.128342082314269 ], [ -110.836837491269918, 32.128483566900883 ], [ -110.83683760935989, 32.128853191486265 ], [ -110.836837722702427, 32.129202793754153 ], [ -110.836836165183101, 32.129268434926885 ], [ -110.836831451834968, 32.129333966211313 ], [ -110.836823592403519, 32.129399279471464 ], [ -110.836819776710669, 32.129424056049885 ], [ -110.836815508064547, 32.129448778262152 ], [ -110.836810787577676, 32.12947344160861 ], [ -110.836809283614102, 32.129480828229873 ], [ -110.836808258054162, 32.129485748841233 ], [ -110.836807214500681, 32.129490667495453 ], [ -110.836806152974901, 32.129495582389055 ], [ -110.836795793189495, 32.129539687808752 ], [ -110.836783984595272, 32.129583528357649 ], [ -110.836770736071486, 32.129627069841909 ], [ -110.83676932278378, 32.129631437033702 ], [ -110.836767894692144, 32.129635801393697 ], [ -110.836766451807236, 32.129640162020181 ], [ -110.836764230873882, 32.129646784993696 ], [ -110.836761217852839, 32.129655602557811 ], [ -110.836758145658592, 32.12966440518786 ], [ -110.836755014291114, 32.129673192883835 ], [ -110.836751016880015, 32.129684155601062 ], [ -110.836746926491486, 32.129695094077626 ], [ -110.836742745266108, 32.129706006528046 ], [ -110.836741020764251, 32.129710432388343 ], [ -110.836739281479709, 32.129714853613407 ], [ -110.836737527412453, 32.129719270203218 ], [ -110.836732722188955, 32.129731153101396 ], [ -110.836727808177343, 32.129743004409306 ], [ -110.836722785398777, 32.129754822323477 ], [ -110.836703805710385, 32.129797081212537 ], [ -110.836683432640854, 32.129838867379569 ], [ -110.836661683526202, 32.129880148506174 ], [ -110.836611347917625, 32.129965456174467 ], [ -110.836555137749784, 32.130048065044335 ], [ -110.836493254628664, 32.130127683736021 ], [ -110.836386336913051, 32.130244827973669 ], [ -110.836267162321619, 32.130353068428377 ], [ -110.836136748552249, 32.130451481268892 ], [ -110.835996210925416, 32.130539223760884 ], [ -110.835846751627358, 32.130615547703592 ], [ -110.835842462794318, 32.130617507718163 ], [ -110.835838167709213, 32.130619458660966 ], [ -110.8358338663827, 32.130621399630307 ], [ -110.835833329401765, 32.130621640340948 ], [ -110.835829200831, 32.130623490799309 ], [ -110.835825067057286, 32.130625333096738 ], [ -110.835820928091238, 32.130627166331458 ], [ -110.835813770155653, 32.130630312092322 ], [ -110.835808990240551, 32.13063239506954 ], [ -110.835804203045569, 32.130634466260688 ], [ -110.835799408560078, 32.130636526567571 ], [ -110.835795197980019, 32.130638321313441 ], [ -110.835790981147952, 32.130640106987563 ], [ -110.835786760183254, 32.130641883608057 ], [ -110.835784314808862, 32.130642906135584 ], [ -110.835781098340931, 32.130644250342094 ], [ -110.835780491260039, 32.130644503981266 ], [ -110.835780419909213, 32.130644533132134 ], [ -110.835776744562438, 32.130646055588294 ], [ -110.835774210913712, 32.130647104416582 ], [ -110.835769743374868, 32.130648940254908 ], [ -110.835765270664922, 32.13065076522706 ], [ -110.83576079276267, 32.130652581136509 ], [ -110.835740692500963, 32.130660576399464 ], [ -110.835720482279044, 32.130668369613915 ], [ -110.835700166346442, 32.130675959914264 ], [ -110.835696043888603, 32.130677471335403 ], [ -110.835691916227873, 32.13067897459559 ], [ -110.83568778549423, 32.1306804688112 ], [ -110.835680865374741, 32.130682949247053 ], [ -110.835673932814956, 32.130685406128947 ], [ -110.835666989934325, 32.13068783947493 ], [ -110.835662923749709, 32.130689252175152 ], [ -110.835658854470964, 32.130690657634212 ], [ -110.835654781059603, 32.130692054039656 ], [ -110.835637406464429, 32.130697904582682 ], [ -110.83561996470948, 32.130703608454617 ], [ -110.835602456865146, 32.130709164762742 ], [ -110.835595046043707, 32.130711466049746 ], [ -110.835587623873636, 32.130713741086574 ], [ -110.835580191414635, 32.130715989882226 ], [ -110.835575810606585, 32.130717300692204 ], [ -110.835571426725664, 32.130718602457556 ], [ -110.835567038712171, 32.130719895169271 ], [ -110.835562808204358, 32.130721132411189 ], [ -110.835558574623676, 32.130722360608523 ], [ -110.835554337959508, 32.130723580662973 ], [ -110.835406806169289, 32.130760253003928 ], [ -110.835256254001706, 32.130786578920059 ], [ -110.835103682996277, 32.130802381183358 ], [ -110.834950105479905, 32.130807556612027 ], [ -110.834502322700871, 32.130807100378981 ], [ -110.834496407010619, 32.13080708678109 ], [ -110.834490492571703, 32.130807056960847 ], [ -110.83448457726476, 32.130807010900106 ], [ -110.834331024689021, 32.130800288958916 ], [ -110.834178626689919, 32.130782942424339 ], [ -110.834028396185658, 32.130755087281059 ], [ -110.833881332575544, 32.130716907039258 ], [ -110.833738415327062, 32.130668657188835 ], [ -110.833600592392145, 32.13061065878685 ], [ -110.833639600543904, 32.130639820161655 ], [ -110.833773396083487, 32.130746903585184 ], [ -110.833902842070245, 32.130857789621629 ], [ -110.834027789495693, 32.130972352558359 ], [ -110.834145503849442, 32.131087916766418 ], [ -110.834148093672795, 32.131090459505167 ], [ -110.83426361632354, 32.131211973117637 ], [ -110.83437422448722, 32.131336754293095 ], [ -110.834479789492804, 32.131464659456292 ], [ -110.834553872932062, 32.131561233974146 ], [ -110.834580191187086, 32.131595541497298 ], [ -110.834675312657595, 32.131729247922742 ], [ -110.834765043358445, 32.131865625391484 ], [ -110.834849282332272, 32.132004516134863 ], [ -110.834927929689997, 32.132145761491081 ], [ -110.835000897271925, 32.132289196585226 ], [ -110.835068099025307, 32.132434657461772 ], [ -110.835129457415988, 32.132581976630021 ], [ -110.835184903428498, 32.132730983064071 ], [ -110.83519583008021, 32.13276423278699 ], [ -110.835234371235728, 32.132881504862809 ], [ -110.835838534248694, 32.132952311309388 ], [ -110.840659412493991, 32.133517202889735 ], [ -110.841153932621935, 32.133575138008467 ], [ -110.841154038870641, 32.133575115463849 ], [ -110.84115371077543, 32.133579411662289 ], [ -110.841130633500356, 32.133732964529393 ], [ -110.841313163378402, 32.133738072123592 ], [ -110.841678387436176, 32.133748291525464 ], [ -110.841867034920327, 32.133753570217948 ], [ -110.841911946962895, 32.133754826329721 ], [ -110.843143341705911, 32.133788811546985 ], [ -110.8432323513196, 32.133791284378752 ], [ -110.843592627681645, 32.133801125333832 ], [ -110.844237492313368, 32.133818867917668 ], [ -110.844238356871031, 32.133818891475343 ], [ -110.844936447004471, 32.133838194283882 ], [ -110.84522325548366, 32.133846119833414 ], [ -110.845320337412176, 32.133848830872594 ], [ -110.846024339346357, 32.133868274216248 ], [ -110.846377148502583, 32.133877957515871 ], [ -110.847034931921314, 32.133896059324286 ], [ -110.847432749241889, 32.133907065117086 ], [ -110.847524989269118, 32.133909562219763 ], [ -110.848479673567681, 32.133935832780267 ], [ -110.849564533862932, 32.133965780062333 ], [ -110.849577458783671, 32.133966137023926 ], [ -110.849577451958197, 32.13396963604032 ], [ -110.849577050791325, 32.134182772250078 ], [ -110.849571082857238, 32.134686944768333 ], [ -110.84956894377369, 32.1348708355127 ], [ -110.849558196550674, 32.135775598924354 ], [ -110.849561140133559, 32.137522916249118 ], [ -110.849561234388545, 32.137578896784909 ], [ -110.849561759936904, 32.137578910233948 ], [ -110.849565393246735, 32.137579000385998 ], [ -110.849565918795108, 32.137579013835001 ], [ -110.850172841330973, 32.137594101573818 ], [ -110.850738024034911, 32.137608053918704 ], [ -110.85130300463031, 32.13762208771314 ], [ -110.851868187828202, 32.137636035018147 ], [ -110.852436398088884, 32.137650090925796 ], [ -110.85257850129527, 32.137653605155528 ], [ -110.852579377739062, 32.137653612523785 ], [ -110.853808083184376, 32.137677019923977 ], [ -110.853820775751842, 32.137677261779899 ], [ -110.853820783398007, 32.137680806009314 ], [ -110.853823076385964, 32.138784524211225 ], [ -110.853823965377714, 32.139334540008683 ], [ -110.853821422531027, 32.139884442169922 ], [ -110.853818881620398, 32.140434257725808 ], [ -110.853815249469207, 32.14119992796914 ], [ -110.853815222258405, 32.141209400486503 ], [ -110.853815053552552, 32.141268988809536 ], [ -110.853815579175517, 32.141268997732674 ], [ -110.853815930031274, 32.141268996169956 ], [ -110.853819228934327, 32.141269053633337 ], [ -110.853819754557293, 32.141269062556475 ], [ -110.853820105318903, 32.141269069109349 ], [ -110.855765797166669, 32.141302012266209 ], [ -110.855766322790245, 32.141302021181239 ], [ -110.855766673562727, 32.141302026826992 ], [ -110.856304245613202, 32.141313618307613 ], [ -110.856304771205657, 32.141313629925641 ], [ -110.856305121957391, 32.141313637373379 ], [ -110.857962258249728, 32.141343329892585 ] ] ] ] } }
]
}
